{
  "metrics": {
    "train": {
      "loss": 312.81405571831596,
      "tau": 5.0,
      "pdiff_z1z2": 0.01575607963734203,
      "pdiff_z0z3": 0.015525326339734925,
      "pdiff_z0z1": 0.03458155476384693,
      "pdiff_z0z2": 0.024696314417653614,
      "kl_z0": 102.9975106133355,
      "kl_z1": 102.27069837782118,
      "kl_a_z0": 51.7479287677341,
      "kl_a_z1": 52.636180602179635,
      "kl_z1z2": 50.1266471862793,
      "kl_z0z3": 51.08991317749023,
      "x0y0": 19.591228527492948,
      "x1y1": 19.254584630330402,
      "x0y3": 6649.47275390625,
      "x1y2": 6576.103949652777,
      "elbo": 3515.6588324652776
    },
    "test": {
      "loss": 383.1397399902344,
      "tau": 5.0,
      "pdiff_z1z2": 0.019273970276117325,
      "pdiff_z0z3": 0.019040007144212723,
      "pdiff_z0z1": 0.03779040277004242,
      "pdiff_z0z2": 0.02539806254208088,
      "kl_z0": 102.77986907958984,
      "kl_z1": 101.9677505493164,
      "kl_a_z0": 32.573036193847656,
      "kl_a_z1": 33.44636535644531,
      "kl_z1z2": 61.490501403808594,
      "kl_z0z3": 62.36841583251953,
      "x0y0": 19.842243194580078,
      "x1y1": 19.180068969726562,
      "x0y3": 6973.55615234375,
      "x1y2": 6855.1474609375,
      "elbo": 3652.791015625
    }
  },
  "sae": {
    "mse": {
      "vanilla": {
        "train": 0.00016860162258343044,
        "test": 0.00016936767374669252
      },
      "gaussian": {
        "train": 0.00018352822816487132,
        "test": 0.000182392428428206
      }
    },
    "activation": {
      "train": 0.11017296463251114,
      "test": 0.11020666360855103
    },
    "ever_1": {
      "train": 282.0,
      "test": 281.0
    },
    "ever_0": {
      "train": 300.0,
      "test": 300.0
    },
    "effective": {
      "train": 282.0,
      "test": 281.0
    },
    "variance": {
      "gaussian": {
        "train": {
          "max": 0.25,
          "min": 0.0,
          "mean": 0.0019800856243819,
          "median": 0.0
        },
        "test": {
          "max": 0.25,
          "min": 0.0,
          "mean": 0.0020204666070640087,
          "median": 0.0
        }
      }
    }
  },
  "cycle_consistency": {
    "train": {
      "xs01": [
        0.0,
        0.00016860162047508125,
        0.00016860086938178464,
        0.0001686008695052447,
        0.00016860086954939747,
        0.0001686008695180991,
        0.0001686008694866551,
        0.00016860086941470885,
        0.00016860086942790942,
        0.00016860086955128997
      ],
      "xs12": [
        0.00016860162047508125,
        1.576594549357324e-10,
        9.36768147082013e-17,
        9.433064473414281e-17,
        9.335412162507701e-17,
        9.282401134899382e-17,
        9.375031466871031e-17,
        9.393956697541754e-17,
        9.404314984044388e-17,
        9.397045059076782e-17
      ],
      "xs13": [
        0.49026649622661916,
        9.060346201295033e-06,
        5.499377689344165e-11,
        5.499377689344165e-11,
        5.499377689344165e-11,
        5.499377689344165e-11,
        5.499377689344165e-11,
        5.499377689344165e-11,
        5.499377689344165e-11,
        5.499377689344165e-11
      ],
      "xs34": [
        0.4902617484697433,
        9.060219781531487e-06,
        9.309238182693053e-17,
        9.337850690953507e-17,
        9.318364962699718e-17,
        9.402584522202927e-17,
        9.345426341875513e-17,
        9.470939419301859e-17,
        9.3769008950554e-17,
        9.405878686274358e-17
      ],
      "zs01": [
        0.0,
        1.4814814903729712e-06,
        1.4814814903729712e-06,
        1.4814814903729712e-06,
        1.4814814903729712e-06,
        1.4814814903729712e-06,
        1.4814814903729712e-06,
        1.4814814903729712e-06,
        1.4814814903729712e-06,
        1.4814814903729712e-06
      ],
      "zs12": [
        1.4814814903729712e-06,
        0.0,
        0.0,
        0.0,
        0.0,
        0.0,
        0.0,
        0.0,
        0.0,
        0.0
      ],
      "zs13": [
        0.00513444421812892,
        3.703703725932428e-07,
        3.703703725932428e-07,
        3.703703725932428e-07,
        3.703703725932428e-07,
        3.703703725932428e-07,
        3.703703725932428e-07,
        3.703703725932428e-07,
        3.703703725932428e-07,
        3.703703725932428e-07
      ],
      "zs34": [
        0.00513407401740551,
        0.0,
        0.0,
        0.0,
        0.0,
        0.0,
        0.0,
        0.0,
        0.0,
        0.0
      ]
    },
    "test": {
      "xs01": [
        0.0,
        0.00016936767102382656,
        0.0001693621967018352,
        0.0001693621967018352,
        0.0001693621967018352,
        0.0001693621967018352,
        0.0001693621967018352,
        0.0001693621967018352,
        0.0001693621967018352,
        0.0001693621967018352
      ],
      "xs12": [
        0.00016936767102382656,
        5.985818951614874e-09,
        0.0,
        0.0,
        0.0,
        0.0,
        0.0,
        0.0,
        0.0,
        0.0
      ],
      "xs13": [
        0.4900523759952926,
        8.186622835637536e-06,
        0.0,
        0.0,
        0.0,
        0.0,
        0.0,
        0.0,
        0.0,
        0.0
      ],
      "xs34": [
        0.49004808081115314,
        8.186622835637536e-06,
        0.0,
        0.0,
        0.0,
        0.0,
        0.0,
        0.0,
        0.0,
        0.0
      ],
      "zs01": [
        0.0,
        3.333333370392211e-05,
        3.333333370392211e-05,
        3.333333370392211e-05,
        3.333333370392211e-05,
        3.333333370392211e-05,
        3.333333370392211e-05,
        3.333333370392211e-05,
        3.333333370392211e-05,
        3.333333370392211e-05
      ],
      "zs12": [
        3.333333370392211e-05,
        0.0,
        0.0,
        0.0,
        0.0,
        0.0,
        0.0,
        0.0,
        0.0,
        0.0
      ],
      "zs13": [
        0.006486666854470968,
        0.0,
        0.0,
        0.0,
        0.0,
        0.0,
        0.0,
        0.0,
        0.0,
        0.0
      ],
      "zs34": [
        0.006486666854470968,
        0.0,
        0.0,
        0.0,
        0.0,
        0.0,
        0.0,
        0.0,
        0.0,
        0.0
      ]
    }
  },
  "z1z2": {
    "mae": {
      "vanilla": {
        "train": 0.014905925840139389,
        "test": 0.018373332917690277
      },
      "gaussian": {
        "train": 0.02200148068368435,
        "test": 0.024013333022594452
      }
    },
    "match_prob": {
      "vanilla": {
        "train": 0.010741982609033585,
        "test": 0.0036751609295606613
      },
      "gaussian": {
        "train": 0.0012534406268969178,
        "test": 0.0006365753361023962
      }
    },
    "allmatch_prob": {
      "vanilla": {
        "train": 0.0,
        "test": 0.0
      },
      "gaussian": {
        "train": 0.0,
        "test": 0.0
      }
    },
    "xor": {
      "train": 0.0,
      "test": 0.0
    },
    "compiled_action": {
      "train": 24.0,
      "test": 24.0
    }
  },
  "kl_a_z0": {
    "train": 51.7479287677341,
    "test": 32.573036193847656
  },
  "x0y3": {
    "mse": {
      "vanilla": {
        "train": 0.05772112184149468,
        "test": 0.06053434793380758
      },
      "gaussian": {
        "train": 0.547622809468382,
        "test": 0.5496384202518899
      }
    }
  },
  "z0z3": {
    "mae": {
      "vanilla": {
        "train": 0.014669629745185375,
        "test": 0.018173333257436752
      },
      "gaussian": {
        "train": 0.02173111028969288,
        "test": 0.023453332483768463
      }
    },
    "match_prob": {
      "vanilla": {
        "train": 0.011497048661112785,
        "test": 0.0039038206450641155
      },
      "gaussian": {
        "train": 0.0013149939477443695,
        "test": 0.0007180764805525541
      }
    },
    "allmatch_prob": {
      "vanilla": {
        "train": 0.0,
        "test": 0.0
      },
      "gaussian": {
        "train": 0.0,
        "test": 0.0
      }
    },