{"loss": 4930.14453125, "tau": 0.5, "pdiff_z1z2": 0.0035427636466920376, "pdiff_z0z3": 0.0030960210133343935, "pdiff_z0z1": 0.0755709707736969, "pdiff_z0z2": 0.07712770253419876, "kl_z0": 297.8031005859375, "kl_z1": 296.58013916015625, "kl_a_z0": 66.1906967163086, "kl_a_z1": 61.242401123046875, "kl_z1z2": 1.379001498222351, "kl_z0z3": 1.6577259302139282, "x0y0": 22.313478469848633, "x1y1": 21.69208335876465, "x0y3": 21.973838806152344, "x1y2": 22.11919403076172, "elbo": 405.69476318359375, "epoch": 1199, "_timestamp": 1701692732.1245565, "_runtime": 3035.3205375671387, "_step": 1199, "_wandb": {"runtime": 3034}}