{"loss": 4110564.5, "tau": 2.471553325653076, "pdiff_z1z2": 0.03797197714447975, "pdiff_z0z3": 0.03496253862977028, "pdiff_z0z1": 0.03775502989689509, "pdiff_z0z2": 0.046416218082110085, "kl_z0": 102.32722727457683, "kl_z1": 102.31545003255208, "kl_a_z0": 43.110207875569664, "kl_a_z1": 43.5307420094808, "kl_z1z2": 50.18388748168945, "kl_z0z3": 54.329079945882164, "x0y0": 19.710895538330078, "x1y1": 19.410006205240887, "x0y3": 7898.529296875, "x1y2": 8434.833333333334, "elbo": 4284.451171875, "epoch": 307, "_timestamp": 1702507889.2564478, "_runtime": 939.3259148597717, "_step": 307}