{"loss": 15660.15625, "tau": 0.5, "pdiff_z1z2": 0.08782923966646194, "pdiff_z0z3": 0.08742304891347885, "pdiff_z0z1": 0.07878649979829788, "pdiff_z0z2": 0.07356978952884674, "kl_z0": 104.15815734863281, "kl_z1": 103.95254516601562, "kl_a_z0": 101.15399932861328, "kl_a_z1": 91.77007293701172, "kl_z1z2": 40.11175537109375, "kl_z0z3": 39.876190185546875, "x0y0": 4358.82177734375, "x1y1": 4195.31640625, "x0y3": 11972.6181640625, "x1y2": 12458.7314453125, "elbo": 12743.9560546875, "epoch": 1199, "_timestamp": 1701143006.7638924, "_runtime": 2859.6634793281555, "_step": 1199, "_wandb": {"runtime": 2858}}