{"loss": 539.3760375976562, "tau": 0.5, "pdiff_z1z2": 0.0024241777136921883, "pdiff_z0z3": 0.0078597292304039, "pdiff_z0z1": 0.036472566425800323, "pdiff_z0z2": 0.036452073603868484, "kl_z0": 63.95936584472656, "kl_z1": 63.561912536621094, "kl_a_z0": 19.07817268371582, "kl_a_z1": 16.92066192626953, "kl_z1z2": 1.1221988201141357, "kl_z0z3": 0.2839677929878235, "x0y0": 21.154674530029297, "x1y1": 17.855680465698242, "x0y3": 220.1746063232422, "x1y2": 87.09148406982422, "elbo": 188.18589782714844, "epoch": 1199, "_timestamp": 1702627445.6962266, "_runtime": 408.7553765773773, "_step": 1199, "_wandb": {"runtime": 407}}