{"loss": 513.5196533203125, "tau": 0.5, "pdiff_z1z2": 0.004188470542430878, "pdiff_z0z3": 0.01500022690743208, "pdiff_z0z1": 0.07574668526649475, "pdiff_z0z2": 0.07533100992441177, "kl_z0": 47.96797561645508, "kl_z1": 48.02682113647461, "kl_a_z0": 17.040607452392578, "kl_a_z1": 17.2277774810791, "kl_z1z2": 1.132603406906128, "kl_z0z3": 0.3093873858451843, "x0y0": 19.98273277282715, "x1y1": 14.910456657409668, "x0y3": 186.75064086914062, "x1y2": 60.13117218017578, "elbo": 153.38243103027344, "epoch": 1199, "_timestamp": 1702576231.9893672, "_runtime": 391.63184118270874, "_step": 1199, "_wandb": {"runtime": 390}}