{"loss": {"min": 620948.8125}, "tau": {"min": 0.5}, "pdiff_z1z2": {"min": 0.12812693417072296}, "pdiff_z0z3": {"min": 0.1277313530445099}, "pdiff_z0z1": {"min": 0.08686801046133041}, "pdiff_z0z2": {"min": 0.0805286094546318}, "kl_z0": {"min": 66.72566986083984}, "kl_z1": {"min": 67.35379028320312}, "kl_z1z2": {"min": 37.29115676879883}, "kl_z0z3": {"min": 37.73695755004883}, "x0y0": {"min": 9756.5546875}, "x1y1": {"min": 9385.7724609375}, "x0y3": {"min": 1191.5517578125}, "x1y2": {"min": 1152.23828125}, "elbo": {"min": 15207.3642578125}, "epoch": 1099, "_timestamp": 1700370457.043736, "_runtime": 3329.443917989731, "_step": 1099, "_wandb": {"runtime": 3331}}