{"loss": 870.0809936523438, "tau": 0.5, "pdiff_z1z2": 0.005995756946504116, "pdiff_z0z3": 0.01720402203500271, "pdiff_z0z1": 0.07784248888492584, "pdiff_z0z2": 0.07793793827295303, "kl_z0": 20.20291519165039, "kl_z1": 20.3585147857666, "kl_a_z0": 6.715334415435791, "kl_a_z1": 6.945691108703613, "kl_z1z2": 1.2847219705581665, "kl_z0z3": 0.40878260135650635, "x0y0": 46.2092170715332, "x1y1": 59.690914154052734, "x0y3": 520.2234497070312, "x1y2": 110.34529113769531, "elbo": 264.60186767578125, "epoch": 1199, "_timestamp": 1702576635.5724704, "_runtime": 392.7876093387604, "_step": 1199, "_wandb": {"runtime": 392}}