{"loss": 41464.44921875, "tau": 0.5, "pdiff_z1z2": 0.029800361022353172, "pdiff_z0z3": 0.029887961223721504, "pdiff_z0z1": 0.14034177362918854, "pdiff_z0z2": 0.1313060224056244, "kl_z0": 56.326751708984375, "kl_z1": 56.136966705322266, "kl_a_z0": 95.32244110107422, "kl_a_z1": 84.99087524414062, "kl_z1z2": 5.502763271331787, "kl_z0z3": 5.339137554168701, "x0y0": 5146.74072265625, "x1y1": 5315.66162109375, "x0y3": 11802.6181640625, "x1y2": 11639.0703125, "elbo": 13856.322265625, "epoch": 1199, "_timestamp": 1701299570.7331405, "_runtime": 2770.8419914245605, "_step": 1199, "_wandb": {"runtime": 2769}}