{"loss": 89863.5078125, "tau": 0.5, "pdiff_z1z2": 0.02616705372929573, "pdiff_z0z3": 0.0261783916503191, "pdiff_z0z1": 0.03653935715556145, "pdiff_z0z2": 0.03541746363043785, "kl_z0": 101.94466400146484, "kl_z1": 102.21672058105469, "kl_z1z2": 17.075029373168945, "kl_z0z3": 17.159072875976562, "x0y0": 19.346080780029297, "x1y1": 19.041215896606445, "x0y3": 6492.54541015625, "x1y2": 6422.04443359375, "elbo": 3368.0771484375, "epoch": 1999, "_timestamp": 1700475312.9218905, "_runtime": 3970.1844685077667, "_step": 1999, "_wandb": {"runtime": 3969}}