{"loss": 6355560.0, "tau": 5.0, "pdiff_z1z2": 0.20536190271377563, "pdiff_z0z3": 0.20474109053611755, "pdiff_z0z1": 0.16699793934822083, "pdiff_z0z2": 0.11067444086074829, "kl_z0": 218.53456115722656, "kl_z1": 218.5982208251953, "kl_a_z0": 88.43959045410156, "kl_a_z1": 85.95109558105469, "kl_z1z2": 161.5175018310547, "kl_z0z3": 162.6211395263672, "x0y0": 3158670.25, "x1y1": 3150291.25, "x0y3": 3224245.25, "x1y2": 3229604.75, "elbo": 6345570.5, "epoch": 1, "_timestamp": 1700823889.631635, "_runtime": 30.791435956954956, "_step": 1, "_wandb": {"runtime": 30}}