{"loss": 4163.4765625, "tau": 0.5023078918457031, "pdiff_z1z2": 0.06100993603467941, "pdiff_z0z3": 0.062465958297252655, "pdiff_z0z1": 0.09715945273637772, "pdiff_z0z2": 0.10463374853134155, "kl_z0": 51.07411575317383, "kl_z1": 51.58855438232422, "kl_a_z0": 64.3703842163086, "kl_a_z1": 98.84562683105469, "kl_z1z2": 12.836670875549316, "kl_z0z3": 13.048421859741211, "x0y0": 309.22259521484375, "x1y1": 285.7548522949219, "x0y3": 4908.841796875, "x1y2": 4991.9384765625, "elbo": 3060.8388671875, "epoch": 999, "_timestamp": 1700644251.9530897, "_runtime": 2306.0667707920074, "_step": 999, "_wandb": {"runtime": 2305}}