{"loss": 537.0513793945313, "tau": 0.5, "pdiff_z1z2": 0.00042194998823106287, "pdiff_z0z3": 0.0026844842359423637, "pdiff_z0z1": 0.007200255431234837, "pdiff_z0z2": 0.007310194429010153, "kl_z0": 97.67556457519531, "kl_z1": 97.74582366943359, "kl_a_z0": 24.20993299484253, "kl_a_z1": 24.278762531280517, "kl_z1z2": 1.118088459968567, "kl_z0z3": 0.07421962916851044, "x0y0": 41.015122985839845, "x1y1": 34.148485565185545, "x0y3": 132.51248168945312, "x1y2": 110.07387237548828, "elbo": 239.272412109375, "epoch": 1999, "_timestamp": 1702893247.8838606, "_runtime": 1250.556426525116, "_step": 1999, "_wandb": {"runtime": 1250}}