{"loss": 1863.416748046875, "tau": 0.5, "pdiff_z1z2": 0.21156495809555054, "pdiff_z0z3": 0.19878122210502625, "pdiff_z0z1": 0.0718366876244545, "pdiff_z0z2": 0.2104344516992569, "kl_z0": 19.316408157348633, "kl_z1": 18.316089630126953, "kl_a_z0": 516.8198852539062, "kl_a_z1": 516.8204345703125, "kl_z1z2": 90.25587463378906, "kl_z0z3": 97.00920867919922, "x0y0": 254.70648193359375, "x1y1": 252.8574676513672, "x0y3": 1459.988037109375, "x1y2": 1463.7911376953125, "elbo": 1694.0706787109375, "epoch": 1199, "_timestamp": 1702319950.986734, "_runtime": 2659.1462178230286, "_step": 1199, "_wandb": {"runtime": 2658}}