{"loss": {"min": 1274799.75}, "tau": {"min": 0.5}, "pdiff_z1z2": {"min": 0.08818020671606064}, "pdiff_z0z3": {"min": 0.08711626380681992}, "pdiff_z0z1": {"min": 0.07366050779819489}, "pdiff_z0z2": {"min": 0.06010601297020912}, "kl_z0": {"min": 67.33079528808594}, "kl_z1": {"min": 67.20875549316406}, "kl_z1z2": {"min": 36.64701843261719}, "kl_z0z3": {"min": 36.451622009277344}, "x0y0": {"min": 6119.82763671875}, "x1y1": {"min": 5890.8779296875}, "x0y3": {"min": 1899.8607177734375}, "x1y2": {"min": 2001.3433837890625}, "elbo": {"min": 10239.15625}, "epoch": 1099, "_timestamp": 1700377311.3659222, "_runtime": 3429.883343219757, "_step": 1099, "_wandb": {"runtime": 3431}}