{
  "metrics": {
    "train": {
      "loss": 5249.074186197917,
      "tau": 5.0,
      "pdiff_z1z2": 0.04243848605288399,
      "pdiff_z0z3": 0.04368103601866298,
      "pdiff_z0z1": 0.053354884932438534,
      "pdiff_z0z2": 0.05864292937848303,
      "kl_z0": 17.910735193888346,
      "kl_z1": 17.75716446770562,
      "kl_a_z0": 23.085201210445828,
      "kl_a_z1": 24.50320970747206,
      "kl_z1z2": 4.013308652242025,
      "kl_z0z3": 3.7646470705668134,
      "x0y0": 1691.4796766493055,
      "x1y1": 933.6629367404514,
      "x0y3": 2082.769585503472,
      "x1y2": 2451.6083062065973,
      "elbo": 3146.0241536458334
    },
    "test": {
      "loss": 4926.5439453125,
      "tau": 5.0,
      "pdiff_z1z2": 0.04204023629426956,
      "pdiff_z0z3": 0.04453856125473976,
      "pdiff_z0z1": 0.05286794900894165,
      "pdiff_z0z2": 0.058091145008802414,
      "kl_z0": 17.714738845825195,
      "kl_z1": 17.552532196044922,
      "kl_a_z0": 14.466732025146484,
      "kl_a_z1": 15.413207054138184,
      "kl_z1z2": 4.11684513092041,
      "kl_z0z3": 3.8321924209594727,
      "x0y0": 718.4203491210938,
      "x1y1": 1303.325927734375,
      "x0y3": 2414.69140625,
      "x1y2": 2512.102783203125,
      "elbo": 2782.569091796875
    }
  },
  "sae": {
    "mse": {
      "vanilla": {
        "train": 0.08102292799494887,
        "test": 0.06239958785301318
      },
      "gaussian": {
        "train": 0.08191143056576239,
        "test": 0.06388824662307352
      }
    },
    "activation": {
      "train": 0.1193244457244873,
      "test": 0.11748000234365463
    },
    "ever_1": {
      "train": 47.0,
      "test": 46.0
    },
    "ever_0": {
      "train": 50.0,
      "test": 50.0
    },
    "effective": {
      "train": 47.0,
      "test": 46.0
    },
    "variance": {
      "gaussian": {
        "train": {
          "max": 0.25,
          "min": 0.0,
          "mean": 0.00015237779007293284,
          "median": 0.0
        },
        "test": {
          "max": 0.24000000953674316,
          "min": 0.0,
          "mean": 0.00016399999731220305,
          "median": 0.0
        }
      }
    }
  },
  "cycle_consistency": {
    "train": {
      "xs01": [
        0.0,
        0.08102292989491308,
        0.10471805212869109,
        0.21812644543580362,
        0.2181264476559673,
        0.2181264489801538,
        0.21812644678909235,
        0.21812644763439334,
        0.2181264479136213,
        0.21812644553467372
      ],
      "xs12": [
        0.08102292989491308,
        0.012014191597700119,
        0.04477979987859726,
        7.612846679818427e-15,
        7.435726161316922e-15,
        8.130077184663898e-15,
        7.922246639626741e-15,
        7.785888734678902e-15,
        7.671698528993656e-15,
        7.563110599221549e-15
      ],
      "xs13": [
        0.7082964876839664,
        0.1041196957230568,
        0.04697003588080406,
        0.002351178089156747,
        0.0023432739544659853,
        0.0023506619036197662,
        0.0023432739544659853,
        0.0023506619036197662,
        0.0023432739544659853,
        0.0023506619036197662
      ],
      "xs34": [
        0.5722810361748061,
        0.012332931160926819,
        0.044875890016555786,
        6.03229227635893e-06,
        5.518772468349198e-06,
        5.5187733778439e-06,
        5.5187733778439e-06,
        5.5187733778439e-06,
        5.5187733778439e-06,
        5.5187733778439e-06
      ],
      "zs01": [
        0.0,
        0.00010444444342283532,
        0.00021777777874376625,
        0.00021777777874376625,
        0.00021777777874376625,
        0.00021777777874376625,
        0.00021777777874376625,
        0.00021777777874376625,
        0.00021777777874376625,
        0.00021777777874376625
      ],
      "zs12": [
        0.00010444444342283532,
        0.00011333333532093093,
        0.0,
        0.0,
        0.0,
        0.0,
        0.0,
        0.0,
        0.0,
        0.0
      ],
      "zs13": [
        0.0004422222264111042,
        0.00026666666963137686,
        0.00015777777298353612,
        0.00016222221893258393,
        0.00015999999595806003,
        0.00016222221893258393,
        0.00015999999595806003,
        0.00016222221893258393,
        0.00015999999595806003,
        0.00016222221893258393
      ],
      "zs34": [
        0.00022000000171829015,
        0.00012222221994306892,
        4.444444584805751e-06,
        2.2222222924028756e-06,
        2.2222222924028756e-06,
        2.2222222924028756e-06,
        2.2222222924028756e-06,
        2.2222222924028756e-06,
        2.2222222924028756e-06,
        2.2222222924028756e-06
      ]
    },
    "test": {
      "xs01": [
        0.0,
        0.06239958248682096,
        0.06239958612688073,
        0.06239958556444263,
        0.06239958521613535,
        0.062399588024600605,
        0.06239958571963677,
        0.062399585497985834,
        0.06239958364617728,
        0.06239958384297815
      ],
      "xs12": [
        0.06239958248682096,
        4.3927890974260544e-15,
        4.9854851556742005e-15,
        3.9819806591065605e-15,
        6.115790484445809e-15,
        5.227166948931902e-15,
        6.16118213305622e-15,
        5.1526360963865224e-15,
        4.073396689938981e-15,
        4.702678642277882e-15
      ],
      "xs13": [
        0.5547163744558536,
        0.0008844933472573757,
        0.0007238013204187155,
        0.0008537317044101655,
        0.0007238013204187155,
        0.0008537317044101655,
        0.0007238013786263764,
        0.0008537317044101655,
        0.0007238013204187155,
        0.0008537317044101655
      ],
      "xs34": [
        0.5553367124607702,
        0.00012750753376167268,
        9.674589819042012e-05,
        9.674588363850489e-05,
        9.67458909144625e-05,
        9.674589819042012e-05,
        9.674589819042012e-05,
        9.674587636254728e-05,
        9.674588363850489e-05,
        9.674590546637774e-05
      ],
      "zs01": [
        0.0,
        0.0,
        0.0,
        0.0,
        0.0,
        0.0,
        0.0,
        0.0,
        0.0,
        0.0
      ],
      "zs12": [
        0.0,
        0.0,
        0.0,
        0.0,
        0.0,
        0.0,
        0.0,
        0.0,
        0.0,
        0.0
      ],
      "zs13": [
        0.00015999999595806003,
        0.00011999999696854502,
        7.999999797903001e-05,
        0.00011999999696854502,
        7.999999797903001e-05,
        0.00011999999696854502,
        7.999999797903001e-05,
        0.00011999999696854502,
        7.999999797903001e-05,
        0.00011999999696854502
      ],
      "zs34": [
        0.00011999999696854502,
        3.9999998989515007e-05,
        3.9999998989515007e-05,
        3.9999998989515007e-05,
        3.9999998989515007e-05,
        3.9999998989515007e-05,
        3.9999998989515007e-05,
        3.9999998989515007e-05,
        3.9999998989515007e-05,
        3.9999998989515007e-05
      ]
    }
  },
  "z1z2": {
    "mae": {
      "vanilla": {
        "train": 0.03452888876199722,
        "test": 0.03319999948143959
      },
      "gaussian": {
        "train": 0.03462666645646095,
        "test": 0.03311999887228012
      }
    },
    "match_prob": {
      "vanilla": {
        "train": 0.17000630497932434,
        "test": 0.18107780814170837
      },
      "gaussian": {
        "train": 0.16936898231506348,
        "test": 0.18031373620033264
      }
    },
    "allmatch_prob": {
      "vanilla": {
        "train": 0.18222221732139587,
        "test": 0.20399999618530273
      },
      "gaussian": {
        "train": 0.18244443833827972,
        "test": 0.20399999618530273
      }
    },
    "xor": {
      "train": 0.0,
      "test": 0.0
    },
    "compiled_action": {
      "train": 72.0,
      "test": 71.0
    }
  },
  "kl_a_z0": {
    "train": 23.085201210445828,
    "test": 14.466732025146484
  },
  "x0y3": {
    "mse": {
      "vanilla": {
        "train": 0.12856603313726978,