{"loss": 5372.5478515625, "tau": 0.5, "pdiff_z1z2": 0.005944905336946249, "pdiff_z0z3": 0.005469200201332569, "pdiff_z0z1": 0.08416807651519775, "pdiff_z0z2": 0.08828162401914597, "kl_z0": 320.5120544433594, "kl_z1": 319.263427734375, "kl_a_z0": 69.22623443603516, "kl_a_z1": 68.07913208007812, "kl_z1z2": 1.9422796964645386, "kl_z0z3": 2.375817060470581, "x0y0": 38.577327728271484, "x1y1": 37.8258171081543, "x0y3": 36.1630859375, "x1y2": 41.42743682861328, "elbo": 466.32000732421875, "epoch": 1199, "_timestamp": 1701689679.017775, "_runtime": 3059.0266859531403, "_step": 1199, "_wandb": {"runtime": 3057}}