{"loss": {"min": 865406.75}, "tau": {"min": 5.0}, "pdiff_z1z2": {"min": 0.36653974652290344}, "pdiff_z0z3": {"min": 0.36592531204223633}, "pdiff_z0z1": {"min": 0.03653935715556145}, "pdiff_z0z2": {"min": 0.3473956286907196}, "kl_z0": {"min": 101.94466400146484}, "kl_z1": {"min": 102.21672058105469}, "kl_z1z2": {"min": 167.3511199951172}, "kl_z0z3": {"min": 167.51748657226562}, "x0y0": {"min": 19.346080780029297}, "x1y1": {"min": 19.041215896606445}, "x0y3": {"min": 54243.11328125}, "x1y2": {"min": 54499.109375}, "elbo": {"min": 27400.146484375}, "epoch": 1, "_timestamp": 1700469895.5990741, "_runtime": 21.27243423461914, "_step": 1, "_wandb": {"runtime": 21}}