{"loss": 371.7710266113281, "tau": 0.5, "pdiff_z1z2": 0.018806200474500656, "pdiff_z0z3": 0.01837090216577053, "pdiff_z0z1": 0.03653935715556145, "pdiff_z0z2": 0.025664670392870903, "kl_z0": 101.94466400146484, "kl_z1": 102.21672058105469, "kl_a_z0": 31.536706924438477, "kl_a_z1": 33.683250427246094, "kl_z1z2": 59.03949737548828, "kl_z0z3": 61.152042388916016, "x0y0": 19.346080780029297, "x1y1": 19.041215896606445, "x0y3": 6504.294921875, "x1y2": 6393.57568359375, "elbo": 3417.99658203125, "epoch": 3999, "_timestamp": 1701350835.636323, "_runtime": 3582.0682969093323, "_step": 3999, "_wandb": {"runtime": 3581}}