{"loss": {"min": 31768.619140625}, "tau": {"min": 0.5}, "pdiff_z1z2": {"min": 0.01733824983239174}, "pdiff_z0z3": {"min": 0.016185201704502106}, "pdiff_z0z1": {"min": 0.10312524437904358}, "pdiff_z0z2": {"min": 0.09905911982059479}, "kl_z0": {"min": 65.0561294555664}, "kl_z1": {"min": 64.63215637207031}, "kl_z1z2": {"min": 3.3508739471435547}, "kl_z0z3": {"min": 3.4966299533843994}, "x0y0": {"min": 2201.849609375}, "x1y1": {"min": 1967.4781494140625}, "x0y3": {"min": 7674.8779296875}, "x1y2": {"min": 7412.07470703125}, "elbo": {"min": 7172.11962890625}, "epoch": 1099, "_timestamp": 1700357024.663554, "_runtime": 3360.233209848404, "_step": 1099, "_wandb": {"runtime": 3362}}