{"loss": 3521.095947265625, "tau": 0.5023078918457031, "pdiff_z1z2": 0.06162302568554878, "pdiff_z0z3": 0.059827402234077454, "pdiff_z0z1": 0.08164837211370468, "pdiff_z0z2": 0.06871328502893448, "kl_z0": 106.84988403320312, "kl_z1": 106.92311096191406, "kl_a_z0": 74.94947052001953, "kl_a_z1": 69.01961517333984, "kl_z1z2": 23.233966827392578, "kl_z0z3": 23.363515853881836, "x0y0": 283.95947265625, "x1y1": 303.0690002441406, "x0y3": 3264.3759765625, "x1y2": 3683.69140625, "elbo": 2367.80859375, "epoch": 999, "_timestamp": 1700656075.7304635, "_runtime": 2446.0349764823914, "_step": 999, "_wandb": {"runtime": 2445}}