{
  "metrics": {
    "train": {
      "loss": 4447.478678385417,
      "tau": 5.0,
      "pdiff_z1z2": 0.0002577449725423422,
      "pdiff_z0z3": 0.00026522002234641046,
      "pdiff_z0z1": 0.07403982331355413,
      "pdiff_z0z2": 0.07418111628956264,
      "kl_z0": 304.4011359320747,
      "kl_z1": 303.2881890190972,
      "kl_a_z0": 102.96872719658745,
      "kl_a_z1": 92.56908637152777,
      "kl_z1z2": 0.09181000507540173,
      "kl_z0z3": 0.08681458218230141,
      "x0y0": 24.947226927015517,
      "x1y1": 24.25055130852593,
      "x0y3": 24.940214157104492,
      "x1y2": 24.2481381310357,
      "elbo": 450.85365600585936
    },
    "test": {
      "loss": 4417.82568359375,
      "tau": 5.0,
      "pdiff_z1z2": 0.00027953783865086734,
      "pdiff_z0z3": 0.0002619017905090004,
      "pdiff_z0z1": 0.07419341057538986,
      "pdiff_z0z2": 0.07433085143566132,
      "kl_z0": 303.906005859375,
      "kl_z1": 303.25360107421875,
      "kl_a_z0": 65.58760833740234,
      "kl_a_z1": 58.83043670654297,
      "kl_z1z2": 0.0984434112906456,
      "kl_z0z3": 0.11575324833393097,
      "x0y0": 25.21930503845215,
      "x1y1": 23.965476989746094,
      "x0y3": 25.216432571411133,
      "x1y2": 23.95880889892578,
      "elbo": 415.0247802734375
    }
  },
  "sae": {
    "mse": {
      "vanilla": {
        "train": 0.00021353203157880145,
        "test": 0.00021347562997881827
      },
      "gaussian": {
        "train": 0.00021519381592917565,
        "test": 0.0002200580840479449
      }
    },
    "activation": {
      "train": 0.4130566716194153,
      "test": 0.4126533269882202
    },
    "ever_1": {
      "train": 300.0,
      "test": 300.0
    },
    "ever_0": {
      "train": 300.0,
      "test": 300.0
    },
    "effective": {
      "train": 300.0,
      "test": 300.0
    },
    "variance": {
      "gaussian": {
        "train": {
          "max": 0.25,
          "min": 0.0,
          "mean": 2.8822216336266138e-05,
          "median": 0.0
        },
        "test": {
          "max": 0.25,
          "min": 0.0,
          "mean": 2.5800000003073364e-05,
          "median": 0.0
        }
      }
    }
  },
  "cycle_consistency": {
    "train": {
      "xs01": [
        0.0,
        0.0002135320271548846,
        0.00021353202745361924,
        0.00021353202736799803,
        0.0002135320271503352,
        0.00021353202722295601,
        0.00021353202711194496,
        0.00021353202724428837,
        0.00021353202729916648,
        0.00021353202730217726
      ],
      "xs12": [
        0.0002135320271548846,
        9.535742733722733e-17,
        9.653262599453857e-17,
        9.683072203496798e-17,
        9.562173470399518e-17,
        9.569720004563961e-17,
        9.624508477872534e-17,
        9.639192588106575e-17,
        9.488090512994779e-17,
        9.46642698362426e-17
      ],
      "xs13": [
        0.49031424464671114,
        1.1700908544298727e-06,
        7.08670622184826e-10,
        7.08670622184826e-10,
        7.08670622184826e-10,
        7.08670622184826e-10,
        7.08670622184826e-10,
        7.08670622184826e-10,
        7.08670622184826e-10,
        7.08670622184826e-10
      ],
      "xs34": [
        0.4903138013757436,
        1.1693821306835162e-06,
        9.611611077761607e-17,
        9.657724742550213e-17,
        9.660547744544734e-17,
        9.509144575689968e-17,
        9.444875289072558e-17,
        9.518180034957007e-17,
        9.48842866442919e-17,
        9.699462952770659e-17
      ],
      "zs01": [
        0.0,
        0.0,
        0.0,
        0.0,
        0.0,
        0.0,
        0.0,
        0.0,
        0.0,
        0.0
      ],
      "zs12": [
        0.0,
        0.0,
        0.0,
        0.0,
        0.0,
        0.0,
        0.0,
        0.0,
        0.0,
        0.0
      ],
      "zs13": [
        4.481481300899759e-05,
        3.703703725932428e-07,
        3.703703725932428e-07,
        3.703703725932428e-07,
        3.703703725932428e-07,
        3.703703725932428e-07,
        3.703703725932428e-07,
        3.703703725932428e-07,
        3.703703725932428e-07,
        3.703703725932428e-07
      ],
      "zs34": [
        4.444444493856281e-05,
        0.0,
        0.0,
        0.0,
        0.0,
        0.0,
        0.0,
        0.0,
        0.0,
        0.0
      ]
    },
    "test": {
      "xs01": [
        0.0,
        0.00021347562914202876,
        0.00021347562914202876,
        0.00021347562914202876,
        0.00021347562914202876,
        0.00021347562914202876,
        0.00021347562914202876,
        0.00021347562914202876,
        0.00021347562914202876,
        0.00021347562914202876
      ],
      "xs12": [
        0.00021347562914202876,
        0.0,
        0.0,
        0.0,
        0.0,
        0.0,
        0.0,
        0.0,
        0.0,
        0.0
      ],
      "xs13": [
        0.4899707868093589,
        1.0946722568405676e-06,
        0.0,
        0.0,
        0.0,
        0.0,
        0.0,
        0.0,
        0.0,
        0.0
      ],
      "xs34": [
        0.48996948338090596,
        1.0946722568405676e-06,
        0.0,
        0.0,
        0.0,
        0.0,
        0.0,
        0.0,
        0.0,
        0.0
      ],
      "zs01": [
        0.0,
        0.0,
        0.0,
        0.0,
        0.0,
        0.0,
        0.0,
        0.0,
        0.0,
        0.0
      ],
      "zs12": [
        0.0,
        0.0,
        0.0,
        0.0,
        0.0,
        0.0,
        0.0,
        0.0,
        0.0,
        0.0
      ],
      "zs13": [
        1.9999999494757503e-05,
        0.0,
        0.0,
        0.0,
        0.0,
        0.0,
        0.0,
        0.0,
        0.0,
        0.0
      ],
      "zs34": [
        1.9999999494757503e-05,
        0.0,
        0.0,
        0.0,
        0.0,
        0.0,
        0.0,
        0.0,
        0.0,
        0.0
      ]
    }
  },
  "z1z2": {
    "mae": {
      "vanilla": {
        "train": 5.999999848427251e-05,
        "test": 7.999999797903001e-05
      },
      "gaussian": {
        "train": 0.00013259259867481887,
        "test": 0.00015999999595806003
      }
    },
    "match_prob": {
      "vanilla": {
        "train": 0.982096254825592,
        "test": 0.9761755466461182
      },
      "gaussian": {
        "train": 0.9629774689674377,
        "test": 0.9566521048545837
      }
    },
    "allmatch_prob": {
      "vanilla": {
        "train": 0.9824444651603699,
        "test": 0.9800000190734863
      },
      "gaussian": {
        "train": 0.9635555744171143,
        "test": 0.9559999704360962
      }
    },
    "xor": {
      "train": 0.0,
      "test": 0.0
    },
    "compiled_action": {
      "train": 192.0,
      "test": 138.0
    }
  },
  "kl_a_z0": {
    "train": 102.96872719658745,
    "test": 65.58760833740234
  },
  "x0y3": {
    "mse": {
      "vanilla": {
        "train": 0.00021649491963871204,
        "test": 0.0002188926432896245
      },
      "gaussian": {
        "train": 0.4899463646461068,
        "test": 0.48791750349233176
      }
    }
  },
  "z0z3": {
    "mae": {
      "vanilla": {
        "train": 6.444444443332031e-05,
        "test": 5.333333319867961e-05
      },
      "gaussian": {
        "train": 0.00014000000373926014,
        "test": 0.00015999999595806003
      }
    },
    "match_prob": {
      "vanilla": {
        "train": 0.9808045029640198,
        "test": 0.9840956926345825
      },
      "gaussian": {
        "train": 0.9599906802177429,
        "test": 0.9762386083602905
      }
    },
    "allmatch_prob": {
      "vanilla": {
        "train": 0.981333315372467,
        "test": 0.984000027179718
      },
      "gaussian": {
        "train": 0.961555540561676,
        "test": 0.9520000219345093
      }
    },
    "xor": {
      "train": 0.0,
      "test": 0.0
    },
    "compiled_action": {
      "train": 192.0,
      "test": 138.0
    }
  },
  "action": {
    "true_num_actions": {
      "train": 300,
      "test": 300
    }
  }
}