{"loss": 355916.78125, "tau": 4.774962902069092, "pdiff_z1z2": 0.22582806646823883, "pdiff_z0z3": 0.22683586180210114, "pdiff_z0z1": 0.19380860030651093, "pdiff_z0z2": 0.09631311148405075, "kl_z0": 42.2646369934082, "kl_z1": 40.52088165283203, "kl_a_z0": 3.850389242172241, "kl_a_z1": 3.839188814163208, "kl_z1z2": 48.433555603027344, "kl_z0z3": 49.522491455078125, "x0y0": 167798.203125, "x1y1": 166194.546875, "x0y3": 205400.9375, "x1y2": 214518.78125, "elbo": 355544.21875, "epoch": 21, "_timestamp": 1702317038.1221592, "_runtime": 68.11591529846191, "_step": 21}