{"loss": 16190.9892578125, "tau": 0.5, "pdiff_z1z2": 0.020346513018012047, "pdiff_z0z3": 0.020229069516062737, "pdiff_z0z1": 0.11082549393177032, "pdiff_z0z2": 0.10177351534366608, "kl_z0": 121.76304626464844, "kl_z1": 120.11727142333984, "kl_a_z0": 36.2049674987793, "kl_a_z1": 35.754859924316406, "kl_z1z2": 24.45931053161621, "kl_z0z3": 24.574718475341797, "x0y0": 160.89698791503906, "x1y1": 164.27511596679688, "x0y3": 4730.98388671875, "x1y2": 5041.90087890625, "elbo": 2856.279052734375, "epoch": 1199, "_timestamp": 1701805815.0204036, "_runtime": 2968.8817965984344, "_step": 1199, "_wandb": {"runtime": 2968}}