{"loss": 497.4994812011719, "tau": 0.5, "pdiff_z1z2": 0.011246966198086739, "pdiff_z0z3": 0.02359951287508011, "pdiff_z0z1": 0.04511807858943939, "pdiff_z0z2": 0.044119831174612045, "kl_z0": 25.219982147216797, "kl_z1": 25.061525344848633, "kl_a_z0": 6.4391703605651855, "kl_a_z1": 6.155350208282471, "kl_z1z2": 3.8483259677886963, "kl_z0z3": 1.618414282798767, "x0y0": 35.32194519042969, "x1y1": 29.51611328125, "x0y3": 145.80113220214844, "x1y2": 72.18925476074219, "elbo": 135.93084716796875, "epoch": 1199, "_timestamp": 1702627027.3353684, "_runtime": 397.01048731803894, "_step": 1199, "_wandb": {"runtime": 396}}