{"loss": {"min": 5433110.5}, "tau": {"min": 0.5}, "pdiff_z1z2": {"min": 0.12452443689107895}, "pdiff_z0z3": {"min": 0.12403693795204163}, "pdiff_z0z1": {"min": 0.08788212388753891}, "pdiff_z0z2": {"min": 0.08269859105348587}, "kl_z0": {"min": 67.44802856445312}, "kl_z1": {"min": 68.46387481689453}, "kl_z1z2": {"min": 37.95717239379883}, "kl_z0z3": {"min": 38.01100540161133}, "x0y0": {"min": 9792.81640625}, "x1y1": {"min": 9284.2783203125}, "x0y3": {"min": 1056.70703125}, "x1y2": {"min": 1063.6815185546875}, "elbo": {"min": 15151.4658203125}, "epoch": 1099, "_timestamp": 1700380653.9461272, "_runtime": 3328.878820180893, "_step": 1099, "_wandb": {"runtime": 3331}}