{"loss": 427626.07366071426, "tau": 0.5, "pdiff_z1z2": 1.62940023074043e-05, "pdiff_z0z3": 4.271541196690773e-06, "pdiff_z0z1": 0.013052215592728721, "pdiff_z0z2": 0.013044133774995331, "kl_z0": 112.23487309047154, "kl_z1": 106.14530387757317, "kl_a_z0": 0.0, "kl_a_z1": 0.0, "kl_z1z2": 0.000365677281580348, "kl_z0z3": 0.00044930806163594953, "x0y0": 40.74990959772988, "x1y1": 426493.2390873016, "x0y3": 40.74990959772988, "x1y2": 426493.2390873016, "elbo": 426643.158234127, "epoch": 1877, "_timestamp": 1703058108.1264625, "_runtime": 37691.13675951958, "_step": 1877, "_wandb": {"runtime": 37691}}