{"loss": 8689.679036458334, "tau": 0.5, "pdiff_z1z2": 0.01510947197675705, "pdiff_z0z3": 0.015098608409365019, "pdiff_z0z1": 0.11863743513822556, "pdiff_z0z2": 0.11717039098342259, "kl_z0": 116.58492533365886, "kl_z1": 116.27489725748698, "kl_a_z0": 46.771653493245445, "kl_a_z1": 50.302008310953774, "kl_z1z2": 10.755740483601889, "kl_z0z3": 10.77344799041748, "x0y0": 333.5229899088542, "x1y1": 352.7327168782552, "x0y3": 3113.620361328125, "x1y2": 3205.7980143229165, "elbo": 2264.8953450520835, "epoch": 1999, "_timestamp": 1702442570.3231547, "_runtime": 11907.84306359291, "_step": 1999, "_wandb": {"runtime": 11907}}