{"loss": 12758.588766431052, "tau": 0.5, "pdiff_z1z2": 3.209581677404617e-05, "pdiff_z0z3": 2.387145436914002e-05, "pdiff_z0z1": 0.022699216277235083, "pdiff_z0z2": 0.02267835271500406, "kl_z0": 112.14061761280847, "kl_z1": 108.83518788171193, "kl_a_z0": 0.0, "kl_a_z1": 0.0, "kl_z1z2": 0.0005952768459258276, "kl_z0z3": 0.0018258327147036436, "x0y0": 50.31877124120319, "x1y1": 11602.785807291666, "x0y3": 50.318771301753934, "x1y2": 11602.78579954117, "elbo": 11763.593060205852, "epoch": 1108, "_timestamp": 1703018764.5204816, "_runtime": 21907.260321617126, "_step": 1108}