{"loss": {"min": 382855.8125}, "tau": {"min": 0.5}, "pdiff_z1z2": {"min": 0.07357877492904663}, "pdiff_z0z3": {"min": 0.07721494138240814}, "pdiff_z0z1": {"min": 0.076789990067482}, "pdiff_z0z2": {"min": 0.06214204803109169}, "kl_z0": {"min": 33.343963623046875}, "kl_z1": {"min": 33.16862869262695}, "kl_z1z2": {"min": 14.46873950958252}, "kl_z0z3": {"min": 14.116826057434082}, "x0y0": {"min": 5526.56298828125}, "x1y1": {"min": 4779.14306640625}, "x0y3": {"min": 5371.49658203125}, "x1y2": {"min": 5213.494140625}, "elbo": {"min": 10629.9697265625}, "epoch": 1099, "_timestamp": 1700326650.716427, "_runtime": 3361.9856510162354, "_step": 1099, "_wandb": {"runtime": 3364}}