{"loss": 3120.314697265625, "tau": 0.5, "pdiff_z1z2": 0.06304258853197098, "pdiff_z0z3": 0.06449281424283981, "pdiff_z0z1": 0.09789300709962845, "pdiff_z0z2": 0.08694934844970703, "kl_z0": 54.93046569824219, "kl_z1": 55.71475601196289, "kl_a_z0": 78.71168518066406, "kl_a_z1": 81.78887939453125, "kl_z1z2": 20.436080932617188, "kl_z0z3": 19.980247497558594, "x0y0": 517.783203125, "x1y1": 530.7711791992188, "x0y3": 3944.38037109375, "x1y2": 4444.759765625, "elbo": 3029.3779296875, "epoch": 1199, "_timestamp": 1701280031.307618, "_runtime": 2814.1654160022736, "_step": 1199, "_wandb": {"runtime": 2813}}