{"loss": 867850.2875, "tau": 5.0, "pdiff_z1z2": 0.3377102792263031, "pdiff_z0z3": 0.33535117308298745, "pdiff_z0z1": 0.12866230110327403, "pdiff_z0z2": 0.28331514199574787, "kl_z0": 194.24058837890624, "kl_z1": 192.79229227701822, "kl_a_z0": 135.2964660644531, "kl_a_z1": 131.8973861694336, "kl_z1z2": 253.69930318196614, "kl_z0z3": 256.1149841308594, "x0y0": 359372.92083333334, "x1y1": 367612.45416666666, "x0y3": 387753.91458333336, "x1y2": 391568.47708333336, "elbo": 740524.1833333333, "epoch": 1, "_timestamp": 1702833327.732916, "_runtime": 22.574519157409668, "_step": 1, "_wandb": {"runtime": 22}}