{"loss": 76325.96875, "tau": 0.5, "pdiff_z1z2": 0.017206208780407906, "pdiff_z0z3": 0.01615769788622856, "pdiff_z0z1": 0.15795479714870453, "pdiff_z0z2": 0.1559278517961502, "kl_z0": 314.0678405761719, "kl_z1": 312.6664123535156, "kl_a_z0": 96.28457641601562, "kl_a_z1": 119.68742370605469, "kl_z1z2": 12.965920448303223, "kl_z0z3": 13.373161315917969, "x0y0": 1380.4378662109375, "x1y1": 1357.3641357421875, "x0y3": 9440.84765625, "x1y2": 11292.1572265625, "elbo": 7664.54052734375, "epoch": 1199, "_timestamp": 1701107694.7935047, "_runtime": 3057.5320427417755, "_step": 1199, "_wandb": {"runtime": 3056}}