{"loss": {"min": 1645436.25}, "tau": {"min": 0.5}, "pdiff_z1z2": {"min": 0.09789590537548065}, "pdiff_z0z3": {"min": 0.10096824914216995}, "pdiff_z0z1": {"min": 0.08568087965250015}, "pdiff_z0z2": {"min": 0.06877535581588745}, "kl_z0": {"min": 32.005828857421875}, "kl_z1": {"min": 31.5587100982666}, "kl_z1z2": {"min": 17.741111755371094}, "kl_z0z3": {"min": 17.89373016357422}, "x0y0": {"min": 9656.681640625}, "x1y1": {"min": 10003.34765625}, "x0y3": {"min": 3073.468994140625}, "x1y2": {"min": 3329.360107421875}, "elbo": {"min": 16711.4609375}, "epoch": 1099, "_timestamp": 1700329992.110266, "_runtime": 3325.945422887802, "_step": 1099, "_wandb": {"runtime": 3329}}