{"loss": {"min": 183715.109375}, "tau": {"min": 0.5}, "pdiff_z1z2": {"min": 0.10825064778327942}, "pdiff_z0z3": {"min": 0.10798218846321106}, "pdiff_z0z1": {"min": 0.11511917412281036}, "pdiff_z0z2": {"min": 0.0660666972398758}, "kl_z0": {"min": 197.25083923339844}, "kl_z1": {"min": 197.64404296875}, "kl_z1z2": {"min": 97.33997344970703}, "kl_z0z3": {"min": 97.2074966430664}, "x0y0": {"min": 540.9724731445312}, "x1y1": {"min": 498.4291687011719}, "x0y3": {"min": 2274.715087890625}, "x1y2": {"min": 2358.94775390625}, "elbo": {"min": 2373.145751953125}, "epoch": 1099, "_timestamp": 1700405190.8202753, "_runtime": 3539.5348494052887, "_step": 1099, "_wandb": {"runtime": 3542}}