{
  "metrics": {
    "train": {
      "loss": 21340.43771701389,
      "tau": 5.0,
      "pdiff_z1z2": 0.013073758946524726,
      "pdiff_z0z3": 0.015104205554558171,
      "pdiff_z0z1": 0.006451730926831563,
      "pdiff_z0z2": 0.016764331195089553,
      "kl_z0": 112.50177086724176,
      "kl_z1": 111.64418114556207,
      "kl_a_z0": 52.344511879814995,
      "kl_a_z1": 61.97044859992133,
      "kl_z1z2": 4.514630423651801,
      "kl_z0z3": 3.6373758051130505,
      "x0y0": 1794.1965738932292,
      "x1y1": 17229.05056423611,
      "x0y3": 474.2320827907986,
      "x1y2": 14954.219835069445,
      "elbo": 18295.817057291668
    },
    "test": {
      "loss": 21456.505859375,
      "tau": 5.0,
      "pdiff_z1z2": 0.013166302815079689,
      "pdiff_z0z3": 0.01512907724827528,
      "pdiff_z0z1": 0.006646894384175539,
      "pdiff_z0z2": 0.0169249027967453,
      "kl_z0": 113.30091857910156,
      "kl_z1": 112.30137634277344,
      "kl_a_z0": 7.746434211730957,
      "kl_a_z1": 8.807373046875,
      "kl_z1z2": 4.458338737487793,
      "kl_z0z3": 3.661104679107666,
      "x0y0": 1689.7724609375,
      "x1y1": 17422.412109375,
      "x0y3": 487.8782043457031,
      "x1y2": 15337.0,
      "elbo": 18413.46484375
    }
  },
  "sae": {
    "mse": {
      "vanilla": {
        "train": 0.08256618929684335,
        "test": 0.08295219003006868
      },
      "gaussian": {
        "train": 0.08259007923183102,
        "test": 0.0829533770799109
      }
    },
    "activation": {
      "train": 0.13467592000961304,
      "test": 0.13590000569820404
    },
    "ever_1": {
      "train": 211.0,
      "test": 211.0
    },
    "ever_0": {
      "train": 300.0,
      "test": 300.0
    },
    "effective": {
      "train": 211.0,
      "test": 211.0
    },
    "variance": {
      "gaussian": {
        "train": {
          "max": 0.25,
          "min": 0.0,
          "mean": 0.00023583327129017562,
          "median": 0.0
        },
        "test": {
          "max": 0.24000000953674316,
          "min": 0.0,
          "mean": 0.00032366663799621165,
          "median": 0.0
        }
      }
    }
  },
  "cycle_consistency": {
    "train": {
      "xs01": [
        0.0,
        0.08256618961512352,
        0.08741646472368395,
        0.08741593547646555,
        0.08741593549227111,
        0.08741593547440242,
        0.0874159354859843,
        0.08741593548362796,
        0.08741593549431213,
        0.08741593548637899
      ],
      "xs12": [
        0.08256618961512352,
        0.0010546193225309253,
        2.3091404344199873e-08,
        4.52995337773968e-16,
        4.596268645971403e-16,
        4.628786240816495e-16,
        4.6317672673952385e-16,
        4.635492624176381e-16,
        4.587884607980361e-16,
        4.578055849418659e-16
      ],
      "xs13": [
        0.5777651894234042,
        0.0010893468279391527,
        1.0775883310998324e-05,
        1.0645880138326902e-05,
        1.0645880138326902e-05,
        1.0645880138326902e-05,
        1.0645880138326902e-05,
        1.0645880138326902e-05,
        1.0645880138326902e-05,
        1.0645880138326902e-05
      ],
      "xs34": [
        0.5728874146174535,
        0.001078293309547007,
        1.3000351373193553e-07,
        4.595394613848955e-16,
        4.616711786153385e-16,
        4.591019688676386e-16,
        4.581896085043273e-16,
        4.596907097055396e-16,
        4.636809760409362e-16,
        4.640616114716086e-16
      ],
      "zs01": [
        0.0,
        0.0008129629422910511,
        0.0008148148190230131,
        0.0008148148190230131,
        0.0008148148190230131,
        0.0008148148190230131,
        0.0008148148190230131,
        0.0008148148190230131,
        0.0008148148190230131,
        0.0008148148190230131
      ],
      "zs12": [
        0.0008129629422910511,
        1.8518518345445045e-06,
        0.0,
        0.0,
        0.0,
        0.0,
        0.0,
        0.0,
        0.0,
        0.0
      ],
      "zs13": [
        0.0011129629565402865,
        2.407407373539172e-05,
        2.2222222469281405e-05,
        2.2222222469281405e-05,
        2.2222222469281405e-05,
        2.2222222469281405e-05,
        2.2222222469281405e-05,
        2.2222222469281405e-05,
        2.2222222469281405e-05,
        2.2222222469281405e-05
      ],
      "zs34": [
        0.0010888888500630856,
        1.8518518345445045e-06,
        0.0,
        0.0,
        0.0,
        0.0,
        0.0,
        0.0,
        0.0,
        0.0
      ]
    },
    "test": {
      "xs01": [
        0.0,
        0.08295219056258293,
        0.08829768192841794,
        0.08829768200057797,
        0.0882976819534278,
        0.08829768181758119,
        0.08829768181316237,
        0.08829768199557061,
        0.08829768193906978,
        0.08829768199899257
      ],
      "xs12": [
        0.08295219056258293,
        0.001158624654635787,
        4.095851109854219e-15,
        4.1241534452373e-15,
        4.140970437372087e-15,
        4.1761235752325616e-15,
        4.111682579154875e-15,
        4.095877791392057e-15,
        4.084313250563194e-15,
        4.149386556736006e-15
      ],
      "xs13": [
        0.5783108667399441,
        0.0012448267079889774,
        3.748024937522132e-06,
        3.748022891159053e-06,
        3.748025392269483e-06,
        3.7480258470168337e-06,
        3.748025392269483e-06,
        3.7480238006537547e-06,
        3.7480226637853775e-06,
        3.7480251648958074e-06
      ],
      "xs34": [
        0.5730836431684939,
        0.0012410786002874374,
        4.084652063742096e-15,
        4.162568083461177e-15,
        4.162380042146887e-15,
        4.1098364708463345e-15,
        4.08281230818066e-15,
        4.043671762720986e-15,
        4.133027809425684e-15,
        4.1478661325956845e-15
      ],
      "zs01": [
        0.0,
        0.0008333333535119891,
        0.0008333333535119891,
        0.0008333333535119891,
        0.0008333333535119891,
        0.0008333333535119891,
        0.0008333333535119891,
        0.0008333333535119891,
        0.0008333333535119891,
        0.0008333333535119891
      ],
      "zs12": [
        0.0008333333535119891,
        0.0,
        0.0,
        0.0,
        0.0,
        0.0,
        0.0,
        0.0,
        0.0,
        0.0
      ],
      "zs13": [
        0.001466666697524488,
        3.333333370392211e-05,
        3.333333370392211e-05,
        3.333333370392211e-05,
        3.333333370392211e-05,
        3.333333370392211e-05,
        3.333333370392211e-05,
        3.333333370392211e-05,
        3.333333370392211e-05,
        3.333333370392211e-05
      ],
      "zs34": [
        0.00143333338201046,
        0.0,
        0.0,
        0.0,
        0.0,
        0.0,
        0.0,
        0.0,
        0.0,
        0.0
      ]
    }
  },
  "z1z2": {
    "mae": {
      "vanilla": {
        "train": 0.002062962856143713,
        "test": 0.0019333333475515246
      },
      "gaussian": {
        "train": 0.0025629629381000996,
        "test": 0.0026000000070780516
      }
    },
    "match_prob": {
      "vanilla": {
        "train": 0.38855069875717163,
        "test": 0.4311999976634979
      },
      "gaussian": {
        "train": 0.33536824584007263,
        "test": 0.3307688534259796
      }
    },
    "allmatch_prob": {
      "vanilla": {
        "train": 0.38777777552604675,
        "test": 0.4399999976158142
      },
      "gaussian": {
        "train": 0.3311111032962799,
        "test": 0.4000000059604645
      }
    },
    "xor": {
      "train": 1.0,
      "test": 1.0
    },
    "compiled_action": {
      "train": 2.0,
      "test": 2.0
    }
  },
  "kl_a_z0": {
    "train": 52.344511879814995,
    "test": 7.746434211730957
  },
  "x0y3": {
    "mse": {
      "vanilla": {
        "train": 0.004116598710499506,
        "test": 0.004235053973932593
      },
      "gaussian": {
        "train": 0.493552752555392,
        "test": 0.4923346350048606
      }
    }
  },