{"loss": 40037.796875, "tau": 0.5, "pdiff_z1z2": 0.004087347537279129, "pdiff_z0z3": 0.005416260100901127, "pdiff_z0z1": 0.00623354222625494, "pdiff_z0z2": 0.007995848543941975, "kl_z0": 231.4874725341797, "kl_z1": 230.73126220703125, "kl_a_z0": 50.874534606933594, "kl_a_z1": 51.81702423095703, "kl_z1z2": 0.9917665123939514, "kl_z0z3": 0.6118033528327942, "x0y0": 16339.1630859375, "x1y1": 18559.892578125, "x0y3": 14419.060546875, "x1y2": 15549.51953125, "elbo": 33949.29296875, "epoch": 1199, "_timestamp": 1702631140.1739268, "_runtime": 398.3065187931061, "_step": 1199, "_wandb": {"runtime": 397}}