{"loss": 500394.25, "tau": 0.5, "pdiff_z1z2": 0.04308297857642174, "pdiff_z0z3": 0.042182955890893936, "pdiff_z0z1": 0.1420019268989563, "pdiff_z0z2": 0.11771447211503983, "kl_z0": 209.29132080078125, "kl_z1": 206.4984893798828, "kl_z1z2": 60.71802520751953, "kl_z0z3": 60.88693618774414, "x0y0": 223.40415954589844, "x1y1": 220.3955535888672, "x0y3": 3566.023681640625, "x1y2": 4192.77783203125, "elbo": 2510.84619140625, "epoch": 1623, "_timestamp": 1700494338.2759697, "_runtime": 5365.314607858658, "_step": 1623}