{"loss": 59326.22265625, "tau": 0.5, "pdiff_z1z2": 0.020289406180381775, "pdiff_z0z3": 0.020288432016968727, "pdiff_z0z1": 0.15326176583766937, "pdiff_z0z2": 0.15186066925525665, "kl_z0": 203.0948028564453, "kl_z1": 202.3309326171875, "kl_a_z0": 85.85645294189453, "kl_a_z1": 142.8630828857422, "kl_z1z2": 10.393129348754883, "kl_z0z3": 10.129725456237793, "x0y0": 1048.810302734375, "x1y1": 1020.640625, "x0y3": 8366.955078125, "x1y2": 8935.0908203125, "elbo": 6199.80322265625, "epoch": 1199, "_timestamp": 1701134379.3895614, "_runtime": 2949.6224603652954, "_step": 1199, "_wandb": {"runtime": 2948}}