{"loss": 7759286.0, "tau": 5.0, "pdiff_z1z2": 0.21669411659240723, "pdiff_z0z3": 0.21825551986694336, "pdiff_z0z1": 0.16923102736473083, "pdiff_z0z2": 0.13211241364479065, "kl_z0": 43.01952362060547, "kl_z1": 43.171897888183594, "kl_a_z0": 76.74423217773438, "kl_a_z1": 101.3256607055664, "kl_z1z2": 27.633087158203125, "kl_z0z3": 27.12299156188965, "x0y0": 3799931.75, "x1y1": 3809012.25, "x0y3": 3837199.75, "x1y2": 3825024.0, "elbo": 7622409.5, "epoch": 1, "_timestamp": 1700639484.6652682, "_runtime": 20.617655277252197, "_step": 1, "_wandb": {"runtime": 20}}