{"loss": 46268.359375, "tau": 0.5, "pdiff_z1z2": 0.006904371548444033, "pdiff_z0z3": 0.006820459384471178, "pdiff_z0z1": 0.08647283166646957, "pdiff_z0z2": 0.0856437236070633, "kl_z0": 276.5043029785156, "kl_z1": 275.2056884765625, "kl_a_z0": 83.76750946044922, "kl_a_z1": 88.1286849975586, "kl_z1z2": 6.488844871520996, "kl_z0z3": 6.541388511657715, "x0y0": 4301.7861328125, "x1y1": 3632.1875, "x0y3": 9431.36328125, "x1y2": 10159.8349609375, "elbo": 11213.3408203125, "epoch": 1999, "_timestamp": 1701166514.182958, "_runtime": 4968.245929002762, "_step": 1999, "_wandb": {"runtime": 4967}}