{"loss": {"min": 2142817.5}, "tau": {"min": 0.6323681473731995}, "mean_of_cosine_distances": 0.29600000381469727, "norm_mean_of_cosine_distances": 124285.703125, "pdiff_z1z2": {"min": 0.1537310779094696}, "pdiff_z0z3": {"min": 0.1557234525680542}, "pdiff_z0z1": {"min": 0.13091939687728882}, "pdiff_z0z2": {"min": 0.07111068814992905}, "kl_z0": {"min": 32.734134674072266}, "kl_z1": {"min": 32.632972717285156}, "kl_a_z0": {"min": 185.85987854003906}, "kl_a_z1": {"min": 199.8651885986328}, "kl_z1z2": {"min": 35.74088668823242}, "kl_z0z3": {"min": 35.08555603027344}, "x0y0": {"min": 15181.0419921875}, "x1y1": {"min": 14749.1396484375}, "x0y3": {"min": 4224.37890625}, "x1y2": {"min": 3727.739013671875}, "elbo": {"min": 25600.4140625}, "epoch": 899, "_timestamp": 1700136106.696133, "_runtime": 2819.989364862442, "_step": 899, "_wandb": {"runtime": 2824}}