{"loss": {"min": 11819.6435546875}, "tau": {"min": 0.5}, "pdiff_z1z2": {"min": 0.03445718437433243}, "pdiff_z0z3": {"min": 0.033471181988716125}, "pdiff_z0z1": {"min": 0.08664191514253616}, "pdiff_z0z2": {"min": 0.0713067352771759}, "kl_z0": {"min": 55.113685607910156}, "kl_z1": {"min": 54.9799690246582}, "kl_z1z2": {"min": 10.64852237701416}, "kl_z0z3": {"min": 10.542792320251465}, "x0y0": {"min": 267.66448974609375}, "x1y1": {"min": 248.68017578125}, "x0y3": {"min": 5639.9287109375}, "x1y2": {"min": 5730.74267578125}, "elbo": {"min": 3400.329833984375}, "epoch": 1099, "_timestamp": 1700353648.5931625, "_runtime": 3382.2337794303894, "_step": 1099, "_wandb": {"runtime": 3384}}