{"loss": 20648.908203125, "tau": 0.5, "pdiff_z1z2": 0.01598355732858181, "pdiff_z0z3": 0.0155555484816432, "pdiff_z0z1": 0.007490813732147217, "pdiff_z0z2": 0.021417228505015373, "kl_z0": 112.474365234375, "kl_z1": 113.27525329589844, "kl_a_z0": 0.0, "kl_a_z1": 0.0, "kl_z1z2": 3.936073064804077, "kl_z0z3": 4.005029678344727, "x0y0": 441.5806884765625, "x1y1": 18196.345703125, "x0y3": 364.8993225097656, "x1y2": 13860.8583984375, "elbo": 17649.744140625, "epoch": 1999, "_timestamp": 1702987646.7684064, "_runtime": 914.6284112930298, "_step": 1999, "_wandb": {"runtime": 914}}