{"loss": 6470765.0, "tau": 5.0, "pdiff_z1z2": 0.19864587485790253, "pdiff_z0z3": 0.19925342500209808, "pdiff_z0z1": 0.15948906540870667, "pdiff_z0z2": 0.11342735588550568, "kl_z0": 46.51985168457031, "kl_z1": 46.079559326171875, "kl_a_z0": 89.53596496582031, "kl_a_z1": 72.06653594970703, "kl_z1z2": 26.17581558227539, "kl_z0z3": 25.603906631469727, "x0y0": 3224382.25, "x1y1": 3221772.5, "x0y3": 3245893.0, "x1y2": 3246413.5, "elbo": 6457833.5, "epoch": 1, "_timestamp": 1700639420.6626077, "_runtime": 19.588651657104492, "_step": 1, "_wandb": {"runtime": 19}}