{"loss": 2035.24951171875, "tau": 0.5, "pdiff_z1z2": 0.003922161180526018, "pdiff_z0z3": 0.003784228814765811, "pdiff_z0z1": 0.06464722752571106, "pdiff_z0z2": 0.06620519608259201, "kl_z0": 14.828829765319824, "kl_z1": 14.414462089538574, "kl_a_z0": 1371.6302490234375, "kl_a_z1": 1371.7100830078125, "kl_z1z2": 0.6523507833480835, "kl_z0z3": 0.4447033107280731, "x0y0": 35.21629333496094, "x1y1": 28.95263671875, "x0y3": 406.5054626464844, "x1y2": 373.3846130371094, "elbo": 1629.665283203125, "epoch": 1999, "_timestamp": 1702380809.0261555, "_runtime": 4469.943906545639, "_step": 1999, "_wandb": {"runtime": 4469}}