{"loss": 1914.85400390625, "tau": 0.5, "pdiff_z1z2": 0.20054714381694794, "pdiff_z0z3": 0.19149062037467957, "pdiff_z0z1": 0.06798740476369858, "pdiff_z0z2": 0.20347964763641357, "kl_z0": 20.098237991333008, "kl_z1": 19.234453201293945, "kl_a_z0": 539.2326049804688, "kl_a_z1": 539.2120361328125, "kl_z1z2": 87.65042877197266, "kl_z0z3": 93.52030944824219, "x0y0": 231.00868225097656, "x1y1": 259.4450988769531, "x0y3": 1579.4024658203125, "x1y2": 1483.93798828125, "elbo": 1737.85693359375, "epoch": 1199, "_timestamp": 1702325209.6077666, "_runtime": 2606.410308599472, "_step": 1199, "_wandb": {"runtime": 2605}}