{"loss": 36190.17578125, "tau": 0.5023078918457031, "pdiff_z1z2": 0.017523569986224174, "pdiff_z0z3": 0.01770015060901642, "pdiff_z0z1": 0.12175986170768738, "pdiff_z0z2": 0.11694738268852234, "kl_z0": 114.94457244873047, "kl_z1": 114.79840850830078, "kl_a_z0": 75.06217193603516, "kl_a_z1": 140.15196228027344, "kl_z1z2": 5.267117023468018, "kl_z0z3": 5.110350131988525, "x0y0": 3763.77783203125, "x1y1": 3633.58740234375, "x0y3": 8967.658203125, "x1y2": 8936.3623046875, "elbo": 10249.1005859375, "epoch": 999, "_timestamp": 1700665871.2636266, "_runtime": 2340.677390575409, "_step": 999, "_wandb": {"runtime": 2340}}