{"loss": 5749178.0, "tau": 5.0, "pdiff_z1z2": 0.20692497491836548, "pdiff_z0z3": 0.20750518143177032, "pdiff_z0z1": 0.16515551507472992, "pdiff_z0z2": 0.11474962532520294, "kl_z0": 44.50847625732422, "kl_z1": 44.594993591308594, "kl_a_z0": 95.12743377685547, "kl_a_z1": 103.675048828125, "kl_z1z2": 27.18490982055664, "kl_z0z3": 27.40953826904297, "x0y0": 2857721.75, "x1y1": 2864554.0, "x0y3": 2889077.5, "x1y2": 2884033.0, "elbo": 5735142.0, "epoch": 1, "_timestamp": 1700639452.1740422, "_runtime": 20.122101306915283, "_step": 1, "_wandb": {"runtime": 19}}