{"loss": 3666.1083984375, "tau": 0.5, "pdiff_z1z2": 0.0617854967713356, "pdiff_z0z3": 0.06520812213420868, "pdiff_z0z1": 0.09397415816783905, "pdiff_z0z2": 0.08610796928405762, "kl_z0": 56.556724548339844, "kl_z1": 56.398162841796875, "kl_a_z0": 76.88639831542969, "kl_a_z1": 75.2608871459961, "kl_z1z2": 20.82863998413086, "kl_z0z3": 20.257869720458984, "x0y0": 530.646728515625, "x1y1": 521.01806640625, "x0y3": 4400.90283203125, "x1y2": 4134.279296875, "elbo": 3065.366943359375, "epoch": 1199, "_timestamp": 1701282804.8243632, "_runtime": 2756.6329941749573, "_step": 1199, "_wandb": {"runtime": 2750}}