{"loss": 4445.2177734375, "tau": 0.5, "pdiff_z1z2": 0.0003787236346397549, "pdiff_z0z3": 0.0003420463181100786, "pdiff_z0z1": 0.07361865788698196, "pdiff_z0z2": 0.07379619777202606, "kl_z0": 303.4216613769531, "kl_z1": 302.3401184082031, "kl_a_z0": 65.82927703857422, "kl_a_z1": 58.771400451660156, "kl_z1z2": 0.19399400055408478, "kl_z0z3": 0.22135397791862488, "x0y0": 24.383331298828125, "x1y1": 24.18571662902832, "x0y3": 24.37518310546875, "x1y2": 24.1785945892334, "elbo": 413.8502502441406, "epoch": 1999, "_timestamp": 1701792154.9030771, "_runtime": 4956.98766207695, "_step": 1999, "_wandb": {"runtime": 4956}}