{"loss": 704.2803955078125, "tau": 0.5, "pdiff_z1z2": 0.0020536191295832396, "pdiff_z0z3": 0.0030937185510993004, "pdiff_z0z1": 0.009441235102713108, "pdiff_z0z2": 0.009131360799074173, "kl_z0": 76.35590362548828, "kl_z1": 76.39358520507812, "kl_a_z0": 13.631052017211914, "kl_a_z1": 15.395011901855469, "kl_z1z2": 1.4385367631912231, "kl_z0z3": 0.7739218473434448, "x0y0": 10.765494346618652, "x1y1": 9.932791709899902, "x0y3": 108.58233642578125, "x1y2": 70.43487548828125, "elbo": 151.71890258789062, "epoch": 1999, "_timestamp": 1702658148.2679253, "_runtime": 728.2468383312225, "_step": 1999, "_wandb": {"runtime": 727}}