{"loss": 309.23150634765625, "tau": 0.5, "pdiff_z1z2": 0.010289518162608147, "pdiff_z0z3": 0.02707141451537609, "pdiff_z0z1": 0.09683659672737122, "pdiff_z0z2": 0.09621618688106537, "kl_z0": 55.9566535949707, "kl_z1": 56.06334686279297, "kl_a_z0": 15.373016357421875, "kl_a_z1": 16.418428421020508, "kl_z1z2": 4.108564853668213, "kl_z0z3": 1.5870749950408936, "x0y0": 57.45610809326172, "x1y1": 30.012657165527344, "x0y3": 73.534423828125, "x1y2": 43.798309326171875, "elbo": 168.26437377929688, "epoch": 1199, "_timestamp": 1702626620.3412564, "_runtime": 393.36984038352966, "_step": 1199, "_wandb": {"runtime": 392}}