{"loss": 2725211.75, "tau": 4.763980865478516, "pdiff_z1z2": 0.30122101306915283, "pdiff_z0z3": 0.2983229160308838, "pdiff_z0z1": 0.21339428424835205, "pdiff_z0z2": 0.18098022043704987, "kl_z0": 218.11000061035156, "kl_z1": 217.71908569335938, "kl_a_z0": 107.22659301757812, "kl_a_z1": 102.32948303222656, "kl_z1z2": 146.4997100830078, "kl_z0z3": 149.9717559814453, "x0y0": 944509.8125, "x1y1": 953553.9375, "x0y3": 1120291.625, "x1y2": 1112513.125, "elbo": 1982145.75, "epoch": 22, "_timestamp": 1701180082.8314955, "_runtime": 80.1330635547638, "_step": 22}