{"loss": 878.134765625, "tau": 0.5, "pdiff_z1z2": 0.005125714931637049, "pdiff_z0z3": 0.010809221304953098, "pdiff_z0z1": 0.029568661004304886, "pdiff_z0z2": 0.030628003180027008, "kl_z0": 17.560110092163086, "kl_z1": 17.68667221069336, "kl_a_z0": 4.380967617034912, "kl_a_z1": 4.434324741363525, "kl_z1z2": 1.3910729885101318, "kl_z0z3": 0.48900914192199707, "x0y0": 48.327022552490234, "x1y1": 49.970340728759766, "x0y3": 477.7013244628906, "x1y2": 137.29722595214844, "elbo": 249.97373962402344, "epoch": 1199, "_timestamp": 1702627856.9622724, "_runtime": 398.1359393596649, "_step": 1199, "_wandb": {"runtime": 397}}