{"loss": {"min": 564693.0625}, "tau": {"min": 4.560054302215576}, "pdiff_z1z2": {"min": 0.2882547676563263}, "pdiff_z0z3": {"min": 0.28799760341644287}, "pdiff_z0z1": {"min": 0.03653935715556145}, "pdiff_z0z2": {"min": 0.2776873707771301}, "kl_z0": {"min": 101.94466400146484}, "kl_z1": {"min": 102.21672058105469}, "kl_z1z2": {"min": 111.07002258300781}, "kl_z0z3": {"min": 110.84722137451172}, "x0y0": {"min": 19.346080780029297}, "x1y1": {"min": 19.041215896606445}, "x0y3": {"min": 15179.6259765625}, "x1y2": {"min": 16484.529296875}, "elbo": {"min": 8215.7568359375}, "epoch": 41, "_timestamp": 1700469221.1975842, "_runtime": 135.39586424827576, "_step": 41}