{"loss": 21447.71484375, "tau": 0.5, "pdiff_z1z2": 0.03250932693481445, "pdiff_z0z3": 0.03158453479409218, "pdiff_z0z1": 0.10039976984262466, "pdiff_z0z2": 0.08268950134515762, "kl_z0": 116.13267517089844, "kl_z1": 114.9197769165039, "kl_a_z0": 54.51570129394531, "kl_a_z1": 47.0368537902832, "kl_z1z2": 29.24086570739746, "kl_z0z3": 29.508529663085938, "x0y0": 348.6881103515625, "x1y1": 271.5753479003906, "x0y3": 9712.3583984375, "x1y2": 10644.1552734375, "elbo": 5735.3154296875, "epoch": 1199, "_timestamp": 1701122528.8054297, "_runtime": 2923.2049956321716, "_step": 1199, "_wandb": {"runtime": 2922}}