{"loss": {"min": 657180.75}, "tau": {"min": 0.5}, "pdiff_z1z2": {"min": 0.1362108588218689}, "pdiff_z0z3": {"min": 0.13445156812667847}, "pdiff_z0z1": {"min": 0.09780307859182358}, "pdiff_z0z2": {"min": 0.0890834778547287}, "kl_z0": {"min": 207.11676025390625}, "kl_z1": {"min": 207.35533142089844}, "kl_z1z2": {"min": 120.7137680053711}, "kl_z0z3": {"min": 120.21253967285156}, "x0y0": {"min": 6675.71923828125}, "x1y1": {"min": 6437.52294921875}, "x0y3": {"min": 1043.4486083984375}, "x1y2": {"min": 1110.45654296875}, "elbo": {"min": 10878.0283203125}, "epoch": 1099, "_timestamp": 1700415802.0420537, "_runtime": 3538.782326698303, "_step": 1099, "_wandb": {"runtime": 3541}}