{"loss": 2259.8076171875, "tau": 0.5, "pdiff_z1z2": 0.0021260236389935017, "pdiff_z0z3": 0.002099133562296629, "pdiff_z0z1": 0.04287748411297798, "pdiff_z0z2": 0.042645569890737534, "kl_z0": 118.06580352783203, "kl_z1": 118.08637237548828, "kl_a_z0": 21.064268112182617, "kl_a_z1": 20.86871910095215, "kl_z1z2": 1.7531228065490723, "kl_z0z3": 1.795365333557129, "x0y0": 26.247995376586914, "x1y1": 26.33399772644043, "x0y3": 26.274694442749023, "x1y2": 26.333898544311523, "elbo": 192.51834106445312, "epoch": 1199, "_timestamp": 1701683516.4469244, "_runtime": 3055.4764955043793, "_step": 1199, "_wandb": {"runtime": 3054}}