{"loss": {"min": 23077328.0}, "tau": {"min": 0.6323681473731995}, "mean_of_cosine_distances": 0.2840000092983246, "norm_mean_of_cosine_distances": 1259231.25, "pdiff_z1z2": {"min": 0.1449732780456543}, "pdiff_z0z3": {"min": 0.1414935439825058}, "pdiff_z0z1": {"min": 0.13490863144397736}, "pdiff_z0z2": {"min": 0.07707136869430542}, "kl_z0": {"min": 33.20685958862305}, "kl_z1": {"min": 32.99361038208008}, "kl_a_z0": {"min": 215.50038146972656}, "kl_a_z1": {"min": 211.06044006347656}, "kl_z1z2": {"min": 31.823076248168945}, "kl_z0z3": {"min": 31.789703369140625}, "x0y0": {"min": 15068.0439453125}, "x1y1": {"min": 15064.92578125}, "x0y3": {"min": 4753.7705078125}, "x1y2": {"min": 3839.512939453125}, "elbo": {"min": 25938.87109375}, "epoch": 899, "_timestamp": 1700163325.2993264, "_runtime": 2765.759133338928, "_step": 899, "_wandb": {"runtime": 2769}}