{"loss": 5302.4921875, "tau": 0.5, "pdiff_z1z2": 0.04470815137028694, "pdiff_z0z3": 0.04640790447592735, "pdiff_z0z1": 0.05372830107808113, "pdiff_z0z2": 0.05720098316669464, "kl_z0": 17.82940101623535, "kl_z1": 17.917818069458008, "kl_a_z0": 14.661431312561035, "kl_a_z1": 15.71360969543457, "kl_z1z2": 4.586223602294922, "kl_z0z3": 4.393702030181885, "x0y0": 1284.0101318359375, "x1y1": 647.25146484375, "x0y3": 2681.84912109375, "x1y2": 2978.71337890625, "elbo": 2898.892822265625, "epoch": 1999, "_timestamp": 1702379998.6940691, "_runtime": 661.4677262306213, "_step": 1999, "_wandb": {"runtime": 661}}