{"loss": {"min": 37601.47265625}, "tau": {"min": 0.5}, "pdiff_z1z2": {"min": 0.03635263070464134}, "pdiff_z0z3": {"min": 0.036677874624729156}, "pdiff_z0z1": {"min": 0.12980149686336517}, "pdiff_z0z2": {"min": 0.11200970411300659}, "kl_z0": {"min": 31.254371643066406}, "kl_z1": {"min": 31.08780860900879}, "kl_z1z2": {"min": 4.352163314819336}, "kl_z0z3": {"min": 4.396584987640381}, "x0y0": {"min": 3395.53173828125}, "x1y1": {"min": 3161.09814453125}, "x0y3": {"min": 9359.578125}, "x1y2": {"min": 10129.626953125}, "elbo": {"min": 10003.0498046875}, "epoch": 1099, "_timestamp": 1700315229.2271435, "_runtime": 3346.078530550003, "_step": 1099, "_wandb": {"runtime": 3348}}