{"loss": {"min": 220730.40625}, "tau": {"min": 0.6323681473731995}, "mean_of_cosine_distances": 0.0, "norm_mean_of_cosine_distances": 0.0, "pdiff_z1z2": {"min": 0.17844785749912262}, "pdiff_z0z3": {"min": 0.17926430702209473}, "pdiff_z0z1": {"min": 0.1215081587433815}, "pdiff_z0z2": {"min": 0.122120201587677}, "kl_z0": {"min": 205.62290954589844}, "kl_z1": {"min": 205.5959014892578}, "kl_a_z0": {"min": 310.92938232421875}, "kl_a_z1": {"min": 334.6982116699219}, "kl_z1z2": {"min": 128.22265625}, "kl_z0z3": {"min": 128.41493225097656}, "x0y0": {"min": 4417.94482421875}, "x1y1": {"min": 3954.41015625}, "x0y3": {"min": 400.6807556152344}, "x1y2": {"min": 372.9942932128906}, "elbo": {"min": 7883.26806640625}, "epoch": 899, "_timestamp": 1700200211.6799526, "_runtime": 2926.448561668396, "_step": 899, "_wandb": {"runtime": 2931}}