{"loss": {"min": 41521.46875}, "tau": {"min": 0.6323681473731995}, "mean_of_cosine_distances": 0.0, "norm_mean_of_cosine_distances": 0.0, "pdiff_z1z2": {"min": 0.1198461651802063}, "pdiff_z0z3": {"min": 0.12087777256965637}, "pdiff_z0z1": {"min": 0.12059543281793594}, "pdiff_z0z2": {"min": 0.12451396882534027}, "kl_z0": {"min": 206.38258361816406}, "kl_z1": {"min": 206.47021484375}, "kl_a_z0": {"min": 273.6120300292969}, "kl_a_z1": {"min": 339.6858825683594}, "kl_z1z2": {"min": 119.22490692138672}, "kl_z0z3": {"min": 118.76071166992188}, "x0y0": {"min": 641.40771484375}, "x1y1": {"min": 605.8433837890625}, "x0y3": {"min": 547.8433227539062}, "x1y2": {"min": 585.526123046875}, "elbo": {"min": 2530.443115234375}, "epoch": 899, "_timestamp": 1700191334.1654823, "_runtime": 2932.952547311783, "_step": 899, "_wandb": {"runtime": 2937}}