{"loss": 25506.05859375, "tau": 0.5, "pdiff_z1z2": 0.009484384208917618, "pdiff_z0z3": 0.010901935398578644, "pdiff_z0z1": 0.01500210165977478, "pdiff_z0z2": 0.01948629692196846, "kl_z0": 99.10291290283203, "kl_z1": 98.81359100341797, "kl_a_z0": 33.88425827026367, "kl_a_z1": 37.8765869140625, "kl_z1z2": 0.8036326766014099, "kl_z0z3": 0.6058216691017151, "x0y0": 10245.830078125, "x1y1": 11817.275390625, "x0y3": 9914.4765625, "x1y2": 11286.54296875, "elbo": 21982.7734375, "epoch": 1199, "_timestamp": 1702628259.3264062, "_runtime": 394.0473783016205, "_step": 1199, "_wandb": {"runtime": 393}}