{"loss": {"min": 16410748.0}, "tau": {"min": 4.742092132568359}, "pdiff_z1z2": {"min": 0.22050537168979645}, "pdiff_z0z3": {"min": 0.22101321816444397}, "pdiff_z0z1": {"min": 0.13180913031101227}, "pdiff_z0z2": {"min": 0.09835699200630188}, "kl_a_z0": {"min": 75.19013977050781}, "kl_a_z1": {"min": 85.2560043334961}, "kl_z0": {"min": 31.931135177612305}, "kl_z1": {"min": 31.957324981689453}, "kl_z1z2": {"min": 20.637990951538086}, "kl_z0z3": {"min": 20.575794219970703}, "x0y0": {"min": 356860.6875}, "x1y1": {"min": 353342.25}, "x0y3": {"min": 315816.0625}, "x1y2": {"min": 319240.40625}, "elbo": {"min": 691481.1875}, "epoch": 24, "_timestamp": 1700600825.5093317, "_runtime": 99.04226469993591, "_step": 24}