{"loss": 42881.90625, "tau": 0.5, "pdiff_z1z2": 0.01642266847193241, "pdiff_z0z3": 0.01610438898205757, "pdiff_z0z1": 0.102713443338871, "pdiff_z0z2": 0.09699095040559769, "kl_z0": 127.42932891845703, "kl_z1": 127.61447143554688, "kl_a_z0": 124.19332885742188, "kl_a_z1": 103.5869369506836, "kl_z1z2": 6.373449325561523, "kl_z0z3": 6.4232964515686035, "x0y0": 3282.239013671875, "x1y1": 3598.532470703125, "x0y3": 8621.2412109375, "x1y2": 8740.1865234375, "elbo": 9745.5458984375, "epoch": 1199, "_timestamp": 1701154515.9941719, "_runtime": 2849.9066457748413, "_step": 1199, "_wandb": {"runtime": 2849}}