{"loss": 1667.61669921875, "tau": 0.5, "pdiff_z1z2": 0.17691436409950256, "pdiff_z0z3": 0.1679038256406784, "pdiff_z0z1": 0.06488654017448425, "pdiff_z0z2": 0.1811116635799408, "kl_z0": 18.117595672607422, "kl_z1": 17.196130752563477, "kl_a_z0": 542.22314453125, "kl_a_z1": 542.1641845703125, "kl_z1z2": 81.48810577392578, "kl_z0z3": 85.58418273925781, "x0y0": 202.40650939941406, "x1y1": 185.21636962890625, "x0y3": 1216.427978515625, "x1y2": 1249.0489501953125, "elbo": 1508.7049560546875, "epoch": 1999, "_timestamp": 1702375512.997391, "_runtime": 4585.237794876099, "_step": 1999, "_wandb": {"runtime": 4584}}