{"loss": 543068.25, "tau": 4.988500118255615, "pdiff_z1z2": 0.38890039920806885, "pdiff_z0z3": 0.3874202370643616, "pdiff_z0z1": 0.16243785619735718, "pdiff_z0z2": 0.3011113405227661, "kl_z0": 30.58087730407715, "kl_z1": 30.4368953704834, "kl_a_z0": 14.468618392944336, "kl_a_z1": 14.487071990966797, "kl_z1z2": 58.87620544433594, "kl_z0z3": 59.304237365722656, "x0y0": 254302.21875, "x1y1": 255629.15625, "x0y3": 263804.53125, "x1y2": 259215.453125, "elbo": 513278.09375, "epoch": 2, "_timestamp": 1702376263.99875, "_runtime": 29.57726001739502, "_step": 2, "_wandb": {"runtime": 29}}