{"loss": {"min": 194077.734375}, "tau": {"min": 0.5}, "pdiff_z1z2": {"min": 0.1044875904917717}, "pdiff_z0z3": {"min": 0.1022956594824791}, "pdiff_z0z1": {"min": 0.08067043870687485}, "pdiff_z0z2": {"min": 0.07363168150186539}, "kl_z0": {"min": 33.03453826904297}, "kl_z1": {"min": 32.72019958496094}, "kl_z1z2": {"min": 17.71885871887207}, "kl_z0z3": {"min": 17.733013153076172}, "x0y0": {"min": 9103.7353515625}, "x1y1": {"min": 9213.5380859375}, "x0y3": {"min": 3367.337890625}, "x1y2": {"min": 3641.4619140625}, "elbo": {"min": 15783.236328125}, "epoch": 1099, "_timestamp": 1700319936.3143368, "_runtime": 4695.221306800842, "_step": 1099, "_wandb": {"runtime": 4697}}