{"loss": 4364.0751953125, "tau": 0.5023078918457031, "pdiff_z1z2": 0.049723390489816666, "pdiff_z0z3": 0.049378689378499985, "pdiff_z0z1": 0.06441886723041534, "pdiff_z0z2": 0.04386588931083679, "kl_z0": 63.444007873535156, "kl_z1": 63.54208755493164, "kl_a_z0": 55.421043395996094, "kl_a_z1": 52.63382339477539, "kl_z1z2": 22.545452117919922, "kl_z0z3": 22.523706436157227, "x0y0": 257.935791015625, "x1y1": 290.42047119140625, "x0y3": 4313.314453125, "x1y2": 4235.1689453125, "elbo": 2677.17578125, "epoch": 999, "_timestamp": 1700658422.4820685, "_runtime": 2335.3164935112, "_step": 999, "_wandb": {"runtime": 2334}}