{"loss": 8132.736328125, "tau": 0.5, "pdiff_z1z2": 0.06875181943178177, "pdiff_z0z3": 0.0684623047709465, "pdiff_z0z1": 0.07450618594884872, "pdiff_z0z2": 0.061122991144657135, "kl_z0": 92.43528747558594, "kl_z1": 92.1720199584961, "kl_a_z0": 73.945556640625, "kl_a_z1": 79.23686218261719, "kl_z1z2": 30.431772232055664, "kl_z0z3": 30.519622802734375, "x0y0": 1501.9134521484375, "x1y1": 1269.061279296875, "x0y3": 6854.826171875, "x1y2": 7269.5458984375, "elbo": 5793.45703125, "epoch": 1199, "_timestamp": 1701140134.1676414, "_runtime": 2862.123254299164, "_step": 1199, "_wandb": {"runtime": 2861}}