{"loss": {"min": 4232.9140625}, "tau": {"min": 0.5}, "pdiff_z1z2": {"min": 0.049641236662864685}, "pdiff_z0z3": {"min": 0.04985174164175987}, "pdiff_z0z1": {"min": 0.06890399008989334}, "pdiff_z0z2": {"min": 0.04881313815712929}, "kl_z0": {"min": 62.81288528442383}, "kl_z1": {"min": 62.98158264160156}, "kl_z1z2": {"min": 16.041614532470703}, "kl_z0z3": {"min": 15.80684757232666}, "x0y0": {"min": 199.2748565673828}, "x1y1": {"min": 198.16041564941406}, "x0y3": {"min": 3876.712158203125}, "x1y2": {"min": 4399.58984375}, "elbo": {"min": 2498.532470703125}, "epoch": 1099, "_timestamp": 1700350255.4630353, "_runtime": 3393.2268364429474, "_step": 1099, "_wandb": {"runtime": 3395}}