{"loss": 5163.7890625, "tau": 0.5, "pdiff_z1z2": 0.026918534189462662, "pdiff_z0z3": 0.027047989889979362, "pdiff_z0z1": 0.04698297753930092, "pdiff_z0z2": 0.024281898513436317, "kl_z0": 92.73307800292969, "kl_z1": 91.88495635986328, "kl_a_z0": 31.538270950317383, "kl_a_z1": 30.6477108001709, "kl_z1z2": 43.62569046020508, "kl_z0z3": 43.219295501708984, "x0y0": 154.30096435546875, "x1y1": 119.23986053466797, "x0y3": 3362.811767578125, "x1y2": 3970.49072265625, "elbo": 2183.594482421875, "epoch": 1999, "_timestamp": 1701203991.048614, "_runtime": 4894.579092025757, "_step": 1999, "_wandb": {"runtime": 4894}}