{
  "metrics": {
    "train": {
      "loss": 3415.3998914930557,
      "tau": 5.0,
      "pdiff_z1z2": 0.006779503884414831,
      "pdiff_z0z3": 0.006186863924894068,
      "pdiff_z0z1": 0.10419399754868613,
      "pdiff_z0z2": 0.10512328462468254,
      "kl_z0": 127.76607784695095,
      "kl_z1": 127.29291263156468,
      "kl_a_z0": 71.58330014546712,
      "kl_a_z1": 67.30336019727919,
      "kl_z1z2": 3.061822605133057,
      "kl_z0z3": 3.3483222007751463,
      "x0y0": 122.45749782986111,
      "x1y1": 121.04617936876085,
      "x0y3": 565.5557156032986,
      "x1y2": 576.4352105034723,
      "elbo": 666.700836859809
    },
    "test": {
      "loss": 17324.7265625,
      "tau": 5.0,
      "pdiff_z1z2": 0.02040877193212509,
      "pdiff_z0z3": 0.01972036249935627,
      "pdiff_z0z1": 0.11658827215433121,
      "pdiff_z0z2": 0.10515808314085007,
      "kl_z0": 128.3632354736328,
      "kl_z1": 127.58805847167969,
      "kl_a_z0": 47.728145599365234,
      "kl_a_z1": 44.40386962890625,
      "kl_z1z2": 26.680757522583008,
      "kl_z0z3": 27.000883102416992,
      "x0y0": 175.29747009277344,
      "x1y1": 156.9231719970703,
      "x0y3": 4288.185546875,
      "x1y2": 5029.125,
      "elbo": 2765.955078125
    }
  },
  "sae": {
    "mse": {
      "vanilla": {
        "train": 0.0010568737268680972,
        "test": 0.0014419300227822595
      },
      "gaussian": {
        "train": 0.0010464089333594273,
        "test": 0.0016441404082333426
      }
    },
    "activation": {
      "train": 0.17327959835529327,
      "test": 0.17445090413093567
    },
    "ever_1": {
      "train": 212.0,
      "test": 212.0
    },
    "ever_0": {
      "train": 275.0,
      "test": 275.0
    },
    "effective": {
      "train": 212.0,
      "test": 212.0
    },
    "variance": {
      "gaussian": {
        "train": {
          "max": 0.25,
          "min": 0.0,
          "mean": 0.0002641131286509335,
          "median": 0.0
        },
        "test": {
          "max": 0.25,
          "min": 0.0,
          "mean": 0.0008557091350667179,
          "median": 0.0
        }
      }
    }
  },
  "cycle_consistency": {
    "train": {
      "xs01": [
        0.0,
        0.0010568738042869466,
        0.0010743001241710452,
        0.0010909708051407363,
        0.001090928709630972,
        0.0010909650671438286,
        0.0010909287091684114,
        0.0010909650673222775,
        0.0010909287096977612,
        0.0010909650671836167
      ],
      "xs12": [
        0.0010568738042869466,
        8.388033165829256e-06,
        4.498283942666603e-06,
        2.038782156432717e-07,
        1.0903205094336954e-07,
        1.0903205094336954e-07,
        1.0903205094336954e-07,
        1.0903205094336954e-07,
        1.0903205094336954e-07,
        1.0903205094336954e-07
      ],
      "xs13": [
        0.09110872536181859,
        0.0001055057073244825,
        3.094803832937032e-05,
        2.426761966489721e-05,
        2.3402562874252908e-05,
        2.329353264940437e-05,
        2.3402562874252908e-05,
        2.329353264940437e-05,
        2.3402562874252908e-05,
        2.329353264940437e-05
      ],
      "xs34": [
        0.09107142031179187,
        7.561429083580151e-05,
        4.962020739185391e-06,
        1.0831204235728364e-06,
        1.0903205094336954e-07,
        1.0903205094336954e-07,
        1.0903205094336954e-07,
        1.0903205094336954e-07,
        1.0903205094336954e-07,
        1.0903205094336954e-07
      ],
      "zs01": [
        0.0,
        1.7777778339223005e-05,
        1.858585892478004e-05,
        2.0202020095894113e-05,
        1.9393939510337077e-05,
        2.0202020095894113e-05,
        1.9393939510337077e-05,
        2.0202020095894113e-05,
        1.9393939510337077e-05,
        2.0202020095894113e-05
      ],
      "zs12": [
        1.7777778339223005e-05,
        2.4242424387921346e-06,
        1.616161625861423e-06,
        8.080808129307115e-07,
        8.080808129307115e-07,
        8.080808129307115e-07,
        8.080808129307115e-07,
        8.080808129307115e-07,
        8.080808129307115e-07,
        8.080808129307115e-07
      ],
      "zs13": [
        0.0004311111115384847,
        1.7373737136949785e-05,
        1.5757575965835713e-05,
        1.3333333299669903e-05,
        1.4141413885226939e-05,
        1.3333333299669903e-05,
        1.4141413885226939e-05,
        1.3333333299669903e-05,
        1.4141413885226939e-05,
        1.3333333299669903e-05
      ],
      "zs34": [
        0.00041696970583871007,
        3.232323251722846e-06,
        2.4242424387921346e-06,
        8.080808129307115e-07,
        8.080808129307115e-07,
        8.080808129307115e-07,
        8.080808129307115e-07,
        8.080808129307115e-07,
        8.080808129307115e-07,
        8.080808129307115e-07
      ]
    },
    "test": {
      "xs01": [
        0.0,
        0.0014419300839185088,
        0.0017426449412729264,
        0.0021876161814842294,
        0.002226945080128116,
        0.00239896487927246,
        0.0023832206363963563,
        0.00239896487927246,
        0.0023832206363963563,
        0.00239896487927246
      ],
      "xs12": [
        0.0014419300839185088,
        0.00020335009321570396,
        0.00017272308468818665,
        3.3397784136468545e-05,
        5.123780283611268e-05,
        1.7279937310377136e-05,
        1.7279937310377136e-05,
        1.7279937310377136e-05,
        1.7279937310377136e-05,
        1.7279937310377136e-05
      ],
      "xs13": [
        0.09241519987160328,
        0.001330694416537881,
        0.0008933426579460502,
        0.0007603956619277596,
        0.0008178326534107327,
        0.0008817026391625404,
        0.0009693171014077961,
        0.0009581966442056,
        0.0009693171014077961,
        0.0009581966442056
      ],
      "xs34": [
        0.09150402582542519,
        0.0006492145475931466,
        0.00021065407781861722,
        9.142256021732464e-05,
        7.60889015509747e-05,
        2.7476022296468727e-05,
        1.7279937310377136e-05,
        1.7279937310377136e-05,
        1.7279937310377136e-05,
        1.7279937310377136e-05
      ],
      "zs01": [
        0.0,
        0.00021090908558107913,
        0.00024727272102609277,
        0.00029090908356010914,
        0.0002763636293821037,
        0.00029818181064911187,
        0.0002763636293821037,
        0.00029818181064911187,
        0.0002763636293821037,
        0.00029818181064911187
      ],
      "zs12": [
        0.00021090908558107913,
        7.999999797903001e-05,
        4.363636253401637e-05,
        4.363636253401637e-05,
        2.1818181267008185e-05,
        2.1818181267008185e-05,
        2.1818181267008185e-05,
        2.1818181267008185e-05,
        2.1818181267008185e-05,
        2.1818181267008185e-05
      ],
      "zs13": [
        0.0017600000137463212,
        0.0003054545377381146,
        0.00026909090229310095,
        0.0002618181752040982,
        0.0002545454481150955,
        0.0002545454481150955,
        0.0002618181752040982,
        0.0002545454481150955,
        0.0002618181752040982,
        0.0002545454481150955
      ],
      "zs34": [
        0.0016145454719662666,
        0.00010909090633504093,
        7.999999797903001e-05,
        6.545454380102456e-05,
        2.9090908356010914e-05,
        2.1818181267008185e-05,
        2.1818181267008185e-05,
        2.1818181267008185e-05,
        2.1818181267008185e-05,
        2.1818181267008185e-05
      ]
    }
  },
  "z1z2": {
    "mae": {
      "vanilla": {
        "train": 0.003371313214302063,
        "test": 0.017454545944929123
      },
      "gaussian": {
        "train": 0.003979797940701246,
        "test": 0.0175127275288105
      }
    },
    "match_prob": {
      "vanilla": {
        "train": 0.3938571810722351,
        "test": 0.007442080415785313
      },
      "gaussian": {
        "train": 0.33385923504829407,
        "test": 0.007946471683681011
      }
    },