{"loss": 27440.20703125, "tau": 0.5, "pdiff_z1z2": 0.039343737065792084, "pdiff_z0z3": 0.038418497890233994, "pdiff_z0z1": 0.0934973657131195, "pdiff_z0z2": 0.07302410155534744, "kl_z0": 118.1091537475586, "kl_z1": 118.44046783447266, "kl_a_z0": 61.34989547729492, "kl_a_z1": 50.327903747558594, "kl_z1z2": 34.79499053955078, "kl_z0z3": 35.15705490112305, "x0y0": 742.2802734375, "x1y1": 722.426513671875, "x0y3": 15001.4619140625, "x1y2": 15458.8564453125, "elbo": 8905.2099609375, "epoch": 1199, "_timestamp": 1701125488.4668734, "_runtime": 2947.6808683872223, "_step": 1199, "_wandb": {"runtime": 2947}}