{"loss": {"min": 386068.9375}, "tau": {"min": 0.6323681473731995}, "mean_of_cosine_distances": 0.0, "norm_mean_of_cosine_distances": 0.0, "pdiff_z1z2": {"min": 0.13148202002048492}, "pdiff_z0z3": {"min": 0.13054193556308746}, "pdiff_z0z1": {"min": 0.11438305675983429}, "pdiff_z0z2": {"min": 0.12250956892967224}, "kl_z0": {"min": 202.95814514160156}, "kl_z1": {"min": 202.32467651367188}, "kl_a_z0": {"min": 284.23370361328125}, "kl_a_z1": {"min": 319.5721740722656}, "kl_z1z2": {"min": 126.91653442382812}, "kl_z0z3": {"min": 127.37739562988281}, "x0y0": {"min": 2507.44921875}, "x1y1": {"min": 2328.01220703125}, "x0y3": {"min": 580.4912719726562}, "x1y2": {"min": 601.2579956054688}, "elbo": {"min": 5286.85888671875}, "epoch": 899, "_timestamp": 1700203175.0211709, "_runtime": 2943.3860569000244, "_step": 899, "_wandb": {"runtime": 2947}}