{"loss": {"min": 19946744.0}, "tau": {"min": 0.5}, "pdiff_z1z2": {"min": 0.10105980187654495}, "pdiff_z0z3": {"min": 0.10197309404611588}, "pdiff_z0z1": {"min": 0.08032596111297607}, "pdiff_z0z2": {"min": 0.0637126937508583}, "kl_z0": {"min": 32.66763687133789}, "kl_z1": {"min": 32.309566497802734}, "kl_z1z2": {"min": 17.78021812438965}, "kl_z0z3": {"min": 17.913131713867188}, "x0y0": {"min": 10452.7548828125}, "x1y1": {"min": 9826.1728515625}, "x0y3": {"min": 3923.448486328125}, "x1y2": {"min": 3870.788330078125}, "elbo": {"min": 17469.18359375}, "epoch": 1099, "_timestamp": 1700343497.7573996, "_runtime": 3360.8298156261444, "_step": 1099, "_wandb": {"runtime": 3363}}