{"loss": 4270.51318359375, "tau": 0.5, "pdiff_z1z2": 0.031311068683862686, "pdiff_z0z3": 0.030676288530230522, "pdiff_z0z1": 0.053200654685497284, "pdiff_z0z2": 0.030155200511217117, "kl_z0": 86.20925903320312, "kl_z1": 86.0267105102539, "kl_a_z0": 41.08662414550781, "kl_a_z1": 39.38270950317383, "kl_z1z2": 32.6129264831543, "kl_z0z3": 33.32672882080078, "x0y0": 144.94805908203125, "x1y1": 123.99559020996094, "x0y3": 2697.41552734375, "x1y2": 3378.180908203125, "elbo": 1863.4443359375, "epoch": 1199, "_timestamp": 1701110657.648429, "_runtime": 2949.2832939624786, "_step": 1199, "_wandb": {"runtime": 2948}}