{"loss": 94.88826293945313, "tau": 0.5, "pdiff_z1z2": 0.0012312675593420864, "pdiff_z0z3": 0.0016178721329197288, "pdiff_z0z1": 0.04953816533088684, "pdiff_z0z2": 0.050017765164375304, "kl_z0": 61.57543792724609, "kl_z1": 54.057167053222656, "kl_a_z0": 4.668737435340882, "kl_a_z1": 4.123866748809815, "kl_z1z2": 0.020420895144343375, "kl_z0z3": 0.009920322895050048, "x0y0": 15.419353866577149, "x1y1": 9.670999908447266, "x0y3": 15.419353866577149, "x1y2": 9.670999908447266, "elbo": 87.31054077148437, "epoch": 1999, "_timestamp": 1702936553.6869442, "_runtime": 2385.1395523548126, "_step": 1999, "_wandb": {"runtime": 2384}}