{"loss": 1834822.0, "tau": 4.785970211029053, "pdiff_z1z2": 0.3135969936847687, "pdiff_z0z3": 0.3126981854438782, "pdiff_z0z1": 0.08440260589122772, "pdiff_z0z2": 0.2835999131202698, "kl_z0": 125.1892318725586, "kl_z1": 125.16741180419922, "kl_a_z0": 57.465946197509766, "kl_a_z1": 52.40119171142578, "kl_z1z2": 143.05862426757812, "kl_z0z3": 142.9811248779297, "x0y0": 570379.125, "x1y1": 575546.3125, "x0y3": 524336.375, "x1y2": 511550.46875, "elbo": 1118667.5, "epoch": 20, "_timestamp": 1701180222.600106, "_runtime": 82.5321729183197, "_step": 20}