{"loss": 30160.728515625, "tau": 0.5023078918457031, "pdiff_z1z2": 0.008844602853059769, "pdiff_z0z3": 0.008604687638580799, "pdiff_z0z1": 0.11604771018028259, "pdiff_z0z2": 0.11541816592216492, "kl_z0": 326.23724365234375, "kl_z1": 326.704345703125, "kl_a_z0": 102.29702758789062, "kl_a_z1": 109.57554626464844, "kl_z1z2": 4.264998435974121, "kl_z0z3": 4.342521667480469, "x0y0": 2452.247314453125, "x1y1": 2321.01171875, "x0y3": 9057.2626953125, "x1y2": 9461.048828125, "elbo": 8644.0810546875, "epoch": 999, "_timestamp": 1700680770.3619204, "_runtime": 2504.689957380295, "_step": 999, "_wandb": {"runtime": 2504}}