{"loss": 6746.27197265625, "tau": 0.5, "pdiff_z1z2": 0.045328494161367416, "pdiff_z0z3": 0.04523324593901634, "pdiff_z0z1": 0.061532456427812576, "pdiff_z0z2": 0.03861643746495247, "kl_z0": 111.58450317382812, "kl_z1": 111.42788696289062, "kl_a_z0": 53.89392852783203, "kl_a_z1": 49.308380126953125, "kl_z1z2": 40.00201416015625, "kl_z0z3": 39.38630676269531, "x0y0": 340.9855651855469, "x1y1": 306.32464599609375, "x0y3": 5562.0400390625, "x1y2": 6875.630859375, "elbo": 3777.85498046875, "epoch": 1199, "_timestamp": 1701113630.4030607, "_runtime": 2959.1529607772827, "_step": 1199, "_wandb": {"runtime": 2958}}