{"loss": 14926.341796875, "tau": 0.5, "pdiff_z1z2": 0.04009805619716644, "pdiff_z0z3": 0.0409761406481266, "pdiff_z0z1": 0.09027596563100815, "pdiff_z0z2": 0.07238123565912247, "kl_z0": 71.0990219116211, "kl_z1": 71.04163360595703, "kl_a_z0": 51.420265197753906, "kl_a_z1": 54.31496047973633, "kl_z1z2": 18.101280212402344, "kl_z0z3": 17.908376693725586, "x0y0": 443.0807800292969, "x1y1": 386.6754150390625, "x0y3": 8552.0673828125, "x1y2": 9600.09375, "elbo": 5293.29736328125, "epoch": 1199, "_timestamp": 1701148770.2876132, "_runtime": 2859.912734270096, "_step": 1199, "_wandb": {"runtime": 2859}}