{"loss": 506120.21875, "tau": 4.988500118255615, "pdiff_z1z2": 0.3753022253513336, "pdiff_z0z3": 0.3716466426849365, "pdiff_z0z1": 0.17092333734035492, "pdiff_z0z2": 0.2799687683582306, "kl_z0": 33.174861907958984, "kl_z1": 32.57727813720703, "kl_a_z0": 21.734529495239258, "kl_a_z1": 22.669588088989258, "kl_z1z2": 56.72612762451172, "kl_z0z3": 57.54491424560547, "x0y0": 238473.171875, "x1y1": 236028.21875, "x0y3": 243236.625, "x1y2": 243248.90625, "elbo": 477581.09375, "epoch": 2, "_timestamp": 1702574780.150221, "_runtime": 16.00385618209839, "_step": 2, "_wandb": {"runtime": 15}}