{"loss": 3211960.5, "tau": 5.0, "pdiff_z1z2": 0.21510928869247437, "pdiff_z0z3": 0.2165355086326599, "pdiff_z0z1": 0.16416525840759277, "pdiff_z0z2": 0.13252203166484833, "kl_z0": 43.53841018676758, "kl_z1": 43.33088684082031, "kl_a_z0": 68.02326202392578, "kl_a_z1": 107.08212280273438, "kl_z1z2": 27.268983840942383, "kl_z0z3": 26.944671630859375, "x0y0": 1534040.125, "x1y1": 1528883.75, "x0y3": 1555738.625, "x1y2": 1559109.0, "elbo": 3076049.0, "epoch": 1, "_timestamp": 1700639519.4032211, "_runtime": 19.338444232940674, "_step": 1, "_wandb": {"runtime": 18}}