{
  "parameters": {
    "test_noise": false,
    "test_hard": true,
    "train_noise": true,
    "train_hard": false,
    "dropout_z": false,
    "noise": 0.2,
    "dropout": 0.2,
    "optimizer": "radam",
    "min_temperature": 0.5,
    "epoch": 3,
    "gs_annealing_start": 0,
    "gs_annealing_end": 1000,
    "kl_cycle_start": 2000,
    "clipnorm": 0.1,
    "batch_size": 400,
    "lr": 0.001,
    "N": 50,
    "zerosuppress": 0.1,
    "densify": false,
    "max_temperature": 5.0,
    "conv_channel": 32,
    "conv_channel_increment": 1,
    "conv_kernel": 5,
    "conv_pooling": 1,
    "conv_per_pooling": 1,
    "conv_depth": 3,
    "fc_width": 100,
    "fc_depth": 2,
    "A": 240,
    "aae_activation": "relu",
    "aae_width": 1000,
    "aae_depth": 2,
    "eff_regularizer": null,
    "beta_d": 1000,
    "beta_z": 1,
    "output": "GaussianOutput(sigma=0.1)",
    "mode": "learn",
    "disks": 4,
    "towers": 4,
    "num_examples": 5000,
    "aeclass": "CubeSpaceAE_AMA4Conv",
    "comment": "kltune2",
    "hash": "hanoi",
    "generator": "latplan.puzzles.hanoi",
    "mean": [
      [
        0.406903125,
        0.406803125,
        0.406803125
      ],
      [
        0.406903125,
        0.406803125,
        0.406803125
      ],
      [
        0.406903125,
        0.406803125,
        0.406803125
      ],
      [
        0.406903125,
        0.406803125,
        0.406803125
      ],
      [
        0.406725,
        0.406425,
        0.406425
      ],
      [
        0.406725,
        0.406425,
        0.406425
      ],
      [
        0.406725,
        0.406425,
        0.406425
      ],
      [
        0.406725,
        0.406425,
        0.406425
      ],
      [
        0.406784375,
        0.406584375,
        0.406584375
      ],
      [
        0.406784375,
        0.406584375,
        0.406584375
      ],
      [
        0.406784375,
        0.406584375,
        0.406584375
      ],
      [
        0.406784375,
        0.406584375,
        0.406584375
      ],
      [
        0.406903125,
        0.406803125,
        0.406803125
      ],
      [
        0.406903125,
        0.406803125,
        0.406803125
      ],
      [
        0.406903125,
        0.406803125,
        0.406803125
      ],
      [
        0.406903125,
        0.406803125,
        0.406803125
      ],
      [
        0.406725,
        0.406525,
        0.406525
      ],
      [
        0.406725,
        0.406525,
        0.406525
      ],
      [
        0.406725,
        0.406525,
        0.406525
      ],
      [
        0.406725,
        0.406525,
        0.406525
      ],
      [
        0.406725,
        0.406525,
        0.406525
      ],
      [
        0.406725,
        0.406525,
        0.406525
      ],
      [
        0.406725,
        0.406525,
        0.406525
      ],
      [
        0.406725,
        0.406525,
        0.406525
      ],
      [
        0.406546875,
        0.406346875,
        0.406346875
      ],
      [
        0.406546875,
        0.406346875,
        0.406346875
      ],
      [
        0.406546875,
        0.406346875,
        0.406346875
      ],
      [
        0.406546875,
        0.406346875,
        0.406346875
      ],
      [
        0.4064875,
        0.4063875,
        0.4063875
      ],
      [
        0.4064875,
        0.4063875,
        0.4063875
      ],
      [
        0.4064875,
        0.4063875,
        0.4063875
      ],
      [
        0.4064875,
        0.4063875,
        0.4063875
      ],
      [
        0.406665625,
        0.406665625,
        0.406665625
      ],
      [
        0.406665625,
        0.406665625,
        0.406665625
      ],
      [
        0.406665625,
        0.406665625,
        0.406665625
      ],
      [
        0.406665625,
        0.406665625,
        0.406665625
      ]
    ],
    "std": [
      [
        0.06825719105603519,
        0.0635403691038978,
        0.06089437376194317
      ],
      [
        0.06825719105603519,
        0.0635403691038978,
        0.06089437376194317
      ],
      [
        0.06825719105603519,
        0.0635403691038978,
        0.06089437376194317
      ],
      [
        0.06825719105603519,
        0.0635403691038978,
        0.06089437376194317
      ],
      [
        0.06218263792237125,
        0.059704102321233035,
        0.05786062853084229
      ],
      [
        0.06218263792237125,
        0.059704102321233035,
        0.05786062853084229
      ],
      [
        0.06218263792237125,
        0.059704102321233035,
        0.05786062853084229
      ],
      [
        0.06218263792237125,
        0.059704102321233035,
        0.05786062853084229
      ],
      [
        0.060056754082603005,
        0.056195818002203,
        0.05403361186278248
      ],
      [
        0.060056754082603005,
        0.056195818002203,
        0.05403361186278248
      ],
      [
        0.060056754082603005,
        0.056195818002203,
        0.05403361186278248
      ],
      [
        0.060056754082603005,
        0.056195818002203,
        0.05403361186278248
      ],
      [
        0.06245997437108896,
        0.057053425825599725,
        0.05508128900486433
      ],
      [
        0.06245997437108896,
        0.057053425825599725,
        0.05508128900486433
      ],
      [
        0.06245997437108896,
        0.057053425825599725,
        0.05508128900486433
      ],
      [
        0.06245997437108896,
        0.057053425825599725,
        0.05508128900486433
      ],
      [
        0.06174367305326707,
        0.05892410828437914,
        0.05589812082806579
      ],
      [
        0.06174367305326707,
        0.05892410828437914,
        0.05589812082806579
      ],
      [
        0.06174367305326707,
        0.05892410828437914,
        0.05589812082806579
      ],
      [
        0.06174367305326707,
        0.05892410828437914,
        0.05589812082806579
      ],
      [
        0.064505584787291,
        0.06023491901505948,
        0.05886355382364965
      ],
      [
        0.064505584787291,
        0.06023491901505948,
        0.05886355382364965
      ],
      [
        0.064505584787291,
        0.06023491901505948,
        0.05886355382364965
      ],
      [
        0.064505584787291,
        0.06023491901505948,
        0.05886355382364965
      ],
      [
        0.057408529146370346,
        0.054185692011363584,
        0.0522960009823835
      ],
      [
        0.057408529146370346,
        0.054185692011363584,
        0.0522960009823835
      ],
      [
        0.057408529146370346,
        0.054185692011363584,
        0.0522960009823835
      ],
      [
        0.057408529146370346,
        0.054185692011363584,
        0.0522960009823835
      ],
      [
        0.06020388244073385,
        0.05619581800220519,
        0.054204104650274997
      ],
      [
        0.06020388244073385,
        0.05619581800220519,
        0.054204104650274997
      ],
      [
        0.06020388244073385,
        0.05619581800220519,
        0.054204104650274997
      ],
      [
        0.06020388244073385,
        0.05619581800220519,
        0.054204104650274997
      ],
      [
        0.06049656982786561,
        0.05619581800220302,
        0.054542941440097345
      ],
      [
        0.06049656982786561,
        0.05619581800220302,
        0.054542941440097345
      ],
      [
        0.06049656982786561,
        0.05619581800220302,
        0.054542941440097345
      ],
      [
        0.06049656982786561,
        0.05619581800220302,
        0.054542941440097345
      ]
    ],
    "picsize": [
      4,
      16,
      3
    ],
    "beta_a_recons": 1,
    "load_sae_weights": false,
    "use_wandb": true,
    "gpu": "NVIDIA A100-SXM4-80GB MIG 3g.40gb",
    "time_start": "hanoi-4-4-with_prering_and_sucring",
    "do_sweep": true
  },
  "class": "ConvolutionalConcreteDetNormalizedLogitAddBidirectionalTransitionAEPlus",
  "input_shape": [
    [
      null,
      240
    ]
  ]
}