{"loss": 7932459.5, "tau": 5.0, "pdiff_z1z2": 0.21239568293094635, "pdiff_z0z3": 0.21373865008354187, "pdiff_z0z1": 0.17608827352523804, "pdiff_z0z2": 0.11119310557842255, "kl_z0": 42.14667892456055, "kl_z1": 41.946842193603516, "kl_a_z0": 65.40986633300781, "kl_a_z1": 93.89572143554688, "kl_z1z2": 29.139127731323242, "kl_z0z3": 28.893413543701172, "x0y0": 3959865.75, "x1y1": 3957259.75, "x0y3": 3984581.75, "x1y2": 3986071.75, "elbo": 7930643.5, "epoch": 1, "_timestamp": 1700639389.5914268, "_runtime": 19.563260793685913, "_step": 1, "_wandb": {"runtime": 18}}