{"loss": 3755765.4166666665, "tau": 2.344066858291626, "pdiff_z1z2": 0.036046468963225685, "pdiff_z0z3": 0.03399508943160375, "pdiff_z0z1": 0.03682751332720121, "pdiff_z0z2": 0.04503402983148893, "kl_z0": 102.07990264892578, "kl_z1": 102.0967534383138, "kl_a_z0": 44.392784118652344, "kl_a_z1": 43.56734148661295, "kl_z1z2": 48.116747538248696, "kl_z0z3": 50.91533915201823, "x0y0": 19.393280029296875, "x1y1": 19.4033260345459, "x0y3": 7002.9404296875, "x1y2": 7916.714192708333, "elbo": 3929.8372395833335, "epoch": 330, "_timestamp": 1702509087.6440043, "_runtime": 996.2903542518616, "_step": 330}