{"loss": 1682515.0, "tau": 3.3187153339385986, "pdiff_z1z2": 0.17624101042747498, "pdiff_z0z3": 0.1773640513420105, "pdiff_z0z1": 0.13974294066429138, "pdiff_z0z2": 0.15143513679504395, "kl_z0": 18.224117279052734, "kl_z1": 17.849166870117188, "kl_a_z0": 20.092979431152344, "kl_a_z1": 19.92943000793457, "kl_z1z2": 13.242843627929688, "kl_z0z3": 12.564547538757324, "x0y0": 890495.9375, "x1y1": 828890.5, "x0y3": 750973.125, "x1y2": 794318.0625, "elbo": 1675907.125, "epoch": 179, "_timestamp": 1702379303.569847, "_runtime": 80.63653516769409, "_step": 179}