{"loss": {"min": 369828.28125}, "tau": {"min": 0.5}, "pdiff_z1z2": {"min": 0.07489613443613052}, "pdiff_z0z3": {"min": 0.07579357177019119}, "pdiff_z0z1": {"min": 0.08305808901786804}, "pdiff_z0z2": {"min": 0.048415474593639374}, "kl_z0": {"min": 65.75462341308594}, "kl_z1": {"min": 65.40435028076172}, "kl_z1z2": {"min": 24.292648315429688}, "kl_z0z3": {"min": 24.061588287353516}, "x0y0": {"min": 1715.3638916015625}, "x1y1": {"min": 1485.9378662109375}, "x0y3": {"min": 3686.5654296875}, "x1y2": {"min": 4125.740234375}, "elbo": {"min": 4522.06689453125}, "epoch": 1099, "_timestamp": 1700367112.427084, "_runtime": 3328.082731962204, "_step": 1099, "_wandb": {"runtime": 3331}}