{"loss": {"min": 14831.587890625}, "tau": {"min": 0.5}, "pdiff_z1z2": {"min": 0.02114541456103325}, "pdiff_z0z3": {"min": 0.020841015502810478}, "pdiff_z0z1": {"min": 0.0992027074098587}, "pdiff_z0z2": {"min": 0.09081687778234482}, "kl_z0": {"min": 126.32868194580078}, "kl_z1": {"min": 125.33830261230469}, "kl_z1z2": {"min": 17.32869529724121}, "kl_z0z3": {"min": 16.96495819091797}, "x0y0": {"min": 153.0323486328125}, "x1y1": {"min": 130.93865966796875}, "x0y3": {"min": 4390.42138671875}, "x1y2": {"min": 4617.48388671875}, "elbo": {"min": 2687.084228515625}, "epoch": 1099, "_timestamp": 1700394532.4765482, "_runtime": 3540.155200242996, "_step": 1099, "_wandb": {"runtime": 3542}}