{
  "metrics": {
    "train": {
      "loss": 209.51526930067274,
      "tau": 5.0,
      "pdiff_z1z2": 0.0010401406558230518,
      "pdiff_z0z3": 0.001727008219394419,
      "pdiff_z0z1": 0.020921804714534017,
      "pdiff_z0z2": 0.021578556381993824,
      "kl_z0": 77.38884633382162,
      "kl_z1": 75.47080908881293,
      "kl_a_z0": 14.818571641710069,
      "kl_a_z1": 14.281098906199137,
      "kl_z1z2": 0.05313082883755366,
      "kl_z0z3": 0.045495079871681,
      "x0y0": 44.98754908243815,
      "x1y1": 45.67330830891927,
      "x0y3": 51.46894251505534,
      "x1y2": 52.06499871148004,
      "elbo": 184.8834476047092
    },
    "test": {
      "loss": 199.7647674560547,
      "tau": 5.0,
      "pdiff_z1z2": 0.0010175746865570545,
      "pdiff_z0z3": 0.0017422541277483106,
      "pdiff_z0z1": 0.02545604556798935,
      "pdiff_z0z2": 0.02611890360713005,
      "kl_z0": 78.03746337890625,
      "kl_z1": 78.50939636230468,
      "kl_a_z0": 12.92859969139099,
      "kl_a_z1": 12.698799419403077,
      "kl_z1z2": 0.05766476914286613,
      "kl_z0z3": 0.04564209058880806,
      "x0y0": 34.76849021911621,
      "x1y1": 47.42045593261719,
      "x0y3": 36.27697982788086,
      "x1y2": 48.55985794067383,
      "elbo": 173.96387329101563
    }
  },
  "sae": {
    "mse": {
      "vanilla": {
        "train": 0.004721920319175098,
        "test": 0.004280674653065426
      },
      "gaussian": {
        "train": 0.006245424432137089,
        "test": 0.006727562506063979
      }
    },
    "activation": {
      "train": 0.09297388792037964,
      "test": 0.0956166684627533
    },
    "ever_1": {
      "train": 290.0,
      "test": 290.0
    },
    "ever_0": {
      "train": 300.0,
      "test": 300.0
    },
    "effective": {
      "train": 290.0,
      "test": 290.0
    },
    "variance": {
      "gaussian": {
        "train": {
          "max": 0.20999999344348907,
          "min": 0.0,
          "mean": 2.3953634809004143e-05,
          "median": 0.0
        },
        "test": {
          "max": 0.1599999964237213,
          "min": 0.0,
          "mean": 2.5833329345914535e-05,
          "median": 0.0
        }
      }
    }
  },
  "cycle_consistency": {
    "train": {
      "xs01": [
        0.0,
        0.0047219203768445895,
        0.0047219203768445895,
        0.0047219203768445895,
        0.0047219203768445895,
        0.0047219203768445895,
        0.0047219203768445895,
        0.0047219203768445895,
        0.0047219203768445895,
        0.0047219203768445895
      ],
      "xs12": [
        0.0047219203768445895,
        0.0,
        0.0,
        0.0,
        0.0,
        0.0,
        0.0,
        0.0,
        0.0,
        0.0
      ],
      "xs13": [
        0.4949499375752926,
        0.0014585755998268723,
        0.001521028927527368,
        0.001521028927527368,
        0.001521028927527368,
        0.001521028927527368,
        0.001521028927527368,
        0.001521028927527368,
        0.001521028927527368,
        0.001521028927527368
      ],
      "xs34": [
        0.495894098901165,
        6.068690345273353e-05,
        0.0,
        0.0,
        0.0,
        0.0,
        0.0,
        0.0,
        0.0,
        0.0
      ],
      "zs01": [
        0.0,
        0.0,
        0.0,
        0.0,
        0.0,
        0.0,
        0.0,
        0.0,
        0.0,
        0.0
      ],
      "zs12": [
        0.0,
        0.0,
        0.0,
        0.0,
        0.0,
        0.0,
        0.0,
        0.0,
        0.0,
        0.0
      ],
      "zs13": [
        2.4444443624815904e-05,
        2.4444443624815904e-05,
        2.4444443624815904e-05,
        2.4444443624815904e-05,
        2.4444443624815904e-05,
        2.4444443624815904e-05,
        2.4444443624815904e-05,
        2.4444443624815904e-05,
        2.4444443624815904e-05,
        2.4444443624815904e-05
      ],
      "zs34": [
        2.592592636574409e-06,
        0.0,
        0.0,
        0.0,
        0.0,
        0.0,
        0.0,
        0.0,
        0.0,
        0.0
      ]
    },
    "test": {
      "xs01": [
        0.0,
        0.004280674824053507,
        0.004280674824053507,
        0.004280674824053507,
        0.004280674824053507,
        0.004280674824053507,
        0.004280674824053507,
        0.004280674824053507,
        0.004280674824053507,
        0.004280674824053507
      ],
      "xs12": [
        0.004280674824053507,
        0.0,
        0.0,
        0.0,
        0.0,
        0.0,
        0.0,
        0.0,
        0.0,
        0.0
      ],
      "xs13": [
        0.49471529971715017,
        0.002239575609564781,
        0.002239575609564781,
        0.002239575609564781,
        0.002239575609564781,
        0.002239575609564781,
        0.002239575609564781,
        0.002239575609564781,
        0.002239575609564781,
        0.002239575609564781
      ],
      "xs34": [
        0.49609235854563977,
        0.0,
        0.0,
        0.0,
        0.0,
        0.0,
        0.0,
        0.0,
        0.0,
        0.0
      ],
      "zs01": [
        0.0,
        0.0,
        0.0,
        0.0,
        0.0,
        0.0,
        0.0,
        0.0,
        0.0,
        0.0
      ],
      "zs12": [
        0.0,
        0.0,
        0.0,
        0.0,
        0.0,
        0.0,
        0.0,
        0.0,
        0.0,
        0.0
      ],
      "zs13": [
        2.9999999242136255e-05,
        2.9999999242136255e-05,
        2.9999999242136255e-05,
        2.9999999242136255e-05,
        2.9999999242136255e-05,
        2.9999999242136255e-05,
        2.9999999242136255e-05,
        2.9999999242136255e-05,
        2.9999999242136255e-05,
        2.9999999242136255e-05
      ],
      "zs34": [
        0.0,
        0.0,
        0.0,
        0.0,
        0.0,
        0.0,
        0.0,
        0.0,
        0.0,
        0.0
      ]
    }
  },
  "z1z2": {
    "mae": {
      "vanilla": {
        "train": 4.703703598352149e-05,
        "test": 5.333333319867961e-05
      },
      "gaussian": {
        "train": 8.185185288311914e-05,
        "test": 9.333333582617342e-05
      }
    },
    "match_prob": {
      "vanilla": {
        "train": 0.9858888983726501,
        "test": 0.984000027179718
      },
      "gaussian": {
        "train": 0.9713007807731628,
        "test": 0.9703026413917542
      }
    },
    "allmatch_prob": {
      "vanilla": {
        "train": 0.9858888983726501,
        "test": 0.984000027179718
      },
      "gaussian": {
        "train": 0.9742222428321838,
        "test": 0.9700000286102295
      }
    },
    "xor": {
      "train": 0.0,
      "test": 0.0
    },
    "compiled_action": {
      "train": 480.0,
      "test": 285.0
    }
  },
  "kl_a_z0": {
    "train": 14.818571641710069,
    "test": 12.92859969139099
  },
  "x0y3": {
    "mse": {
      "vanilla": {
        "train": 0.005361348946729931,
        "test": 0.0037788521981151828
      },
      "gaussian": {
        "train": 0.4966138898222667,
        "test": 0.49894932793436164
      }
    }
  },
  "z0z3": {
    "mae": {
      "vanilla": {
        "train": 4.111111047677696e-05,
        "test": 7.333333633141592e-05
      },
      "gaussian": {
        "train": 8.592592348577455e-05,
        "test": 0.00015333332703448832
      }
    },
    "match_prob": {
      "vanilla": {
        "train": 0.987666666507721,
        "test": 0.9779999852180481
      },
      "gaussian": {
        "train": 0.974682092666626,
        "test": 0.9663147330284119
      }
    },
    "allmatch_prob": {
      "vanilla": {
        "train": 0.987666666507721,
        "test": 0.9779999852180481
      },
      "gaussian": {
        "train": 0.9775555729866028,
        "test": 0.9660000205039978
      }
    },
    "xor": {
      "train": 0.0,
      "test": 0.0
    },
    "compiled_action": {
      "train": 480.0,
      "test": 285.0
    }
  },
  "action": {
    "true_num_actions": {
      "train": 290,
      "test": 290
    }
  }
}