{"loss": 4892.48779296875, "tau": 0.5, "pdiff_z1z2": 0.07386994361877441, "pdiff_z0z3": 0.06969864666461945, "pdiff_z0z1": 0.08687027543783188, "pdiff_z0z2": 0.08655325323343277, "kl_z0": 50.6768913269043, "kl_z1": 51.19712829589844, "kl_a_z0": 67.06254577636719, "kl_a_z1": 72.85015106201172, "kl_z1z2": 25.401287078857422, "kl_z0z3": 27.181642532348633, "x0y0": 1586.5244140625, "x1y1": 1666.4368896484375, "x0y3": 3686.775146484375, "x1y2": 3754.4013671875, "elbo": 4434.05419921875, "epoch": 1199, "_timestamp": 1701268433.5950227, "_runtime": 2786.464296579361, "_step": 1199, "_wandb": {"runtime": 2783}}