{"loss": 31829.697265625, "tau": 0.5, "pdiff_z1z2": 0.030762363225221634, "pdiff_z0z3": 0.030032439157366753, "pdiff_z0z1": 0.1050499677658081, "pdiff_z0z2": 0.08802217990159988, "kl_z0": 158.30072021484375, "kl_z1": 157.51043701171875, "kl_a_z0": 50.38908767700195, "kl_a_z1": 49.04581069946289, "kl_z1z2": 42.08849334716797, "kl_z0z3": 42.44084930419922, "x0y0": 609.6438598632812, "x1y1": 630.2116088867188, "x0y3": 15156.998046875, "x1y2": 17397.8046875, "elbo": 9297.3466796875, "epoch": 1199, "_timestamp": 1701098516.377192, "_runtime": 3055.4790840148926, "_step": 1199, "_wandb": {"runtime": 3054}}