{"loss": 22071.392578125, "tau": 0.5, "pdiff_z1z2": 0.018600787967443466, "pdiff_z0z3": 0.021223653107881546, "pdiff_z0z1": 0.03266594931483269, "pdiff_z0z2": 0.041593730449676514, "kl_z0": 35.414344787597656, "kl_z1": 35.24311065673828, "kl_a_z0": 16.740617752075195, "kl_a_z1": 15.174898147583008, "kl_z1z2": 0.6946134567260742, "kl_z0z3": 0.5225490927696228, "x0y0": 8751.380859375, "x1y1": 9313.1689453125, "x0y3": 9807.408203125, "x1y2": 10635.90625, "elbo": 18710.83203125, "epoch": 1199, "_timestamp": 1702577449.0073864, "_runtime": 402.9749004840851, "_step": 1199, "_wandb": {"runtime": 402}}