{"loss": 138810032.0, "tau": 4.97702693939209, "pdiff_z1z2": 0.2084631770849228, "pdiff_z0z3": 0.20814791321754456, "pdiff_z0z1": 0.17277978360652924, "pdiff_z0z2": 0.10337672382593155, "kl_z0": 300.4701843261719, "kl_z1": 299.00762939453125, "kl_a_z0": 78.88082885742188, "kl_a_z1": 69.83273315429688, "kl_z1z2": 128.27589416503906, "kl_z0z3": 128.57354736328125, "x0y0": 2657884.25, "x1y1": 2662238.0, "x0y3": 2698481.25, "x1y2": 2691626.0, "elbo": 5338056.5, "epoch": 3, "_timestamp": 1701786397.5500298, "_runtime": 31.906795740127563, "_step": 3}