{
  "metrics": {
    "train": {
      "loss": 5957.184552228009,
      "tau": 5.0,
      "pdiff_z1z2": 0.012512514264219336,
      "pdiff_z0z3": 0.012510968993107477,
      "pdiff_z0z1": 0.11620002543484723,
      "pdiff_z0z2": 0.11718925199022999,
      "kl_z0": 116.31837378607855,
      "kl_z1": 116.25607554117839,
      "kl_a_z0": 55.60930237946687,
      "kl_a_z1": 60.899209340413414,
      "kl_z1z2": 6.162901507483588,
      "kl_z0z3": 6.168168050271493,
      "x0y0": 345.9301430031105,
      "x1y1": 344.36943788881655,
      "x0y3": 2271.2354871961807,
      "x1y2": 2271.0282841435187,
      "elbo": 1830.91485369647
    },
    "test": {
      "loss": 5890.513509114583,
      "tau": 5.0,
      "pdiff_z1z2": 0.012273255114754042,
      "pdiff_z0z3": 0.012591619975864887,
      "pdiff_z0z1": 0.11657808472712834,
      "pdiff_z0z2": 0.11737541109323502,
      "kl_z0": 116.0464350382487,
      "kl_z1": 116.41691335042317,
      "kl_a_z0": 46.22270838419596,
      "kl_a_z1": 50.892459869384766,
      "kl_z1z2": 6.2361063957214355,
      "kl_z0z3": 5.984718481699626,
      "x0y0": 351.1554463704427,
      "x1y1": 349.7341715494792,
      "x0y3": 2229.5691731770835,
      "x1y2": 2165.492431640625,
      "elbo": 1792.2770182291667
    }
  },
  "sae": {
    "mse": {
      "vanilla": {
        "train": 0.002996092216638084,
        "test": 0.0030420558303046567
      },
      "gaussian": {
        "train": 0.06416450185504453,
        "test": 0.06452334883005677
      }
    },
    "activation": {
      "train": 0.13956218957901,
      "test": 0.13946111500263214
    },
    "ever_1": {
      "train": 208.0,
      "test": 208.0
    },
    "ever_0": {
      "train": 300.0,
      "test": 300.0
    },
    "effective": {
      "train": 208.0,
      "test": 208.0
    },
    "variance": {
      "gaussian": {
        "train": {
          "max": 0.25,
          "min": 0.0,
          "mean": 0.005639888811856508,
          "median": 0.0
        },
        "test": {
          "max": 0.25,
          "min": 0.0,
          "mean": 0.005611582193523645,
          "median": 0.0
        }
      }
    }
  },
  "cycle_consistency": {
    "train": {
      "xs01": [
        0.0,
        0.002996092032617648,
        0.002980317086991022,
        0.003017213237278302,
        0.0029917116757962343,
        0.0030261879652711396,
        0.002997949258267769,
        0.003032045458041977,
        0.0030037750410332404,
        0.0030312179592573763
      ],
      "xs12": [
        0.002996092032617648,
        7.208216266008094e-05,
        5.013614645577036e-05,
        4.923985761706717e-05,
        4.5218170271255076e-05,
        4.56878769909963e-05,
        4.5194916310720146e-05,
        4.224125586915761e-05,
        4.4174295908305794e-05,
        4.4186017476022243e-05
      ],
      "xs13": [
        0.49295738226375,
        0.06529363244771957,
        0.03358599543571472,
        0.032137226313352585,
        0.03314751386642456,
        0.033548660576343536,
        0.033714234828948975,
        0.03373468667268753,
        0.03375844284892082,
        0.0337575227022171
      ],
      "xs34": [
        0.5528054928039362,
        0.07134293764829636,
        0.007460445165634155,
        0.001909621641971171,
        0.000588561815675348,
        0.0002893849741667509,
        0.00018341196118853986,
        0.00015286050620488822,
        0.00014093084610067308,
        0.0001345713244518265
      ],
      "zs01": [
        0.0,
        9.75308648776263e-05,
        8.472222543787211e-05,
        9.876543481368572e-05,
        8.503086428390816e-05,
        9.969135862775147e-05,
        8.564814925193787e-05,
        9.969135862775147e-05,
        8.58024723129347e-05,
        9.938271250575781e-05
      ],
      "zs12": [
        9.75308648776263e-05,
        2.0833333110203966e-05,
        1.7438271243008785e-05,
        1.6203703125938773e-05,
        1.558641997689847e-05,
        1.558641997689847e-05,
        1.5277777492883615e-05,
        1.512345716037089e-05,
        1.5432098734891042e-05,
        1.5277777492883615e-05
      ],
      "zs13": [
        0.013078240677714348,
        0.004495061933994293,
        0.003405864117667079,
        0.003412500023841858,
        0.0034415123518556356,
        0.0034507715608924627,
        0.0034560186322778463,
        0.0034538579639047384,
        0.003455555532127619,
        0.003454321064054966
      ],
      "zs34": [
        0.015836574137210846,
        0.002721296390518546,
        0.0005853394977748394,
        0.00017777777975425124,
        8.395061740884557e-05,
        5.43209862371441e-05,
        4.506172990659252e-05,
        4.151234679738991e-05,
        3.981481495429762e-05,
        3.935185304726474e-05
      ]
    },
    "test": {
      "xs01": [
        0.0,
        0.00304205566186531,
        0.003011344449744898,
        0.0030169632111472,
        0.0030111485948857123,
        0.0030169632111472,
        0.0030111485948857123,
        0.0030169632111472,
        0.0030111485948857123,
        0.0030169632111472
      ],
      "xs12": [
        0.00304205566186531,
        7.920445932541043e-05,
        2.9045304472674616e-05,
        2.9792865461786278e-05,
        2.9792865461786278e-05,
        2.9792865461786278e-05,
        2.9792865461786278e-05,
        2.9792865461786278e-05,
        2.9792865461786278e-05,
        2.9792865461786278e-05
      ],
      "xs13": [
        0.4938093655704496,
        0.0638493150472641,
        0.030059687793254852,
        0.02724657766520977,
        0.02759244292974472,
        0.027844775468111038,
        0.027979450300335884,
        0.027927398681640625,
        0.02790689468383789,
        0.027975136414170265
      ],
      "xs34": [
        0.5517118795567781,
        0.0702015832066536,
        0.007071728818118572,
        0.0016946286195889115,
        0.00045501237036660314,
        0.00020418035273905843,
        9.312183829024434e-05,
        9.351889457320794e-05,
        0.00014984355948399752,
        9.281933307647705e-05
      ],
      "zs01": [
        0.0,
        0.0001027777761919424,
        8.888888987712562e-05,
        0.00010555555491009727,
        8.888888987712562e-05,
        0.00010555555491009727,
        8.888888987712562e-05,
        0.00010555555491009727,
        8.888888987712562e-05,
        0.00010555555491009727
      ],
      "zs12": [
        0.0001027777761919424,
        2.499999936844688e-05,
        1.6666666851961054e-05,
        1.6666666851961054e-05,
        1.6666666851961054e-05,
        1.6666666851961054e-05,
        1.6666666851961054e-05,
        1.6666666851961054e-05,
        1.6666666851961054e-05,
        1.6666666851961054e-05
      ],
      "zs13": [
        0.012880555354058743,
        0.004166666883975267,
        0.002905555535107851,
        0.002888888819143176,
        0.0029027778655290604,
        0.002888888819143176,
        0.002894444391131401,
        0.002888888819143176,
        0.0028972222935408354,
        0.0028861111495643854
      ],
      "zs34": [
        0.015547222457826138,
        0.0026777777820825577,
        0.0005000000237487257,
        0.0001472222211305052,
        6.388888868968934e-05,
        3.8888887502253056e-05,
        3.333333370392211e-05,
        3.6111112422076985e-05,
        3.333333370392211e-05,
        3.333333370392211e-05
      ]
    }
  },
  "z1z2": {
    "mae": {
      "vanilla": {
        "train": 0.006472839508205652,
        "test": 0.00631666649132967
      },
      "gaussian": {
        "train": 0.02047067880630493,
        "test": 0.020083332434296608
      }
    },
    "match_prob": {
      "vanilla": {
        "train": 0.14097757637500763,
        "test": 0.14752022922039032
      },
      "gaussian": {
        "train": 0.0015678178751841187,
        "test": 0.002253761049360037
      }
    },
    "allmatch_prob": {
      "vanilla": {
        "train": 0.07527777552604675,