{"loss": 1873363.3125, "tau": 0.5, "pdiff_z1z2": 0.05060187567557607, "pdiff_z0z3": 0.050749526433055366, "pdiff_z0z1": 0.048282077565552695, "pdiff_z0z2": 0.01811299121214284, "kl_z0": 367.61502656482514, "kl_z1": 366.6265004475911, "kl_a_z0": 0.0, "kl_a_z1": 0.0, "kl_z1z2": 97.29838259257967, "kl_z0z3": 96.34285651312933, "x0y0": 17492.303276909723, "x1y1": 12024.640617249504, "x0y3": 27.81388045114184, "x1y2": 691.8438221764943, "elbo": 22733.152963789682, "epoch": 1999, "_timestamp": 1703103162.0620866, "_runtime": 39822.30129957199, "_step": 1999, "_wandb": {"runtime": 39821}}