{"loss": {"min": 624816.5625}, "tau": {"min": 0.6323681473731995}, "mean_of_cosine_distances": 0.0, "norm_mean_of_cosine_distances": 0.0, "pdiff_z1z2": {"min": 0.08502485603094101}, "pdiff_z0z3": {"min": 0.08600657433271408}, "pdiff_z0z1": {"min": 0.09209728240966797}, "pdiff_z0z2": {"min": 0.08339456468820572}, "kl_z0": {"min": 67.79757690429688}, "kl_z1": {"min": 67.48767852783203}, "kl_a_z0": {"min": 206.54600524902344}, "kl_a_z1": {"min": 225.5521697998047}, "kl_z1z2": {"min": 40.795074462890625}, "kl_z0z3": {"min": 40.205814361572266}, "x0y0": {"min": 3174.6318359375}, "x1y1": {"min": 2643.3056640625}, "x0y3": {"min": 744.3754272460938}, "x1y2": {"min": 796.7120361328125}, "elbo": {"min": 5826.251953125}, "epoch": 899, "_timestamp": 1700180015.892664, "_runtime": 2775.413393974304, "_step": 899, "_wandb": {"runtime": 2779}}