{"loss": {"min": 143158.140625}, "tau": {"min": 0.5}, "pdiff_z1z2": {"min": 0.08896230906248093}, "pdiff_z0z3": {"min": 0.09006856381893158}, "pdiff_z0z1": {"min": 0.08743144571781158}, "pdiff_z0z2": {"min": 0.07964064180850983}, "kl_z0": {"min": 65.43463897705078}, "kl_z1": {"min": 65.59967041015625}, "kl_z1z2": {"min": 35.78034210205078}, "kl_z0z3": {"min": 35.821876525878906}, "x0y0": {"min": 1024.787109375}, "x1y1": {"min": 990.4482421875}, "x0y3": {"min": 2148.934326171875}, "x1y2": {"min": 2422.74072265625}, "elbo": {"min": 2837.853515625}, "epoch": 1099, "_timestamp": 1700363763.4819088, "_runtime": 3358.304869890213, "_step": 1099, "_wandb": {"runtime": 3360}}