{"loss": 138606.171875, "tau": 0.5, "pdiff_z1z2": 0.014485863037407398, "pdiff_z0z3": 0.013980027288198471, "pdiff_z0z1": 0.1256144940853119, "pdiff_z0z2": 0.11537887901067734, "kl_z0": 319.91534423828125, "kl_z1": 318.0590515136719, "kl_z1z2": 26.239046096801758, "kl_z0z3": 26.160390853881836, "x0y0": 1174.4410400390625, "x1y1": 1055.395751953125, "x0y3": 5155.97998046875, "x1y2": 5825.32080078125, "elbo": 4749.7900390625, "epoch": 1999, "_timestamp": 1700482900.6172874, "_runtime": 6953.464093446732, "_step": 1999, "_wandb": {"runtime": 6952}}