{"loss": {"min": 5153.85498046875}, "tau": {"min": 0.5}, "pdiff_z1z2": {"min": 0.02728804014623165}, "pdiff_z0z3": {"min": 0.027529144659638405}, "pdiff_z0z1": {"min": 0.04857361316680908}, "pdiff_z0z2": {"min": 0.026541108265519142}, "kl_z0": {"min": 98.13910675048828}, "kl_z1": {"min": 97.41439819335938}, "kl_z1z2": {"min": 33.22317123413086}, "kl_z0z3": {"min": 33.26158142089844}, "x0y0": {"min": 102.56063842773438}, "x1y1": {"min": 89.1028823852539}, "x0y3": {"min": 3305.27392578125}, "x1y2": {"min": 3645.155517578125}, "elbo": {"min": 2018.1700439453125}, "epoch": 1099, "_timestamp": 1700390976.4384491, "_runtime": 3556.69655919075, "_step": 1099, "_wandb": {"runtime": 3559}}