{"loss": 460738.6145833333, "tau": 3.944300651550293, "pdiff_z1z2": 0.16896372040112814, "pdiff_z0z3": 0.17025131483872732, "pdiff_z0z1": 0.2051056126753489, "pdiff_z0z2": 0.1375244359175364, "kl_z0": 164.2688191731771, "kl_z1": 163.65447998046875, "kl_a_z0": 89.98665873209636, "kl_a_z1": 101.53637568155925, "kl_z1z2": 72.56786855061848, "kl_z0z3": 71.46592203776042, "x0y0": 213059.44791666666, "x1y1": 212439.52604166666, "x0y3": 208638.19791666666, "x1y2": 206843.91666666666, "elbo": 423290.4791666667, "epoch": 104, "_timestamp": 1702469140.4102912, "_runtime": 659.254447221756, "_step": 104}