{"loss": 752.849609375, "tau": 0.5, "pdiff_z1z2": 0.0019124741666018963, "pdiff_z0z3": 0.0034168525598943233, "pdiff_z0z1": 0.010724691674113274, "pdiff_z0z2": 0.01058026123791933, "kl_z0": 89.37034606933594, "kl_z1": 89.4802474975586, "kl_a_z0": 19.843921661376953, "kl_a_z1": 17.184904098510742, "kl_z1z2": 1.5107685327529907, "kl_z0z3": 0.6659598350524902, "x0y0": 19.295446395874023, "x1y1": 12.715566635131836, "x0y3": 204.08511352539062, "x1y2": 102.79291534423828, "elbo": 209.21165466308594, "epoch": 1199, "_timestamp": 1702629906.1270492, "_runtime": 402.5694591999054, "_step": 1199, "_wandb": {"runtime": 401}}