{"loss": 396.4490051269531, "tau": 0.5, "pdiff_z1z2": 0.006851525511592627, "pdiff_z0z3": 0.01522862259298563, "pdiff_z0z1": 0.037877388298511505, "pdiff_z0z2": 0.03712669014930725, "kl_z0": 69.80058288574219, "kl_z1": 69.4630126953125, "kl_a_z0": 9.847885131835938, "kl_a_z1": 9.755683898925781, "kl_z1z2": 6.918000221252441, "kl_z0z3": 3.0153732299804688, "x0y0": 25.194799423217773, "x1y1": 18.811328887939453, "x0y3": 95.76390838623047, "x1y2": 46.941795349121094, "elbo": 150.59796142578125, "epoch": 1199, "_timestamp": 1702629078.4623244, "_runtime": 399.0715763568878, "_step": 1199, "_wandb": {"runtime": 398}}