{"loss": 711864.9375, "tau": 4.612857341766357, "pdiff_z1z2": 0.24426963925361633, "pdiff_z0z3": 0.24588866531848907, "pdiff_z0z1": 0.17910079658031464, "pdiff_z0z2": 0.18058447539806366, "kl_z0": 52.085426330566406, "kl_z1": 52.08804702758789, "kl_a_z0": 66.98770904541016, "kl_a_z1": 92.85763549804688, "kl_z1z2": 17.53590202331543, "kl_z0z3": 17.380672454833984, "x0y0": 354192.90625, "x1y1": 350409.8125, "x0y3": 354455.75, "x1y2": 376443.65625, "elbo": 711317.625, "epoch": 36, "_timestamp": 1701276970.5991197, "_runtime": 102.92981576919556, "_step": 36}