{
  "metrics": {
    "train": {
      "loss": 16965.377495659723,
      "tau": 5.0,
      "pdiff_z1z2": 0.004171262081298564,
      "pdiff_z0z3": 0.004618799603647656,
      "pdiff_z0z1": 0.08648464348581102,
      "pdiff_z0z2": 0.08757305178377363,
      "kl_z0": 274.95821194118923,
      "kl_z1": 275.79931301540796,
      "kl_a_z0": 134.36738026936848,
      "kl_a_z1": 138.94812359280056,
      "kl_z1z2": 1.8380842367808023,
      "kl_z0z3": 1.649008380042182,
      "x0y0": 1875.1515082465278,
      "x1y1": 1902.4191080729167,
      "x0y3": 5209.079600694445,
      "x1y2": 4887.010601128472,
      "elbo": 5770.108713107639
    },
    "test": {
      "loss": 45761.8125,
      "tau": 5.0,
      "pdiff_z1z2": 0.0064425114542245865,
      "pdiff_z0z3": 0.006952232215553522,
      "pdiff_z0z1": 0.0885479524731636,
      "pdiff_z0z2": 0.08762383460998535,
      "kl_z0": 275.8384094238281,
      "kl_z1": 276.11279296875,
      "kl_a_z0": 86.15088653564453,
      "kl_a_z1": 88.96018981933594,
      "kl_z1z2": 6.446481227874756,
      "kl_z0z3": 6.149352073669434,
      "x0y0": 4127.9140625,
      "x1y1": 4288.49169921875,
      "x0y3": 10039.3701171875,
      "x1y2": 10411.072265625,
      "elbo": 11791.59375
    }
  },
  "sae": {
    "mse": {
      "vanilla": {
        "train": 0.016395706860461212,
        "test": 0.036529540303345515
      },
      "gaussian": {
        "train": 0.01642587504460784,
        "test": 0.037468424104186465
      }
    },
    "activation": {
      "train": 0.38250112533569336,
      "test": 0.3834933340549469
    },
    "ever_1": {
      "train": 236.0,
      "test": 200.0
    },
    "ever_0": {
      "train": 282.0,
      "test": 260.0
    },
    "effective": {
      "train": 218.0,
      "test": 160.0
    },
    "variance": {
      "gaussian": {
        "train": {
          "max": 0.25,
          "min": 0.0,
          "mean": 2.2648147933068685e-05,
          "median": 0.0
        },
        "test": {
          "max": 0.25,
          "min": 0.0,
          "mean": 0.00012153333227615803,
          "median": 0.0
        }
      }
    }
  },
  "cycle_consistency": {
    "train": {
      "xs01": [
        0.0,
        0.016395706804739747,
        0.016779596043770034,
        0.016807956153311567,
        0.01680524164916173,
        0.016807956154179987,
        0.01680524165066449,
        0.01680795615219661,
        0.016805241649459502,
        0.0168079561519169
      ],
      "xs12": [
        0.016395706804739747,
        0.00025690917391330004,
        3.1661384127801284e-05,
        7.367668331426103e-06,
        7.367668331426103e-06,
        7.367668331426103e-06,
        7.367668331426103e-06,
        7.367668331426103e-06,
        7.367668331426103e-06,
        7.367668331426103e-06
      ],
      "xs13": [
        0.10681171422042787,
        0.00047538767103105783,
        0.0001289470965275541,
        0.00010125492553925142,
        9.291371679864824e-05,
        0.00010028137330664322,
        9.291371679864824e-05,
        0.00010028137330664322,
        9.291371679864824e-05,
        0.00010028137330664322
      ],
      "xs34": [
        0.10644089070948874,
        0.00034769863123074174,
        4.2750532884383574e-05,
        8.341205102624372e-06,
        7.367668331426103e-06,
        7.367668331426103e-06,
        7.367668331426103e-06,
        7.367668331426103e-06,
        7.367668331426103e-06,
        7.367668331426103e-06
      ],
      "zs01": [
        0.0,
        3.851851943181828e-05,
        3.7777776014991105e-05,
        4.037037069792859e-05,
        3.7777776014991105e-05,
        4.037037069792859e-05,
        3.7777776014991105e-05,
        4.037037069792859e-05,
        3.7777776014991105e-05,
        4.037037069792859e-05
      ],
      "zs12": [
        3.851851943181828e-05,
        5.185185273148818e-06,
        2.592592636574409e-06,
        2.592592636574409e-06,
        2.592592636574409e-06,
        2.592592636574409e-06,
        2.592592636574409e-06,
        2.592592636574409e-06,
        2.592592636574409e-06,
        2.592592636574409e-06
      ],
      "zs13": [
        6.296296487562358e-05,
        1.518518547527492e-05,
        9.62962985795457e-06,
        1.185185192298377e-05,
        9.259259059035685e-06,
        1.185185192298377e-05,
        9.259259059035685e-06,
        1.185185192298377e-05,
        9.259259059035685e-06,
        1.185185192298377e-05
      ],
      "zs34": [
        5.444444468594156e-05,
        5.555555617320351e-06,
        2.9629629807459423e-06,
        2.592592636574409e-06,
        2.592592636574409e-06,
        2.592592636574409e-06,
        2.592592636574409e-06,
        2.592592636574409e-06,
        2.592592636574409e-06,
        2.592592636574409e-06
      ]
    },
    "test": {
      "xs01": [
        0.0,
        0.036529540251534605,
        0.03866638224871994,
        0.03874492735879037,
        0.03879644043644348,
        0.03879567173102539,
        0.03879644043644348,
        0.03879567173102539,
        0.03879644043644348,
        0.03879567173102539
      ],
      "xs12": [
        0.036529540251534605,
        0.0021433811634778976,
        6.749839667463675e-05,
        5.3995656344341114e-05,
        2.1144718630239367e-05,
        2.1144718630239367e-05,
        2.1144718630239367e-05,
        2.1144718630239367e-05,
        2.1144718630239367e-05,
        2.1144718630239367e-05
      ],
      "xs13": [
        0.12876569706557592,
        0.005945011042058468,
        0.0038320510648190975,
        0.0036164859775453806,
        0.0035624897573143244,
        0.003583634737879038,
        0.0035624897573143244,
        0.003583634737879038,
        0.0035624897573143244,
        0.003583634737879038
      ],
      "xs34": [
        0.126146804498297,
        0.0020236840937286615,
        0.00024771635071374476,
        5.3995656344341114e-05,
        2.1144718630239367e-05,
        2.1144718630239367e-05,
        2.1144718630239367e-05,
        2.1144718630239367e-05,
        2.1144718630239367e-05,
        2.1144718630239367e-05
      ],
      "zs01": [
        0.0,
        0.00026000000070780516,
        0.00025333333178423345,
        0.00027333333855494857,
        0.00026000000070780516,
        0.00027333333855494857,
        0.00026000000070780516,
        0.00027333333855494857,
        0.00026000000070780516,
        0.00027333333855494857
      ],
      "zs12": [
        0.00026000000070780516,
        1.9999999494757503e-05,
        1.9999999494757503e-05,
        1.3333333299669903e-05,
        1.3333333299669903e-05,
        1.3333333299669903e-05,
        1.3333333299669903e-05,
        1.3333333299669903e-05,
        1.3333333299669903e-05,
        1.3333333299669903e-05
      ],
      "zs13": [
        0.00039333332097157836,
        0.00014666667266283184,
        0.00011999999696854502,
        0.00012666666589211673,
        0.00011333333532093093,
        0.00012666666589211673,
        0.00011333333532093093,
        0.00012666666589211673,
        0.00011333333532093093,
        0.00012666666589211673
      ],
      "zs34": [
        0.00027333333855494857,
        2.6666666599339806e-05,
        1.9999999494757503e-05,
        1.3333333299669903e-05,
        1.3333333299669903e-05,
        1.3333333299669903e-05,
        1.3333333299669903e-05,
        1.3333333299669903e-05,
        1.3333333299669903e-05,
        1.3333333299669903e-05
      ]
    }
  },
  "z1z2": {
    "mae": {
      "vanilla": {
        "train": 0.0016925926320254803,
        "test": 0.004040000028908253
      },
      "gaussian": {
        "train": 0.0017481481190770864,
        "test": 0.0041066668927669525
      }
    },
    "match_prob": {
      "vanilla": {
        "train": 0.599704921245575,
        "test": 0.2928657531738281
      },
      "gaussian": {
        "train": 0.5909373164176941,
        "test": 0.2940307855606079
      }
    },