{
  "metrics": {
    "train": {
      "loss": 608.3223687065972,
      "tau": 5.0,
      "pdiff_z1z2": 0.0004390233506759008,
      "pdiff_z0z3": 0.0030783200222584935,
      "pdiff_z0z1": 0.008101346074706979,
      "pdiff_z0z2": 0.008184047560724947,
      "kl_z0": 97.72305619981555,
      "kl_z1": 97.68096906873915,
      "kl_a_z0": 28.09460703531901,
      "kl_a_z1": 28.32334240807427,
      "kl_z1z2": 1.3934490309821235,
      "kl_z0z3": 0.08863854706287384,
      "x0y0": 33.296499972873264,
      "x1y1": 32.156594340006514,
      "x0y3": 145.39395751953126,
      "x1y2": 105.80471581353082,
      "elbo": 238.17100287543403
    },
    "test": {
      "loss": 669.9245788574219,
      "tau": 5.0,
      "pdiff_z1z2": 0.0004721231001894921,
      "pdiff_z0z3": 0.0033080642577260734,
      "pdiff_z0z1": 0.008299329318106174,
      "pdiff_z0z2": 0.008392417430877685,
      "kl_z0": 97.92500457763671,
      "kl_z1": 97.7106704711914,
      "kl_a_z0": 24.102746868133544,
      "kl_a_z1": 24.4834641456604,
      "kl_z1z2": 1.609451460838318,
      "kl_z0z3": 0.10033606775105,
      "x0y0": 31.82878189086914,
      "x1y1": 31.564031219482423,
      "x0y3": 182.59947509765624,
      "x1y2": 108.68890914916992,
      "elbo": 242.90509033203125
    }
  },
  "sae": {
    "mse": {
      "vanilla": {
        "train": 0.0034090155478888116,
        "test": 0.0033017093591986056
      },
      "gaussian": {
        "train": 0.005293293994996103,
        "test": 0.004506535981084702
      }
    },
    "activation": {
      "train": 0.12395388633012772,
      "test": 0.1241300031542778
    },
    "ever_1": {
      "train": 87.0,
      "test": 87.0
    },
    "ever_0": {
      "train": 287.0,
      "test": 287.0
    },
    "effective": {
      "train": 74.0,
      "test": 74.0
    },
    "variance": {
      "gaussian": {
        "train": {
          "max": 0.1600000113248825,
          "min": 0.0,
          "mean": 1.587404949532356e-05,
          "median": 0.0
        },
        "test": {
          "max": 0.1600000113248825,
          "min": 0.0,
          "mean": 1.463333137508016e-05,
          "median": 0.0
        }
      }
    }
  },
  "cycle_consistency": {
    "train": {
      "xs01": [
        0.0,
        0.003409015524246567,
        0.003409015524246567,
        0.003409015524246567,
        0.003409015524246567,
        0.003409015524246567,
        0.003409015524246567,
        0.003409015524246567,
        0.003409015524246567,
        0.003409015524246567
      ],
      "xs12": [
        0.003409015524246567,
        0.0,
        0.0,
        0.0,
        0.0,
        0.0,
        0.0,
        0.0,
        0.0,
        0.0
      ],
      "xs13": [
        0.49360846573290984,
        0.0014276934089139104,
        0.0016805663472041488,
        0.001718734041787684,
        0.001718734041787684,
        0.001718734041787684,
        0.001718734041787684,
        0.001718734041787684,
        0.001718734041787684,
        0.001718734041787684
      ],
      "xs34": [
        0.49460926188286813,
        0.00019769117352552712,
        8.569758392695803e-06,
        0.0,
        0.0,
        0.0,
        0.0,
        0.0,
        0.0,
        0.0
      ],
      "zs01": [
        0.0,
        0.0,
        0.0,
        0.0,
        0.0,
        0.0,
        0.0,
        0.0,
        0.0,
        0.0
      ],
      "zs12": [
        0.0,
        0.0,
        0.0,
        0.0,
        0.0,
        0.0,
        0.0,
        0.0,
        0.0,
        0.0
      ],
      "zs13": [
        1.7592592485016212e-05,
        2.055555523838848e-05,
        2.1111110982019454e-05,
        2.1111110982019454e-05,
        2.1111110982019454e-05,
        2.1111110982019454e-05,
        2.1111110982019454e-05,
        2.1111110982019454e-05,
        2.1111110982019454e-05,
        2.1111110982019454e-05
      ],
      "zs34": [
        4.814814928977285e-06,
        5.555555731007189e-07,
        0.0,
        0.0,
        0.0,
        0.0,
        0.0,
        0.0,
        0.0,
        0.0
      ]
    },
    "test": {
      "xs01": [
        0.0,
        0.0033017092760729417,
        0.0033017092760729417,
        0.0033017092760729417,
        0.0033017092760729417,
        0.0033017092760729417,
        0.0033017092760729417,
        0.0033017092760729417,
        0.0033017092760729417,
        0.0033017092760729417
      ],
      "xs12": [
        0.0033017092760729417,
        0.0,
        0.0,
        0.0,
        0.0,
        0.0,
        0.0,
        0.0,
        0.0,
        0.0
      ],
      "xs13": [
        0.49370086667090674,
        0.003551189322024584,
        0.004142235033214092,
        0.004142235033214092,
        0.004142235033214092,
        0.004142235033214092,
        0.004142235033214092,
        0.004142235033214092,
        0.004142235033214092,
        0.004142235033214092
      ],
      "xs34": [
        0.4968903741675388,
        0.0006030969088897109,
        0.0,
        0.0,
        0.0,
        0.0,
        0.0,
        0.0,
        0.0,
        0.0
      ],
      "zs01": [
        0.0,
        0.0,
        0.0,
        0.0,
        0.0,
        0.0,
        0.0,
        0.0,
        0.0,
        0.0
      ],
      "zs12": [
        0.0,
        0.0,
        0.0,
        0.0,
        0.0,
        0.0,
        0.0,
        0.0,
        0.0,
        0.0
      ],
      "zs13": [
        2.3333333956543356e-05,
        2.6666666599339806e-05,
        2.6666666599339806e-05,
        2.6666666599339806e-05,
        2.6666666599339806e-05,
        2.6666666599339806e-05,
        2.6666666599339806e-05,
        2.6666666599339806e-05,
        2.6666666599339806e-05,
        2.6666666599339806e-05
      ],
      "zs34": [
        3.3333333249174757e-06,
        0.0,
        0.0,
        0.0,
        0.0,
        0.0,
        0.0,
        0.0,
        0.0,
        0.0
      ]
    }
  },
  "z1z2": {
    "mae": {
      "vanilla": {
        "train": 0.00011888888548128307,
        "test": 0.00014000000373926014
      },
      "gaussian": {
        "train": 0.0001518518547527492,
        "test": 0.00017333333380520344
      }
    },
    "match_prob": {
      "vanilla": {
        "train": 0.9647665619850159,
        "test": 0.9586007595062256
      },
      "gaussian": {
        "train": 0.9545091390609741,
        "test": 0.9528607130050659
      }
    },
    "allmatch_prob": {
      "vanilla": {
        "train": 0.9643333554267883,
        "test": 0.9580000042915344
      },
      "gaussian": {
        "train": 0.957111120223999,
        "test": 0.9580000042915344
      }
    },
    "xor": {
      "train": 0.0,
      "test": 0.0
    },
    "compiled_action": {
      "train": 180.0,
      "test": 143.0
    }
  },
  "kl_a_z0": {
    "train": 28.09460703531901,
    "test": 24.102746868133544
  },
  "x0y3": {
    "mse": {
      "vanilla": {
        "train": 0.015145204779234188,
        "test": 0.0190207809793607
      },
      "gaussian": {
        "train": 0.507019814906981,
        "test": 0.5195146246076875
      }
    }
  },
  "z0z3": {
    "mae": {
      "vanilla": {
        "train": 0.001868888852186501,
        "test": 0.002240000059828162
      },
      "gaussian": {
        "train": 0.0019033333519473672,
        "test": 0.0022533333394676447
      }
    },
    "match_prob": {
      "vanilla": {
        "train": 0.5682788491249084,
        "test": 0.5078672170639038
      },
      "gaussian": {
        "train": 0.5634473562240601,
        "test": 0.50377357006073
      }
    },
    "allmatch_prob": {
      "vanilla": {
        "train": 0.816777765750885,
        "test": 0.8100000023841858
      },
      "gaussian": {
        "train": 0.809333324432373,
        "test": 0.8059999942779541
      }
    },
    "xor": {
      "train": 0.0,
      "test": 0.0
    },
    "compiled_action": {
      "train": 180.0,
      "test": 143.0
    }
  },
  "action": {
    "true_num_actions": {
      "train": 87,
      "test": 87
    }
  }
}