{"loss": 2095.4755859375, "tau": 0.5, "pdiff_z1z2": 0.22256791591644287, "pdiff_z0z3": 0.20655548572540283, "pdiff_z0z1": 0.06773927807807922, "pdiff_z0z2": 0.22726178169250488, "kl_z0": 19.375431060791016, "kl_z1": 18.386049270629883, "kl_a_z0": 517.50634765625, "kl_a_z1": 517.5604858398438, "kl_z1z2": 95.59160614013672, "kl_z0z3": 101.34185028076172, "x0y0": 403.79046630859375, "x1y1": 351.8687744140625, "x0y3": 1463.7698974609375, "x1y2": 1628.857666015625, "elbo": 1925.5489501953125, "epoch": 1199, "_timestamp": 1702338307.5271733, "_runtime": 2596.432686328888, "_step": 1199, "_wandb": {"runtime": 2595}}