{"loss": {"min": 33272932.0}, "tau": {"min": 1.6216981410980225}, "pdiff_z1z2": {"min": 0.205400288105011}, "pdiff_z0z3": {"min": 0.20377984642982483}, "pdiff_z0z1": {"min": 0.1150965467095375}, "pdiff_z0z2": {"min": 0.09885266423225403}, "kl_z0": {"min": 194.9852294921875}, "kl_z1": {"min": 194.8671875}, "kl_z1z2": {"min": 122.56803894042969}, "kl_z0z3": {"min": 122.60062408447266}, "x0y0": {"min": 18185.07421875}, "x1y1": {"min": 17871.87109375}, "x0y3": {"min": 6559.9404296875}, "x1y2": {"min": 6697.59765625}, "elbo": {"min": 30816.919921875}, "epoch": 490, "_timestamp": 1700424513.4729848, "_runtime": 1604.711050748825, "_step": 490}