{"loss": 5634.2001953125, "tau": 0.5, "pdiff_z1z2": 0.02736206166446209, "pdiff_z0z3": 0.027641525492072105, "pdiff_z0z1": 0.04854842275381088, "pdiff_z0z2": 0.025624576956033707, "kl_z0": 97.46923065185547, "kl_z1": 97.29849243164062, "kl_a_z0": 29.488313674926758, "kl_a_z1": 29.505056381225586, "kl_z1z2": 47.26172637939453, "kl_z0z3": 47.21259689331055, "x0y0": 108.93740844726562, "x1y1": 102.70519256591797, "x0y3": 3989.199462890625, "x1y2": 4451.89892578125, "elbo": 2419.505859375, "epoch": 1199, "_timestamp": 1701082931.3238795, "_runtime": 3182.4946715831757, "_step": 1199, "_wandb": {"runtime": 3181}}