{"loss": 11078.3115234375, "tau": 0.5, "pdiff_z1z2": 0.003722647437825799, "pdiff_z0z3": 0.0036675226874649525, "pdiff_z0z1": 0.08211996406316757, "pdiff_z0z2": 0.08344946056604385, "kl_z0": 238.61355590820312, "kl_z1": 240.65948486328125, "kl_a_z0": 59.04999923706055, "kl_a_z1": 60.60017013549805, "kl_z1z2": 1.161582589149475, "kl_z0z3": 1.118005633354187, "x0y0": 965.2535400390625, "x1y1": 1482.5205078125, "x0y3": 2590.231689453125, "x1y2": 1759.046875, "elbo": 3223.181396484375, "epoch": 1999, "_timestamp": 1701428792.6045752, "_runtime": 5018.9445540905, "_step": 1999, "_wandb": {"runtime": 5018}}