{"loss": 2389633.5, "tau": 4.920055389404297, "pdiff_z1z2": 0.2416060616572698, "pdiff_z0z3": 0.2449964483579, "pdiff_z0z1": 0.22979826231797537, "pdiff_z0z2": 0.13693233827749887, "kl_z0": 256.9292246500651, "kl_z1": 257.9911397298177, "kl_a_z0": 127.40481313069661, "kl_a_z1": 154.47464243570963, "kl_z1z2": 112.51508331298828, "kl_z0z3": 107.18162027994792, "x0y0": 1125542.8333333333, "x1y1": 1131640.375, "x0y3": 1283678.5416666667, "x1y2": 1272746.8333333333, "elbo": 2332447.0833333335, "epoch": 8, "_timestamp": 1702421213.8881273, "_runtime": 78.1194384098053, "_step": 8, "_wandb": {"runtime": 80}}