{
  "parameters": {
    "test_noise": false,
    "test_hard": true,
    "train_noise": true,
    "train_hard": false,
    "dropout_z": false,
    "noise": 0.2,
    "dropout": 0.2,
    "optimizer": "radam",
    "min_temperature": 0.5,
    "epoch": 2000,
    "gs_annealing_start": 0,
    "gs_annealing_end": 1000,
    "kl_cycle_start": 2000,
    "clipnorm": 0.1,
    "batch_size": 400,
    "lr": 0.001,
    "N": 300,
    "zerosuppress": 0.1,
    "densify": false,
    "max_temperature": 5.0,
    "conv_channel": 32,
    "conv_channel_increment": 1,
    "conv_kernel": 5,
    "conv_pooling": 1,
    "conv_per_pooling": 1,
    "conv_depth": 3,
    "fc_width": 100,
    "fc_depth": 2,
    "A": 120,
    "aae_activation": "relu",
    "aae_width": 1000,
    "aae_depth": 2,
    "eff_regularizer": null,
    "beta_d": 1000,
    "beta_z": 1,
    "output": "GaussianOutput(sigma=0.1)",
    "mode": "learn",
    "disks": 4,
    "towers": 4,
    "num_examples": 5000,
    "aeclass": "CubeSpaceAE_AMA4Conv",
    "comment": "kltune2",
    "generator": "latplan.puzzles.hanoi",
    "mean": [
      [
        [
          0.28799999999996584,
          0.28799999999996584,
          0.28799999999996584
        ],
        [
          0.28799999999996584,
          0.28799999999996584,
          0.28799999999996584
        ],
        [
          0.28799999999996584,
          0.28799999999996584,
          0.28799999999996584
        ],
        [
          0.28799999999996584,
          0.28799999999996584,
          0.28799999999996584
        ],
        [
          0.28807142857139445,
          0.28807142857139445,
          0.28807142857139445
        ],
        [
          0.28807142857139445,
          0.28807142857139445,
          0.28807142857139445
        ],
        [
          0.28807142857139445,
          0.28807142857139445,
          0.28807142857139445
        ],
        [
          0.28807142857139445,
          0.28807142857139445,
          0.28807142857139445
        ],
        [
          0.2887142857142516,
          0.2887142857142516,
          0.2887142857142516
        ],
        [
          0.2887142857142516,
          0.2887142857142516,
          0.2887142857142516
        ],
        [
          0.2887142857142516,
          0.2887142857142516,
          0.2887142857142516
        ],
        [
          0.2887142857142516,
          0.2887142857142516,
          0.2887142857142516
        ],
        [
          0.28757142857139456,
          0.28757142857139456,
          0.28757142857139456
        ],
        [
          0.28757142857139456,
          0.28757142857139456,
          0.28757142857139456
        ],
        [
          0.28757142857139456,
          0.28757142857139456,
          0.28757142857139456
        ],
        [
          0.28757142857139456,
          0.28757142857139456,
          0.28757142857139456
        ]
      ],
      [
        [
          0.32199999999996487,
          0.30659999999996623,
          0.30659999999996623
        ],
        [
          0.32199999999996487,
          0.30659999999996623,
          0.30659999999996623
        ],
        [
          0.32199999999996487,
          0.30659999999996623,
          0.30659999999996623
        ],
        [
          0.32199999999996487,
          0.30659999999996623,
          0.30659999999996623
        ],
        [
          0.3185714285713936,
          0.30217142857139495,
          0.30217142857139495
        ],
        [
          0.3185714285713936,
          0.30217142857139495,
          0.30217142857139495
        ],
        [
          0.3185714285713936,
          0.30217142857139495,
          0.30217142857139495
        ],
        [
          0.3185714285713936,
          0.30217142857139495,
          0.30217142857139495
        ],
        [
          0.324142857142822,
          0.3066428571428233,
          0.3066428571428233
        ],
        [
          0.324142857142822,
          0.3066428571428233,
          0.3066428571428233
        ],
        [
          0.324142857142822,
          0.3066428571428233,
          0.3066428571428233
        ],
        [
          0.324142857142822,
          0.3066428571428233,
          0.3066428571428233
        ],
        [
          0.3193571428571076,
          0.3073571428571086,
          0.3073571428571086
        ],
        [
          0.3193571428571076,
          0.3073571428571086,
          0.3073571428571086
        ],
        [
          0.3193571428571076,
          0.3073571428571086,
          0.3073571428571086
        ],
        [
          0.3193571428571076,
          0.3073571428571086,
          0.3073571428571086
        ]
      ],
      [
        [
          0.4118857142856844,
          0.381585714285683,
          0.3171857142856862
        ],
        [
          0.4118857142856844,
          0.381585714285683,
          0.3171857142856862
        ],
        [
          0.4118857142856844,
          0.381585714285683,
          0.3171857142856862
        ],
        [
          0.4118857142856844,
          0.381585714285683,
          0.3171857142856862
        ],
        [
          0.41187142857139813,
          0.377071428571398,
          0.31837142857140177
        ],
        [
          0.41187142857139813,
          0.377071428571398,
          0.31837142857140177
        ],
        [
          0.41187142857139813,
          0.377071428571398,
          0.31837142857140177
        ],
        [
          0.41187142857139813,
          0.377071428571398,
          0.31837142857140177
        ],
        [
          0.40414285714282544,
          0.3771428571428262,
          0.31364285714282936
        ],
        [
          0.40414285714282544,
          0.3771428571428262,
          0.31364285714282936
        ],
        [
          0.40414285714282544,
          0.3771428571428262,
          0.31364285714282936
        ],
        [
          0.40414285714282544,
          0.3771428571428262,
          0.31364285714282936
        ],
        [
          0.40969999999996815,
          0.37329999999996916,
          0.3129999999999725
        ],
        [
          0.40969999999996815,
          0.37329999999996916,
          0.3129999999999725
        ],
        [
          0.40969999999996815,
          0.37329999999996916,
          0.3129999999999725
        ],
        [
          0.40969999999996815,
          0.37329999999996916,
          0.3129999999999725
        ]
      ],
      [
        [
          0.33269999999998806,
          0.39209999999998674,
          0.4465999999999976
        ],
        [
          0.33269999999998806,
          0.39209999999998674,
          0.4465999999999976
        ],
        [
          0.33269999999998806,
          0.39209999999998674,
          0.4465999999999976
        ],
        [
          0.33269999999998806,
          0.39209999999998674,
          0.4465999999999976
        ],
        [
          0.33989999999998816,
          0.38269999999998716,
          0.4457999999999991
        ],
        [
          0.33989999999998816,
          0.38269999999998716,
          0.4457999999999991
        ],
        [
          0.33989999999998816,
          0.38269999999998716,
          0.4457999999999991
        ],
        [
          0.33989999999998816,
          0.38269999999998716,
          0.4457999999999991
        ],
        [
          0.34471428571427354,
          0.38641428571427283,
          0.4512142857142828
        ],
        [
          0.34471428571427354,
          0.38641428571427283,
          0.4512142857142828
        ],
        [
          0.34471428571427354,
          0.38641428571427283,
          0.4512142857142828
        ],
        [
          0.34471428571427354,
          0.38641428571427283,
          0.4512142857142828
        ],
        [
          0.3372285714285589,
          0.383128571428558,
          0.44762857142856965
        ],
        [
          0.3372285714285589,
