{
  "metrics": {
    "train": {
      "loss": 1420.2758725766782,
      "tau": 5.0,
      "pdiff_z1z2": 0.002360526924194009,
      "pdiff_z0z3": 0.004818436372335311,
      "pdiff_z0z1": 0.009391125905568953,
      "pdiff_z0z2": 0.009556219030033659,
      "kl_z0": 178.4048934371383,
      "kl_z1": 178.32589687771267,
      "kl_a_z0": 67.55861963342737,
      "kl_a_z1": 52.75530973363806,
      "kl_z1z2": 2.2431292092358626,
      "kl_z0z3": 0.972222168357284,
      "x0y0": 141.08603266963252,
      "x1y1": 140.25083923339844,
      "x0y3": 490.06636239510993,
      "x1y2": 177.58569313331887,
      "elbo": 617.2418737340856
    },
    "test": {
      "loss": 1519.5319091796875,
      "tau": 5.0,
      "pdiff_z1z2": 0.0026426851283758877,
      "pdiff_z0z3": 0.005132576792190472,
      "pdiff_z0z1": 0.009759485100706419,
      "pdiff_z0z2": 0.009734397319455941,
      "kl_z0": 178.45760294596354,
      "kl_z1": 178.43404541015624,
      "kl_a_z0": 64.13822072347006,
      "kl_a_z1": 50.19392395019531,
      "kl_z1z2": 2.38766983350118,
      "kl_z0z3": 1.1205329338709513,
      "x0y0": 143.20722147623698,
      "x1y1": 156.9758280436198,
      "x0y3": 523.200850423177,
      "x1y2": 203.72714233398438,
      "elbo": 643.3582153320312
    }
  },
  "sae": {
    "mse": {
      "vanilla": {
        "train": 0.014652963287665084,
        "test": 0.015634534878049874
      },
      "gaussian": {
        "train": 0.016811627772754106,
        "test": 0.01745202945067253
      }
    },
    "activation": {
      "train": 0.23527468740940094,
      "test": 0.2354000061750412
    },
    "ever_1": {
      "train": 140.0,
      "test": 140.0
    },
    "ever_0": {
      "train": 283.0,
      "test": 283.0
    },
    "effective": {
      "train": 123.0,
      "test": 123.0
    },
    "variance": {
      "gaussian": {
        "train": {
          "max": 0.21000000834465027,
          "min": 0.0,
          "mean": 2.803603456413839e-05,
          "median": 0.0
        },
        "test": {
          "max": 0.20999999344348907,
          "min": 0.0,
          "mean": 3.1877800211077556e-05,
          "median": 0.0
        }
      }
    }
  },
  "cycle_consistency": {
    "train": {
      "xs01": [
        0.0,
        0.014652963221229613,
        0.014652963221229613,
        0.014652963221229613,
        0.014652963221229613,
        0.014652963221229613,
        0.014652963221229613,
        0.014652963221229613,
        0.014652963221229613,
        0.014652963221229613
      ],
      "xs12": [
        0.014652963221229613,
        0.0,
        0.0,
        0.0,
        0.0,
        0.0,
        0.0,
        0.0,
        0.0,
        0.0
      ],
      "xs13": [
        0.5045693064183515,
        0.002456971211358905,
        0.0030380147509276867,
        0.003042723285034299,
        0.003042723285034299,
        0.003042723285034299,
        0.003042723285034299,
        0.003042723285034299,
        0.003042723285034299,
        0.003042723285034299
      ],
      "xs34": [
        0.5064240815306058,
        0.0002613370888866484,
        1.3261317235446768e-06,
        0.0,
        0.0,
        0.0,
        0.0,
        0.0,
        0.0,
        0.0
      ],
      "zs01": [
        0.0,
        0.0,
        0.0,
        0.0,
        0.0,
        0.0,
        0.0,
        0.0,
        0.0,
        0.0
      ],
      "zs12": [
        0.0,
        0.0,
        0.0,
        0.0,
        0.0,
        0.0,
        0.0,
        0.0,
        0.0,
        0.0
      ],
      "zs13": [
        3.253086470067501e-05,
        5.283950667944737e-05,
        5.308641993906349e-05,
        5.308641993906349e-05,
        5.308641993906349e-05,
        5.308641993906349e-05,
        5.308641993906349e-05,
        5.308641993906349e-05,
        5.308641993906349e-05,
        5.308641993906349e-05
      ],
      "zs34": [
        2.2160493244882673e-05,
        2.469135722549254e-07,
        0.0,
        0.0,
        0.0,
        0.0,
        0.0,
        0.0,
        0.0,
        0.0
      ]
    },
    "test": {
      "xs01": [
        0.0,
        0.015634534816367944,
        0.015634534816367944,
        0.015634534816367944,
        0.015634534816367944,
        0.015634534816367944,
        0.015634534816367944,
        0.015634534816367944,
        0.015634534816367944,
        0.015634534816367944
      ],
      "xs12": [
        0.015634534816367944,
        0.0,
        0.0,
        0.0,
        0.0,
        0.0,
        0.0,
        0.0,
        0.0,
        0.0
      ],
      "xs13": [
        0.5059936623697586,
        0.0025224199052900076,
        0.0031736805103719234,
        0.0031736805103719234,
        0.0031736805103719234,
        0.0031736805103719234,
        0.0031736805103719234,
        0.0031736805103719234,
        0.0031736805103719234,
        0.0031736805103719234
      ],
      "xs34": [
        0.5078809621025414,
        0.00014281048788689077,
        0.0,
        0.0,
        0.0,
        0.0,
        0.0,
        0.0,
        0.0,
        0.0
      ],
      "zs01": [
        0.0,
        0.0,
        0.0,
        0.0,
        0.0,
        0.0,
        0.0,
        0.0,
        0.0,
        0.0
      ],
      "zs12": [
        0.0,
        0.0,
        0.0,
        0.0,
        0.0,
        0.0,
        0.0,
        0.0,
        0.0,
        0.0
      ],
      "zs13": [
        3.555555667844601e-05,
        0.0001411111152265221,
        0.0001411111152265221,
        0.0001411111152265221,
        0.0001411111152265221,
        0.0001411111152265221,
        0.0001411111152265221,
        0.0001411111152265221,
        0.0001411111152265221,
        0.0001411111152265221
      ],
      "zs34": [
        0.00011000000085914508,
        0.0,
        0.0,
        0.0,
        0.0,
        0.0,
        0.0,
        0.0,
        0.0,
        0.0
      ]
    }
  },
  "z1z2": {
    "mae": {
      "vanilla": {
        "train": 0.0013953086454421282,
        "test": 0.0017111111665144563
      },
      "gaussian": {
        "train": 0.001451851800084114,
        "test": 0.00175333337392658
      }
    },
    "match_prob": {
      "vanilla": {
        "train": 0.657322347164154,
        "test": 0.5973175764083862
      },
      "gaussian": {
        "train": 0.6471194624900818,
        "test": 0.5862174034118652
      }
    },
    "allmatch_prob": {
      "vanilla": {
        "train": 0.9721851944923401,
        "test": 0.9666666388511658
      },
      "gaussian": {
        "train": 0.9570370316505432,
        "test": 0.9440000057220459
      }
    },
    "xor": {
      "train": 0.0,
      "test": 0.0
    },
    "compiled_action": {
      "train": 120.0,
      "test": 120.0
    }
  },
  "kl_a_z0": {
    "train": 67.55861963342737,
    "test": 64.13822072347006
  },
  "x0y3": {
    "mse": {
      "vanilla": {
        "train": 0.051048584578485316,
        "test": 0.054500092021351226
      },
      "gaussian": {
        "train": 0.5432286776987921,
        "test": 0.5467951597742263
      }
    }
  },
  "z0z3": {
    "mae": {
      "vanilla": {
        "train": 0.0029290122911334038,
        "test": 0.0030799999367445707
      },
      "gaussian": {
        "train": 0.0029779011383652687,
        "test": 0.003120000008493662
      }
    },
    "match_prob": {
      "vanilla": {
        "train": 0.4129704535007477,
        "test": 0.39432257413864136
      },
      "gaussian": {
        "train": 0.4066600799560547,
        "test": 0.38429731130599976
      }
    },
    "allmatch_prob": {
      "vanilla": {
        "train": 0.7739629745483398,
        "test": 0.7639999985694885
      },
      "gaussian": {
        "train": 0.7617777585983276,
        "test": 0.7540000081062317
      }
    },
    "xor": {
      "train": 0.0,
      "test": 0.0
    },
    "compiled_action": {
      "train": 120.0,
      "test": 120.0
    }
  },
  "action": {
    "true_num_actions": {
      "train": 140,
      "test": 140
    }
  }
}