{
  "metrics": {
    "train": {
      "loss": 330.61390177408856,
      "tau": 5.0,
      "pdiff_z1z2": 0.017200283540619744,
      "pdiff_z0z3": 0.015861107077863482,
      "pdiff_z0z1": 0.03458155476384693,
      "pdiff_z0z2": 0.026007571775052283,
      "kl_z0": 102.9975106133355,
      "kl_z1": 102.27069837782118,
      "kl_a_z0": 51.7479287677341,
      "kl_a_z1": 52.636180602179635,
      "kl_z1z2": 49.798286522759334,
      "kl_z0z3": 54.61197976006402,
      "x0y0": 19.59122856987847,
      "x1y1": 19.254584630330402,
      "x0y3": 6656.0642686631945,
      "x1y2": 6610.064865451389,
      "elbo": 3526.5954752604166
    },
    "test": {
      "loss": 400.4613952636719,
      "tau": 5.0,
      "pdiff_z1z2": 0.0206346083432436,
      "pdiff_z0z3": 0.01941153034567833,
      "pdiff_z0z1": 0.03779040277004242,
      "pdiff_z0z2": 0.02657751925289631,
      "kl_z0": 102.77986907958984,
      "kl_z1": 101.9677505493164,
      "kl_a_z0": 32.573036193847656,
      "kl_a_z1": 33.44636535644531,
      "kl_z1z2": 60.798240661621094,
      "kl_z0z3": 65.10926818847656,
      "x0y0": 19.842243194580078,
      "x1y1": 19.180068969726562,
      "x0y3": 6988.10595703125,
      "x1y2": 6898.61328125,
      "elbo": 3667.806884765625
    }
  },
  "sae": {
    "mse": {
      "vanilla": {
        "train": 0.00016860162276762867,
        "test": 0.00016936767374669252
      },
      "gaussian": {
        "train": 0.00018352822821319495,
        "test": 0.000182392428428206
      }
    },
    "activation": {
      "train": 0.11017296463251114,
      "test": 0.11020666360855103
    },
    "ever_1": {
      "train": 282.0,
      "test": 281.0
    },
    "ever_0": {
      "train": 300.0,
      "test": 300.0
    },
    "effective": {
      "train": 282.0,
      "test": 281.0
    },
    "variance": {
      "gaussian": {
        "train": {
          "max": 0.25,
          "min": 0.0,
          "mean": 0.0019800856243819,
          "median": 0.0
        },
        "test": {
          "max": 0.25,
          "min": 0.0,
          "mean": 0.0020204666070640087,
          "median": 0.0
        }
      }
    }
  },
  "cycle_consistency": {
    "train": {
      "xs01": [
        0.0,
        0.0001686016203608916,
        0.00016860086951460027,
        0.0001686008694218909,
        0.00016860086938360735,
        0.0001686008693978479,
        0.00016860086951397198,
        0.0001686008694537345,
        0.0001686008694855904,
        0.0001686008695082713
      ],
      "xs12": [
        0.0001686016203608916,
        1.576594549357324e-10,
        9.36456333078305e-17,
        9.34616749570436e-17,
        9.176488929268093e-17,
        9.381759423101292e-17,
        9.424185185846892e-17,
        9.390066963429285e-17,
        9.446167676061611e-17,
        9.416399100177053e-17
      ],
      "xs13": [
        0.4902664962242344,
        9.060346201295033e-06,
        5.499377689344165e-11,
        5.499377689344165e-11,
        5.499377689344165e-11,
        5.499377689344165e-11,
        5.499377689344165e-11,
        5.499377689344165e-11,
        5.499377689344165e-11,
        5.499377689344165e-11
      ],
      "xs34": [
        0.49026174847306053,
        9.060219781531487e-06,
        9.328549210401471e-17,
        9.433023445255898e-17,
        9.458563473849086e-17,
        9.478096185961668e-17,
        9.597439819507349e-17,
        9.391813307138507e-17,
        9.413605214940094e-17,
        9.343385521868222e-17
      ],
      "zs01": [
        0.0,
        1.4814814903729712e-06,
        1.4814814903729712e-06,
        1.4814814903729712e-06,
        1.4814814903729712e-06,
        1.4814814903729712e-06,
        1.4814814903729712e-06,
        1.4814814903729712e-06,
        1.4814814903729712e-06,
        1.4814814903729712e-06
      ],
      "zs12": [
        1.4814814903729712e-06,
        0.0,
        0.0,
        0.0,
        0.0,
        0.0,
        0.0,
        0.0,
        0.0,
        0.0
      ],
      "zs13": [
        0.00513444421812892,
        3.703703725932428e-07,
        3.703703725932428e-07,
        3.703703725932428e-07,
        3.703703725932428e-07,
        3.703703725932428e-07,
        3.703703725932428e-07,
        3.703703725932428e-07,
        3.703703725932428e-07,
        3.703703725932428e-07
      ],
      "zs34": [
        0.00513407401740551,
        0.0,
        0.0,
        0.0,
        0.0,
        0.0,
        0.0,
        0.0,
        0.0,
        0.0
      ]
    },
    "test": {
      "xs01": [
        0.0,
        0.00016936767102382656,
        0.0001693621967018352,
        0.0001693621967018352,
        0.0001693621967018352,
        0.0001693621967018352,
        0.0001693621967018352,
        0.0001693621967018352,
        0.0001693621967018352,
        0.0001693621967018352
      ],
      "xs12": [
        0.00016936767102382656,
        5.985818951614874e-09,
        0.0,
        0.0,
        0.0,
        0.0,
        0.0,
        0.0,
        0.0,
        0.0
      ],
      "xs13": [
        0.4900523759952926,
        8.186622835637536e-06,
        0.0,
        0.0,
        0.0,
        0.0,
        0.0,
        0.0,
        0.0,
        0.0
      ],
      "xs34": [
        0.49004808081115314,
        8.186622835637536e-06,
        0.0,
        0.0,
        0.0,
        0.0,
        0.0,
        0.0,
        0.0,
        0.0
      ],
      "zs01": [
        0.0,
        3.333333370392211e-05,
        3.333333370392211e-05,
        3.333333370392211e-05,
        3.333333370392211e-05,
        3.333333370392211e-05,
        3.333333370392211e-05,
        3.333333370392211e-05,
        3.333333370392211e-05,
        3.333333370392211e-05
      ],
      "zs12": [
        3.333333370392211e-05,
        0.0,
        0.0,
        0.0,
        0.0,
        0.0,
        0.0,
        0.0,
        0.0,
        0.0
      ],
      "zs13": [
        0.006486666854470968,
        0.0,
        0.0,
        0.0,
        0.0,
        0.0,
        0.0,
        0.0,
        0.0,
        0.0
      ],
      "zs34": [
        0.006486666854470968,
        0.0,
        0.0,
        0.0,
        0.0,
        0.0,
        0.0,
        0.0,
        0.0,
        0.0
      ]
    }
  },
  "z1z2": {
    "mae": {
      "vanilla": {
        "train": 0.016342222690582275,
        "test": 0.01974666677415371
      },
      "gaussian": {
        "train": 0.02341185137629509,
        "test": 0.025306666269898415
      }
    },
    "match_prob": {
      "vanilla": {
        "train": 0.006925369147211313,
        "test": 0.0024044071324169636
      },
      "gaussian": {
        "train": 0.0008014318300411105,
        "test": 0.00041446901741437614
      }
    },
    "allmatch_prob": {
      "vanilla": {
        "train": 0.0,
        "test": 0.0
      },
      "gaussian": {
        "train": 0.0,
        "test": 0.0
      }
    },
    "xor": {
      "train": 0.0,
      "test": 0.0
    },
    "compiled_action": {
      "train": 24.0,
      "test": 24.0
    }
  },
  "kl_a_z0": {
    "train": 51.7479287677341,
    "test": 32.573036193847656
  },
  "x0y3": {
    "mse": {
      "vanilla": {
        "train": 0.05777834013511212,
        "test": 0.060660647117334696
      },
      "gaussian": {
        "train": 0.5476788252679075,
        "test": 0.5497630842600254
      }
    }
  },
  "z0z3": {
    "mae": {
      "vanilla": {
        "train": 0.015004444867372513,
        "test": 0.018573332577943802
      },
      "gaussian": {
        "train": 0.022091111168265343,
        "test": 0.023853333666920662
      }
    },
    "match_prob": {
      "vanilla": {
        "train": 0.010380213148891926,
        "test": 0.0034510279074311256
      },
      "gaussian": {
        "train": 0.0011699958704411983,
        "test": 0.0006343212444335222
      }
    },
    "allmatch_prob": {
      "vanilla": {
        "train": 0.0,
        "test": 0.0
      },
      "gaussian": {
        "train": 0.0,
        "test": 0.0
      }
    },