{"loss": 89969.203125, "tau": 0.5, "pdiff_z1z2": 0.02618715539574623, "pdiff_z0z3": 0.026184698566794395, "pdiff_z0z1": 0.03653935715556145, "pdiff_z0z2": 0.03542054072022438, "kl_z0": 101.94466400146484, "kl_z1": 102.21672058105469, "kl_a_z0": 31.536706924438477, "kl_a_z1": 33.683250427246094, "kl_z1z2": 17.086835861206055, "kl_z0z3": 17.182117462158203, "x0y0": 19.346080780029297, "x1y1": 19.041215896606445, "x0y3": 6468.00732421875, "x1y2": 6390.41650390625, "elbo": 3386.654296875, "epoch": 1999, "_timestamp": 1701182963.9260094, "_runtime": 2475.7882084846497, "_step": 1999, "_wandb": {"runtime": 2475}}