{
  "metrics": {
    "train": {
      "loss": 1450.4066026475693,
      "tau": 5.0,
      "pdiff_z1z2": 0.004973561306380563,
      "pdiff_z0z3": 0.004944802468849553,
      "pdiff_z0z1": 0.025367593641082445,
      "pdiff_z0z2": 0.023964380555682712,
      "kl_z0": 98.10067392985026,
      "kl_z1": 97.81320580376519,
      "kl_a_z0": 48.43756923675537,
      "kl_a_z1": 46.23192335764567,
      "kl_z1z2": 4.845436170366075,
      "kl_z0z3": 4.85825072394477,
      "x0y0": 53.39849099053277,
      "x1y1": 52.196264309353296,
      "x0y3": 207.73210991753473,
      "x1y2": 199.12467041015626,
      "elbo": 328.62786865234375
    },
    "test": {
      "loss": 5921.68603515625,
      "tau": 5.0,
      "pdiff_z1z2": 0.028016699478030205,
      "pdiff_z0z3": 0.027661673724651337,
      "pdiff_z0z1": 0.04944295436143875,
      "pdiff_z0z2": 0.024795401841402054,
      "kl_z0": 97.62537384033203,
      "kl_z1": 97.81748962402344,
      "kl_a_z0": 30.878332138061523,
      "kl_a_z1": 29.26320457458496,
      "kl_z1z2": 53.032066345214844,
      "kl_z0z3": 53.563453674316406,
      "x0y0": 124.53671264648438,
      "x1y1": 83.9315414428711,
      "x0y3": 3649.479248046875,
      "x1y2": 4723.16943359375,
      "elbo": 2403.95458984375
    }
  },
  "sae": {
    "mse": {
      "vanilla": {
        "train": 0.0004583106184143774,
        "test": 0.000904810170901819
      },
      "gaussian": {
        "train": 0.0005147475358286554,
        "test": 0.0011182758054408945
      }
    },
    "activation": {
      "train": 0.10080888867378235,
      "test": 0.10098666697740555
    },
    "ever_1": {
      "train": 293.0,
      "test": 291.0
    },
    "ever_0": {
      "train": 300.0,
      "test": 300.0
    },
    "effective": {
      "train": 293.0,
      "test": 291.0
    },
    "variance": {
      "gaussian": {
        "train": {
          "max": 0.25,
          "min": 0.0,
          "mean": 0.0004696554969996214,
          "median": 0.0
        },
        "test": {
          "max": 0.25,
          "min": 0.0,
          "mean": 0.002060266677290201,
          "median": 0.0
        }
      }
    }
  },
  "cycle_consistency": {
    "train": {
      "xs01": [
        0.0,
        0.0004583106195366781,
        0.0004591675647832746,
        0.00045955404469239175,
        0.00045916756493521614,
        0.00045955404445960113,
        0.00045916756480422375,
        0.00045955404462629185,
        0.0004591675648628629,
        0.0004595540445119195
      ],
      "xs12": [
        0.0004583106195366781,
        4.153202553425217e-06,
        1.906669467643951e-06,
        1.906669467643951e-06,
        1.906669467643951e-06,
        1.906669467643951e-06,
        1.906669467643951e-06,
        1.906669467643951e-06,
        1.906669467643951e-06,
        1.906669467643951e-06
      ],
      "xs13": [
        0.09047584671186593,
        7.817116420483217e-05,
        4.1972220060415566e-05,
        4.634103606804274e-05,
        4.817405351786874e-05,
        4.9644248065305874e-05,
        5.085447264718823e-05,
        5.344285455066711e-05,
        5.365954348235391e-05,
        5.34819919266738e-05
      ],
      "xs34": [
        0.0905244181663756,
        5.653726839227602e-05,
        2.9249222279759124e-06,
        2.1633093183481833e-06,
        2.1162964003451634e-06,
        2.054892320302315e-06,
        2.495166654625791e-06,
        1.9097024051006883e-06,
        1.906669467643951e-06,
        1.906669467643951e-06
      ],
      "zs01": [
        0.0,
        4.444444493856281e-05,
        2.7037036488763988e-05,
        4.444444493856281e-05,
        2.7037036488763988e-05,
        4.444444493856281e-05,
        2.7037036488763988e-05,
        4.444444493856281e-05,
        2.7037036488763988e-05,
        4.444444493856281e-05
      ],
      "zs12": [
        4.444444493856281e-05,
        1.740740663080942e-05,
        1.740740663080942e-05,
        1.740740663080942e-05,
        1.740740663080942e-05,
        1.740740663080942e-05,
        1.740740663080942e-05,
        1.740740663080942e-05,
        1.740740663080942e-05,
        1.740740663080942e-05
      ],
      "zs13": [
        0.0007081481744535267,
        3.7407407944556326e-05,
        3.592592474888079e-05,
        3.555555667844601e-05,
        3.7407407944556326e-05,
        3.703703623614274e-05,
        3.8888887502253056e-05,
        3.7407407944556326e-05,
        3.851851943181828e-05,
        3.7407407944556326e-05
      ],
      "zs34": [
        0.000698148156516254,
        2.5185185222653672e-05,
        1.8148148228647187e-05,
        1.8148148228647187e-05,
        1.8148148228647187e-05,
        1.8148148228647187e-05,
        1.7777778339223005e-05,
        1.740740663080942e-05,
        1.740740663080942e-05,
        1.740740663080942e-05
      ]
    },
    "test": {
      "xs01": [
        0.0,
        0.0009048101717889252,
        0.001073524753560473,
        0.0012834773738957068,
        0.0014652493832577717,
        0.0015234109954300379,
        0.0015157083622389272,
        0.0015234109954300379,
        0.0015157083622389272,
        0.0015234109954300379
      ],
      "xs12": [
        0.0009048101717889252,
        0.00010724308231147006,
        6.408215267583728e-05,
        4.341567910159938e-05,
        2.1570509488810785e-05,
        2.559853555794689e-06,
        2.559853555794689e-06,
        2.559853555794689e-06,
        2.559853555794689e-06,
        2.559853555794689e-06
      ],
      "xs13": [
        0.09148757153008186,
        0.001096779596991837,
        0.0007755152182653546,
        0.0009579968173056841,
        0.0009425523458048701,
        0.00091128348140046,
        0.0009121156181208789,
        0.0009107176447287202,
        0.0009121156181208789,
        0.0009107176447287202
      ],
      "xs34": [
        0.09105051581643588,
        0.00046322005800902843,
        0.00014466201537288725,
        7.539927901234478e-05,
        5.957679604762234e-05,
        2.401186793576926e-05,
        3.842176283797016e-06,
        3.842176283797016e-06,
        3.842176283797016e-06,
        3.842176283797016e-06
      ],
      "zs01": [
        0.0,
        0.000446666672360152,
        0.0004866666567977518,
        0.0005533333169296384,
        0.0005600000149570405,
        0.0005799999926239252,
        0.0005600000149570405,
        0.0005799999926239252,
        0.0005600000149570405,
        0.0005799999926239252
      ],
      "zs12": [
        0.000446666672360152,
        6.666666740784422e-05,
        6.666666740784422e-05,
        4.666666791308671e-05,
        1.9999999494757503e-05,
        1.9999999494757503e-05,
        1.9999999494757503e-05,
        1.9999999494757503e-05,
        1.9999999494757503e-05,
        1.9999999494757503e-05
      ],
      "zs13": [
        0.004173333290964365,
        0.0007600000244565308,
        0.0007200000109151006,
        0.0006600000197067857,
        0.0006733333575539291,
        0.0006133333081379533,
        0.0006533333216793835,
        0.0006133333081379533,
        0.0006533333216793835,
        0.0006133333081379533
      ],
      "zs34": [
        0.0037733332719653845,
        0.0003733333433046937,
        0.00014000000373926014,
        7.999999797903001e-05,
        7.333333633141592e-05,
        3.9999998989515007e-05,
        3.9999998989515007e-05,
        3.9999998989515007e-05,
        3.9999998989515007e-05,
        3.9999998989515007e-05
      ]
    }
  },
  "z1z2": {
    "mae": {
      "vanilla": {
        "train": 0.0035792591515928507,
        "test": 0.027186667546629906
      },
      "gaussian": {
        "train": 0.004602222237735987,
        "test": 0.02824000082910061
      }
    },
    "match_prob": {
      "vanilla": {
        "train": 0.3399079442024231,
        "test": 0.0002445769205223769
      },
      "gaussian": {
        "train": 0.2477441430091858,
        "test": 0.00017425780242774636
      }
    },