{"loss": {"min": 493673.40625}, "tau": {"min": 0.6323681473731995}, "mean_of_cosine_distances": 0.0, "norm_mean_of_cosine_distances": 0.0, "pdiff_z1z2": {"min": 0.05610762536525726}, "pdiff_z0z3": {"min": 0.0558539517223835}, "pdiff_z0z1": {"min": 0.10450576990842819}, "pdiff_z0z2": {"min": 0.07447785884141922}, "kl_z0": {"min": 192.3192596435547}, "kl_z1": {"min": 191.90713500976562}, "kl_a_z0": {"min": 292.16571044921875}, "kl_a_z1": {"min": 283.5982360839844}, "kl_z1z2": {"min": 52.26600646972656}, "kl_z0z3": {"min": 52.68336868286133}, "x0y0": {"min": 312.2641906738281}, "x1y1": {"min": 330.49468994140625}, "x0y3": {"min": 2776.354248046875}, "x1y2": {"min": 3318.4013671875}, "elbo": {"min": 3300.567138671875}, "epoch": 899, "_timestamp": 1700197267.0680003, "_runtime": 2961.793135404587, "_step": 899, "_wandb": {"runtime": 2968}}