{
  "metrics": {
    "train": {
      "loss": 3503.7043511284724,
      "tau": 5.0,
      "pdiff_z1z2": 0.00794040359970596,
      "pdiff_z0z3": 0.007981649662057558,
      "pdiff_z0z1": 0.09624287767542733,
      "pdiff_z0z2": 0.0980965319606993,
      "kl_z0": 125.80662384033204,
      "kl_z1": 125.44387986924913,
      "kl_a_z0": 53.70624330308702,
      "kl_a_z1": 61.556168683369954,
      "kl_z1z2": 3.464301411310832,
      "kl_z0z3": 3.403068913353814,
      "x0y0": 118.60819227430555,
      "x1y1": 115.95874701605902,
      "x0y3": 622.5013983832465,
      "x1y2": 565.709625922309,
      "elbo": 657.9512668185764
    },
    "test": {
      "loss": 17860.568359375,
      "tau": 5.0,
      "pdiff_z1z2": 0.02052139863371849,
      "pdiff_z0z3": 0.020905934274196625,
      "pdiff_z0z1": 0.10838264226913452,
      "pdiff_z0z2": 0.09890761971473694,
      "kl_z0": 126.24751281738281,
      "kl_z1": 125.19357299804688,
      "kl_a_z0": 33.58648681640625,
      "kl_a_z1": 38.568565368652344,
      "kl_z1z2": 28.530723571777344,
      "kl_z0z3": 27.48542594909668,
      "x0y0": 183.0106964111328,
      "x1y1": 127.34624481201172,
      "x0y3": 4505.50732421875,
      "x1y2": 4816.41455078125,
      "elbo": 2739.050537109375
    }
  },
  "sae": {
    "mse": {
      "vanilla": {
        "train": 0.0010180857781355447,
        "test": 0.0013470354392825837
      },
      "gaussian": {
        "train": 0.10639156104724169,
        "test": 0.11030122393416707
      }
    },
    "activation": {
      "train": 0.1531262993812561,
      "test": 0.1536533385515213
    },
    "ever_1": {
      "train": 232.0,
      "test": 232.0
    },
    "ever_0": {
      "train": 300.0,
      "test": 300.0
    },
    "effective": {
      "train": 232.0,
      "test": 232.0
    },
    "variance": {
      "gaussian": {
        "train": {
          "max": 0.25,
          "min": 0.0,
          "mean": 0.01613744907081127,
          "median": 0.0
        },
        "test": {
          "max": 0.25,
          "min": 0.0,
          "mean": 0.016285598278045654,
          "median": 0.0
        }
      }
    }
  },
  "cycle_consistency": {
    "train": {
      "xs01": [
        0.0,
        0.001018085853244795,
        0.0010452871861922873,
        0.001050074417447727,
        0.0010525438422299177,
        0.0010526213527972167,
        0.0010525438422299177,
        0.0010526213527972167,
        0.0010525438422299177,
        0.0010526213527972167
      ],
      "xs12": [
        0.001018085853244795,
        1.3273249351186678e-05,
        8.9684397153178e-07,
        1.6584482409598422e-06,
        2.060657635638563e-07,
        2.060657635638563e-07,
        2.060657635638563e-07,
        2.060657635638563e-07,
        2.060657635638563e-07,
        2.060657635638563e-07
      ],
      "xs13": [
        0.49116909723064495,
        0.11006440222263336,
        0.09202306717634201,
        0.10218256711959839,
        0.10996348410844803,
        0.11405833065509796,
        0.11598274856805801,
        0.11673586070537567,
        0.11710207909345627,
        0.11723479628562927
      ],
      "xs34": [
        0.5929637087741862,
        0.07296524196863174,
        0.017232559621334076,
        0.006150574889034033,
        0.0026539145037531853,
        0.0010703973239287734,
        0.00040864822221919894,
        0.00016612403851468116,
        7.907397230155766e-05,
        3.432431913097389e-05
      ],
      "zs01": [
        0.0,
        1.6666666851961054e-05,
        1.629629696253687e-05,
        1.8888888007495552e-05,
        1.7037036741385236e-05,
        1.8888888007495552e-05,
        1.7037036741385236e-05,
        1.8888888007495552e-05,
        1.7037036741385236e-05,
        1.8888888007495552e-05
      ],
      "zs12": [
        1.6666666851961054e-05,
        3.3333333249174757e-06,
        2.592592636574409e-06,
        1.8518518345445045e-06,
        1.8518518345445045e-06,
        1.8518518345445045e-06,
        1.8518518345445045e-06,
        1.8518518345445045e-06,
        1.8518518345445045e-06,
        1.8518518345445045e-06
      ],
      "zs13": [
        0.042710740119218826,
        0.020077407360076904,
        0.017953703179955482,
        0.018402963876724243,
        0.018759259954094887,
        0.018934814259409904,
        0.019035184755921364,
        0.019087037071585655,
        0.01911037042737007,
        0.019114073365926743
      ],
      "zs34": [
        0.054845184087753296,
        0.011446666903793812,
        0.004033703822642565,
        0.0017614815151318908,
        0.0007748148054815829,
        0.00031148147536441684,
        0.00014000000373926014,
        7.518518395954743e-05,
        4.3703705159714445e-05,
        3.555555667844601e-05
      ]
    },
    "test": {
      "xs01": [
        0.0,
        0.0013470355168005161,
        0.0018345390645908076,
        0.002197953593497139,
        0.0021615367965763356,
        0.002190592179478024,
        0.0021615367965763356,
        0.002190592179478024,
        0.0021615367965763356,
        0.002190592179478024
      ],
      "xs12": [
        0.0013470355168005161,
        0.00034238837542943656,
        0.00010249352635582909,
        2.594004945422057e-05,
        2.406426028755959e-05,
        2.406426028755959e-05,
        2.406426028755959e-05,
        2.406426028755959e-05,
        2.406426028755959e-05,
        2.406426028755959e-05
      ],
      "xs13": [
        0.49193044818147214,
        0.11162203550338745,
        0.10340914875268936,
        0.1161765530705452,
        0.1254333257675171,
        0.12911812961101532,
        0.1307113766670227,
        0.13099293410778046,
        0.13106215000152588,
        0.13117599487304688
      ],
      "xs34": [
        0.5945287479482366,
        0.07188006490468979,
        0.01747187413275242,
        0.007300409954041243,
        0.002392431488260627,
        0.0010831300169229507,
        0.0003098624583799392,
        3.593129076762125e-05,
        0.0001284434401895851,
        7.033970905467868e-05
      ],
      "zs01": [
        0.0,
        0.00026000000070780516,
        0.00030666665406897664,
        0.00033999999868683517,
        0.0003000000142492354,
        0.00033999999868683517,
        0.0003000000142492354,
        0.00033999999868683517,
        0.0003000000142492354,
        0.00033999999868683517
      ],
      "zs12": [
        0.00026000000070780516,
        0.00011333333532093093,
        4.666666791308671e-05,
        3.9999998989515007e-05,
        3.9999998989515007e-05,
        3.9999998989515007e-05,
        3.9999998989515007e-05,
        3.9999998989515007e-05,
        3.9999998989515007e-05,
        3.9999998989515007e-05
      ],
      "zs13": [
        0.043033331632614136,
        0.022379999980330467,
        0.020506666973233223,
        0.020633332431316376,
        0.020959999412298203,
        0.021080000326037407,
        0.021146666258573532,
        0.021133333444595337,
        0.02118000015616417,
        0.021139999851584435
      ],
      "zs34": [
        0.05589333176612854,
        0.011886666528880596,
        0.004513333551585674,
        0.0019933332223445177,
        0.0007600000244565308,
        0.0003733333433046937,
        0.00010666666639735922,
        9.999999747378752e-05,
        0.00010666666639735922,
        5.333333319867961e-05
      ]
    }
  },
  "z1z2": {
    "mae": {
      "vanilla": {
        "train": 0.003094814717769623,
        "test": 0.0161866657435894
      },
      "gaussian": {
        "train": 0.05145333334803581,
        "test": 0.05527999997138977
      }
    },
    "match_prob": {
      "vanilla": {
        "train": 0.393403559923172,
        "test": 0.007096771616488695
      },
      "gaussian": {
        "train": 4.748517667962915e-08,
        "test": 1.1250082643243786e-08
      }
    },
    "allmatch_prob": {
      "vanilla": {
        "train": 0.41822221875190735,
        "test": 0.01600000075995922
      },