{"loss": {"min": 2306747.0}, "tau": {"min": 0.5}, "pdiff_z1z2": {"min": 0.09064508229494095}, "pdiff_z0z3": {"min": 0.09083281457424164}, "pdiff_z0z1": {"min": 0.07244518399238586}, "pdiff_z0z2": {"min": 0.058039549738168716}, "kl_z0": {"min": 31.7485408782959}, "kl_z1": {"min": 31.91271209716797}, "kl_z1z2": {"min": 17.723604202270508}, "kl_z0z3": {"min": 17.80720329284668}, "x0y0": {"min": 9709.798828125}, "x1y1": {"min": 9771.0654296875}, "x0y3": {"min": 4201.478515625}, "x1y2": {"min": 4127.318359375}, "elbo": {"min": 17018.244140625}, "epoch": 1099, "_timestamp": 1700336772.4047012, "_runtime": 3350.338275194168, "_step": 1099, "_wandb": {"runtime": 3352}}