{"loss": {"min": 278751.03125}, "tau": {"min": 0.6323681473731995}, "mean_of_cosine_distances": 0.0, "norm_mean_of_cosine_distances": 0.0, "pdiff_z1z2": {"min": 0.1366412490606308}, "pdiff_z0z3": {"min": 0.135480135679245}, "pdiff_z0z1": {"min": 0.10575956851243973}, "pdiff_z0z2": {"min": 0.07863456010818481}, "kl_z0": {"min": 66.07134246826172}, "kl_z1": {"min": 66.36758422851562}, "kl_a_z0": {"min": 227.39431762695312}, "kl_a_z1": {"min": 242.8812255859375}, "kl_z1z2": {"min": 42.76686096191406}, "kl_z0z3": {"min": 42.769737243652344}, "x0y0": {"min": 7810.38330078125}, "x1y1": {"min": 7782.55419921875}, "x0y3": {"min": 519.0740356445312}, "x1y2": {"min": 495.0536804199219}, "elbo": {"min": 13020.60546875}, "epoch": 899, "_timestamp": 1700174451.967114, "_runtime": 2756.0183579921722, "_step": 899, "_wandb": {"runtime": 2760}}