{"loss": 17543.29296875, "tau": 0.5, "pdiff_z1z2": 0.020520679652690887, "pdiff_z0z3": 0.020411238074302673, "pdiff_z0z1": 0.1052054837346077, "pdiff_z0z2": 0.09564864635467529, "kl_z0": 125.5818862915039, "kl_z1": 124.43048095703125, "kl_a_z0": 34.278228759765625, "kl_a_z1": 39.95751953125, "kl_z1z2": 27.51919937133789, "kl_z0z3": 27.400409698486328, "x0y0": 161.45310974121094, "x1y1": 152.6665496826172, "x0y3": 4333.3525390625, "x1y2": 4829.13427734375, "elbo": 2702.0654296875, "epoch": 1999, "_timestamp": 1701857093.439047, "_runtime": 5027.84689116478, "_step": 1999, "_wandb": {"runtime": 5027}}