{"loss": {"min": 54660.08984375}, "tau": {"min": 0.5}, "pdiff_z1z2": {"min": 0.12230347096920013}, "pdiff_z0z3": {"min": 0.1238192617893219}, "pdiff_z0z1": {"min": 0.1168522983789444}, "pdiff_z0z2": {"min": 0.09830553829669952}, "kl_z0": {"min": 190.2577667236328}, "kl_z1": {"min": 190.63987731933594}, "kl_z1z2": {"min": 117.54610443115234}, "kl_z0z3": {"min": 117.25587463378906}, "x0y0": {"min": 566.9369506835938}, "x1y1": {"min": 541.6522216796875}, "x0y3": {"min": 809.1226806640625}, "x1y2": {"min": 853.2362670898438}, "elbo": {"min": 1667.412109375}, "epoch": 1099, "_timestamp": 1700401640.0137465, "_runtime": 3567.149362564087, "_step": 1099, "_wandb": {"runtime": 3569}}