{"loss": 3495.627197265625, "tau": 0.5023078918457031, "pdiff_z1z2": 0.05966386944055557, "pdiff_z0z3": 0.058176085352897644, "pdiff_z0z1": 0.10349718481302261, "pdiff_z0z2": 0.10242825746536255, "kl_z0": 54.85192108154297, "kl_z1": 54.03759765625, "kl_a_z0": 73.37042999267578, "kl_a_z1": 71.36058044433594, "kl_z1z2": 12.555776596069336, "kl_z0z3": 12.748648643493652, "x0y0": 227.3086700439453, "x1y1": 227.62705993652344, "x0y3": 4781.62158203125, "x1y2": 4798.3974609375, "elbo": 2869.3427734375, "epoch": 999, "_timestamp": 1700641934.425375, "_runtime": 2307.9841759204865, "_step": 999, "_wandb": {"runtime": 2307}}