{"loss": {"min": 1021863.875}, "tau": {"min": 2.1775593757629395}, "pdiff_z1z2": {"min": 0.13768106698989868}, "pdiff_z0z3": {"min": 0.13912835717201233}, "pdiff_z0z1": {"min": 0.08582711964845657}, "pdiff_z0z2": {"min": 0.09781596064567566}, "kl_a_z0": 80.91398620605469, "kl_a_z1": 90.14692687988281, "kl_z0": {"min": 32.536861419677734}, "kl_z1": {"min": 32.58134078979492}, "kl_z1z2": {"min": 17.45228385925293}, "kl_z0z3": {"min": 17.580406188964844}, "x0y0": {"min": 25850.947265625}, "x1y1": {"min": 25386.19140625}, "x0y3": {"min": 19294.439453125}, "x1y2": {"min": 19967.4921875}, "elbo": {"min": 48402.70703125}, "epoch": 362, "_timestamp": 1700600512.1483693, "_runtime": 1100.714081287384, "_step": 362}