{
  "metrics": {
    "train": {
      "loss": 2791.0135145399304,
      "tau": 5.0,
      "pdiff_z1z2": 0.002886159278245436,
      "pdiff_z0z3": 0.0028570263491322595,
      "pdiff_z0z1": 0.051280525657865735,
      "pdiff_z0z2": 0.05152571913268831,
      "kl_z0": 179.0803748236762,
      "kl_z1": 180.21206834581164,
      "kl_a_z0": 76.9958501180013,
      "kl_a_z1": 78.09349941677517,
      "kl_z1z2": 1.6213697751363119,
      "kl_z0z3": 1.6257522212134468,
      "x0y0": 41.55609605577257,
      "x1y1": 49.81458511352539,
      "x0y3": 69.56034172905817,
      "x1y2": 77.23204905192057,
      "elbo": 363.2287855360243
    },
    "test": {
      "loss": 26309.501953125,
      "tau": 5.0,
      "pdiff_z1z2": 0.021648740395903587,
      "pdiff_z0z3": 0.021674416959285736,
      "pdiff_z0z1": 0.0670558512210846,
      "pdiff_z0z2": 0.04924999549984932,
      "kl_z0": 178.20138549804688,
      "kl_z1": 178.65660095214844,
      "kl_a_z0": 48.70615768432617,
      "kl_a_z1": 50.07528305053711,
      "kl_z1z2": 43.66787338256836,
      "kl_z0z3": 43.47919845581055,
      "x0y0": 358.517822265625,
      "x1y1": 243.62965393066406,
      "x0y3": 4482.40087890625,
      "x1y2": 4467.3662109375,
      "elbo": 2938.658447265625
    }
  },
  "sae": {
    "mse": {
      "vanilla": {
        "train": 0.0003965741752087106,
        "test": 0.002613487448480932
      },
      "gaussian": {
        "train": 0.02092033452002232,
        "test": 0.024792442872176745
      }
    },
    "activation": {
      "train": 0.22684147953987122,
      "test": 0.22551999986171722
    },
    "ever_1": {
      "train": 228.0,
      "test": 228.0
    },
    "ever_0": {
      "train": 286.0,
      "test": 286.0
    },
    "effective": {
      "train": 214.0,
      "test": 214.0
    },
    "variance": {
      "gaussian": {
        "train": {
          "max": 0.25,
          "min": 0.0,
          "mean": 0.00961267203092575,
          "median": 0.0
        },
        "test": {
          "max": 0.25,
          "min": 0.0,
          "mean": 0.010305599309504032,
          "median": 0.0
        }
      }
    }
  },
  "cycle_consistency": {
    "train": {
      "xs01": [
        0.0,
        0.00039657408795170724,
        0.0003967551755332651,
        0.00039675418198004527,
        0.00039675517527386665,
        0.0003967541819269434,
        0.0003967551754234026,
        0.0003967541818301696,
        0.00039675517552488184,
        0.00039675418175127053
      ],
      "xs12": [
        0.00039657408795170724,
        2.1994404164615844e-07,
        1.1831857271715762e-08,
        1.1831857271715762e-08,
        1.1831857271715762e-08,
        1.1831857271715762e-08,
        1.1831857271715762e-08,
        1.1831857271715762e-08,
        1.1831857271715762e-08,
        1.1831857271715762e-08
      ],
      "xs13": [
        0.4905089859535583,
        0.02178119868040085,
        0.022693777456879616,
        0.025786729529500008,
        0.027307327836751938,
        0.028119834139943123,
        0.02855125069618225,
        0.02874205820262432,
        0.02879350818693638,
        0.0288247037678957
      ],
      "xs34": [
        0.5102703081820933,
        0.0093150669708848,
        0.0021841307170689106,
        0.0008575011743232608,
        0.0004277557018212974,
        0.00022021683980710804,
        0.0001022874130285345,
        4.1123574192170054e-05,
        3.6371839087223634e-05,
        3.78498480131384e-05
      ],
      "zs01": [
        0.0,
        1.8518518345445045e-06,
        1.4814814903729712e-06,
        1.8518518345445045e-06,
        1.4814814903729712e-06,
        1.8518518345445045e-06,
        1.4814814903729712e-06,
        1.8518518345445045e-06,
        1.4814814903729712e-06,
        1.8518518345445045e-06
      ],
      "zs12": [
        1.8518518345445045e-06,
        3.703703725932428e-07,
        3.703703725932428e-07,
        3.703703725932428e-07,
        3.703703725932428e-07,
        3.703703725932428e-07,
        3.703703725932428e-07,
        3.703703725932428e-07,
        3.703703725932428e-07,
        3.703703725932428e-07
      ],
      "zs13": [
        0.014452963136136532,
        0.004790740553289652,
        0.004970370326191187,
        0.005234814714640379,
        0.005364444572478533,
        0.005429999902844429,
        0.0054655554704368114,
        0.005470740608870983,
        0.005477777682244778,
        0.005475555546581745
      ],
      "zs34": [
        0.013403703458607197,
        0.0017381481593474746,
        0.0006518518785014749,
        0.00031999999191612005,
        0.0001811111142160371,
        9.703703835839406e-05,
        6.148147804196924e-05,
        4.6296296204673126e-05,
        4.5185184717411175e-05,
        4.481481300899759e-05
      ]
    },
    "test": {
      "xs01": [
        0.0,
        0.0026134873946255387,
        0.0034415106811251633,
        0.0039388996759654555,
        0.004473158746349405,
        0.00481112779425435,
        0.00482405818724465,
        0.004835928577672238,
        0.004844720964280509,
        0.004822292901955593
      ],
      "xs12": [
        0.0026134873946255387,
        0.0005149764474481344,
        0.00025994915631599724,
        0.00022238567180465907,
        0.0001280308497371152,
        3.057095818803646e-05,
        9.54107781581115e-06,
        3.829142769973259e-06,
        1.1656235074042343e-05,
        9.54107781581115e-06
      ],
      "xs13": [
        0.49503496402825475,
        0.02762778103351593,
        0.03081042505800724,
        0.035134170204401016,
        0.03698456287384033,
        0.03746451064944267,
        0.037659987807273865,
        0.03777669742703438,
        0.037924204021692276,
        0.0378875695168972
      ],
      "xs34": [
        0.5150339480115876,
        0.011140073649585247,
        0.0034915353171527386,
        0.0012903590686619282,
        0.0004481004143599421,
        0.00014846381964161992,
        0.00011147253826493397,
        6.914058030815795e-05,
        3.2545620342716575e-05,
        2.3638214770471677e-05
      ],
      "zs01": [
        0.0,
        0.000539999979082495,
        0.0006733333575539291,
        0.0007666666642762721,
        0.0008066666778177023,
        0.0008399999933317304,
        0.0008133333176374435,
        0.0008333333535119891,
        0.000826666655484587,
        0.000826666655484587
      ],
      "zs12": [
        0.000539999979082495,
        0.00018666667165234685,
        0.00015999999595806003,
        0.00010666666639735922,
        4.666666791308671e-05,
        2.6666666599339806e-05,
        1.9999999494757503e-05,
        1.9999999494757503e-05,
        2.6666666599339806e-05,
        1.9999999494757503e-05
      ],
      "zs13": [
        0.016646666452288628,
        0.007673333398997784,
        0.007473333273082972,
        0.0077666668221354485,
        0.007840000092983246,
        0.007853332906961441,
        0.007840000092983246,
        0.007840000092983246,
        0.007860000245273113,
        0.007846666499972343
      ],
      "zs34": [
        0.014533333480358124,
        0.002773333340883255,
        0.0010666666785255075,
        0.00032666666083969176,
        0.00015999999595806003,
        7.999999797903001e-05,
        5.333333319867961e-05,
        5.999999848427251e-05,
        3.9999998989515007e-05,
        3.9999998989515007e-05
      ]
    }
  },
  "z1z2": {
    "mae": {
      "vanilla": {
        "train": 0.0014081480912864208,
        "test": 0.020719999447464943
      },
      "gaussian": {
        "train": 0.02630148082971573,
        "test": 0.03494666516780853
      }
    },
    "match_prob": {
      "vanilla": {
        "train": 0.6543924808502197,
        "test": 0.001724101952277124
      },
      "gaussian": {
        "train": 0.0002804473042488098,
        "test": 2.5172264940920286e-05
      }
    },
    "allmatch_prob": {
      "vanilla": {
        "train": 0.698888897895813,