{"loss": 4672121.0, "tau": 5.0, "pdiff_z1z2": 0.20587684214115143, "pdiff_z0z3": 0.20715005695819855, "pdiff_z0z1": 0.16514423489570618, "pdiff_z0z2": 0.11565733700990677, "kl_z0": 45.189910888671875, "kl_z1": 45.37168502807617, "kl_a_z0": 81.39071655273438, "kl_a_z1": 90.8609848022461, "kl_z1z2": 27.676294326782227, "kl_z0z3": 27.46549415588379, "x0y0": 2326351.75, "x1y1": 2332536.5, "x0y3": 2357011.5, "x1y2": 2348766.75, "elbo": 4670756.5, "epoch": 1, "_timestamp": 1700639354.513094, "_runtime": 26.689517974853516, "_step": 1, "_wandb": {"runtime": 26}}