{"loss": 11648.494466145834, "tau": 0.5, "pdiff_z1z2": 0.026503245656689007, "pdiff_z0z3": 0.026331201816598575, "pdiff_z0z1": 0.03744803493221601, "pdiff_z0z2": 0.036045245826244354, "kl_z0": 102.64633687337239, "kl_z1": 102.70560963948567, "kl_a_z0": 45.1004835764567, "kl_a_z1": 44.10880088806152, "kl_z1z2": 14.63899294535319, "kl_z0z3": 14.647886912027994, "x0y0": 19.289278030395508, "x1y1": 19.266193389892578, "x0y3": 6408.050455729167, "x1y2": 6497.921875, "elbo": 3410.0120442708335, "epoch": 1999, "_timestamp": 1702475256.8344176, "_runtime": 6003.017283678055, "_step": 1999, "_wandb": {"runtime": 6002}}