{"loss": 40481.473958333336, "tau": 0.5, "pdiff_z1z2": 0.022908986856540043, "pdiff_z0z3": 0.022710366795460384, "pdiff_z0z1": 0.03688434759775797, "pdiff_z0z2": 0.03245078523953756, "kl_z0": 101.89486694335938, "kl_z1": 102.14148712158203, "kl_a_z0": 44.32581647237142, "kl_a_z1": 43.668530782063804, "kl_z1z2": 17.825140635172527, "kl_z0z3": 17.98508898417155, "x0y0": 19.294613520304363, "x1y1": 19.219399134318035, "x0y3": 6063.534505208333, "x1y2": 6110.805338541667, "elbo": 3227.4383951822915, "epoch": 1999, "_timestamp": 1702517722.2033863, "_runtime": 6110.161758422852, "_step": 1999, "_wandb": {"runtime": 6109}}