{"loss": 15701.0654296875, "tau": 0.5, "pdiff_z1z2": 0.02530048042535782, "pdiff_z0z3": 0.02411511167883873, "pdiff_z0z1": 0.1265053153038025, "pdiff_z0z2": 0.11322347819805145, "kl_z0": 107.82343292236328, "kl_z1": 108.48619842529297, "kl_a_z0": 52.55652618408203, "kl_a_z1": 46.55975341796875, "kl_z1z2": 23.053321838378906, "kl_z0z3": 23.25486183166504, "x0y0": 179.45738220214844, "x1y1": 166.11705017089844, "x0y3": 5089.7392578125, "x1y2": 5845.1826171875, "elbo": 3162.201416015625, "epoch": 1199, "_timestamp": 1701119584.6017513, "_runtime": 2964.080906391144, "_step": 1199, "_wandb": {"runtime": 2963}}