{"loss": 1956.6943359375, "tau": 0.5, "pdiff_z1z2": 0.2140895128250122, "pdiff_z0z3": 0.20739319920539856, "pdiff_z0z1": 0.06735629588365555, "pdiff_z0z2": 0.21751669049263, "kl_z0": 19.83175277709961, "kl_z1": 18.80474281311035, "kl_a_z0": 511.31256103515625, "kl_a_z1": 511.3063049316406, "kl_z1z2": 93.93329620361328, "kl_z0z3": 101.13994598388672, "x0y0": 318.4774169921875, "x1y1": 288.9362487792969, "x0y3": 1536.3681640625, "x1y2": 1455.12744140625, "elbo": 1782.8302001953125, "epoch": 1199, "_timestamp": 1702327828.1355326, "_runtime": 2601.968385696411, "_step": 1199, "_wandb": {"runtime": 2601}}