{"loss": 38461.015625, "tau": 0.5, "pdiff_z1z2": 0.006961599923670292, "pdiff_z0z3": 0.006813382264226675, "pdiff_z0z1": 0.09603025764226913, "pdiff_z0z2": 0.09531599283218384, "kl_z0": 297.8410949707031, "kl_z1": 298.3389892578125, "kl_z1z2": 5.770545959472656, "kl_z0z3": 5.969259738922119, "x0y0": 1953.7808837890625, "x1y1": 1752.956787109375, "x0y3": 6430.57177734375, "x1y2": 6971.62109375, "elbo": 6431.6259765625, "epoch": 1999, "_timestamp": 1700508049.665763, "_runtime": 6385.42121386528, "_step": 1999, "_wandb": {"runtime": 6384}}