{"loss": 40635.6875, "tau": 0.5023078918457031, "pdiff_z1z2": 0.03455051779747009, "pdiff_z0z3": 0.03355596959590912, "pdiff_z0z1": 0.12657426297664642, "pdiff_z0z2": 0.11699801683425903, "kl_z0": 56.40768051147461, "kl_z1": 56.23189926147461, "kl_a_z0": 95.63627624511719, "kl_a_z1": 81.0849838256836, "kl_z1z2": 5.447415828704834, "kl_z0z3": 5.488694190979004, "x0y0": 4798.4697265625, "x1y1": 4792.875, "x0y3": 11921.552734375, "x1y2": 11907.345703125, "elbo": 13298.1474609375, "epoch": 999, "_timestamp": 1700651201.580011, "_runtime": 2301.439800977707, "_step": 999, "_wandb": {"runtime": 2300}}