{"loss": 305584.46875, "tau": 4.988500118255615, "pdiff_z1z2": 0.387764036655426, "pdiff_z0z3": 0.38538867235183716, "pdiff_z0z1": 0.18820872902870178, "pdiff_z0z2": 0.27602332830429077, "kl_z0": 31.19964027404785, "kl_z1": 30.831464767456055, "kl_a_z0": 22.504369735717773, "kl_a_z1": 22.530799865722656, "kl_z1z2": 60.045223236083984, "kl_z0z3": 60.473758697509766, "x0y0": 149450.625, "x1y1": 149470.625, "x0y3": 157861.125, "x1y2": 154330.484375, "elbo": 302322.5, "epoch": 2, "_timestamp": 1702574751.6782477, "_runtime": 15.891504764556885, "_step": 2, "_wandb": {"runtime": 15}}