{"loss": 28391.8125, "tau": 0.5, "pdiff_z1z2": 0.02320927195250988, "pdiff_z0z3": 0.023358231410384178, "pdiff_z0z1": 0.07267582416534424, "pdiff_z0z2": 0.05348534882068634, "kl_z0": 179.38101196289062, "kl_z1": 179.9739532470703, "kl_a_z0": 49.835655212402344, "kl_a_z1": 50.170047760009766, "kl_z1z2": 47.8221435546875, "kl_z0z3": 47.32370376586914, "x0y0": 350.6576843261719, "x1y1": 333.56512451171875, "x0y3": 4311.0126953125, "x1y2": 4670.6015625, "elbo": 3012.037353515625, "epoch": 1999, "_timestamp": 1701862827.8662603, "_runtime": 4404.108592271805, "_step": 1999, "_wandb": {"runtime": 4403}}