{
  "metrics": {
    "train": {
      "loss": 88.84044104682074,
      "tau": 5.0,
      "pdiff_z1z2": 0.00122337664425787,
      "pdiff_z0z3": 0.0016419614199548959,
      "pdiff_z0z1": 0.04798660063081318,
      "pdiff_z0z2": 0.048470225930213925,
      "kl_z0": 56.89119940863715,
      "kl_z1": 54.46544452243381,
      "kl_a_z0": 5.125725767347547,
      "kl_a_z1": 4.918147871229384,
      "kl_z1z2": 0.018917213711473677,
      "kl_z0z3": 0.009966930167542564,
      "x0y0": 11.182763544718425,
      "x1y1": 9.736381636725532,
      "x0y3": 11.182763544718425,
      "x1y2": 9.736381636725532,
      "elbo": 81.62662556966146
    },
    "test": {
      "loss": 95.48134307861328,
      "tau": 5.0,
      "pdiff_z1z2": 0.0012153523275628686,
      "pdiff_z0z3": 0.0016443279339000583,
      "pdiff_z0z1": 0.050425967574119566,
      "pdiff_z0z2": 0.05091971158981323,
      "kl_z0": 60.307977294921876,
      "kl_z1": 58.24615478515625,
      "kl_a_z0": 4.67551851272583,
      "kl_a_z1": 4.432315635681152,
      "kl_z1z2": 0.019785290583968163,
      "kl_z0z3": 0.010837615467607975,
      "x0y0": 12.945050048828126,
      "x1y1": 11.049579048156739,
      "x0y3": 12.945050048828126,
      "x1y2": 11.049579048156739,
      "elbo": 87.83326568603516
    }
  },
  "sae": {
    "mse": {
      "vanilla": {
        "train": 0.0010895391848603807,
        "test": 0.0012497205497167625
      },
      "gaussian": {
        "train": 0.009411020629749628,
        "test": 0.009216605040036048
      }
    },
    "activation": {
      "train": 0.06945499777793884,
      "test": 0.07462000101804733
    },
    "ever_1": {
      "train": 291.0,
      "test": 291.0
    },
    "ever_0": {
      "train": 300.0,
      "test": 300.0
    },
    "effective": {
      "train": 291.0,
      "test": 291.0
    },
    "variance": {
      "gaussian": {
        "train": {
          "max": 0.24000000953674316,
          "min": 0.0,
          "mean": 0.00024646095698699355,
          "median": 0.0
        },
        "test": {
          "max": 0.20999999344348907,
          "min": 0.0,
          "mean": 0.0002506666351109743,
          "median": 0.0
        }
      }
    }
  },
  "cycle_consistency": {
    "train": {
      "xs01": [
        0.0,
        0.0010895393226430833,
        0.0010895393226430833,
        0.0010895393226430833,
        0.0010895393226430833,
        0.0010895393226430833,
        0.0010895393226430833,
        0.0010895393226430833,
        0.0010895393226430833,
        0.0010895393226430833
      ],
      "xs12": [
        0.0010895393226430833,
        0.0,
        0.0,
        0.0,
        0.0,
        0.0,
        0.0,
        0.0,
        0.0,
        0.0
      ],
      "xs13": [
        0.49123665235586556,
        0.008460494689643383,
        0.006761366501450539,
        0.008939952589571476,
        0.007121093571186066,
        0.008928007446229458,
        0.007147795520722866,
        0.00892355851829052,
        0.0071481820195913315,
        0.00892355851829052
      ],
      "xs34": [
        0.4980060727654573,
        0.00459817610681057,
        0.0026996757369488478,
        0.002218868350610137,
        0.002048519905656576,
        0.002039242535829544,
        0.00203238008543849,
        0.0020322862546890974,
        0.0020322862546890974,
        0.0020322862546890974
      ],
      "zs01": [
        0.0,
        0.0,
        0.0,
        0.0,
        0.0,
        0.0,
        0.0,
        0.0,
        0.0,
        0.0
      ],
      "zs12": [
        0.0,
        0.0,
        0.0,
        0.0,
        0.0,
        0.0,
        0.0,
        0.0,
        0.0,
        0.0
      ],
      "zs13": [
        0.0002911111223511398,
        0.0005757407634519041,
        0.0004387036897242069,
        0.000564074085559696,
        0.0004353703698143363,
        0.0005594444228336215,
        0.0004359259328339249,
        0.0005587037303484976,
        0.0004359259328339249,
        0.0005587037303484976
      ],
      "zs34": [
        0.00037870369851589203,
        0.00028481482877396047,
        0.00020833333837799728,
        0.00018833333160728216,
        0.00018370369798503816,
        0.0001831481495173648,
        0.00018240741337649524,
        0.00018240741337649524,
        0.00018240741337649524,
        0.00018240741337649524
      ]
    },
    "test": {
      "xs01": [
        0.0,
        0.0012497207408431004,
        0.0012497207408431004,
        0.0012497207408431004,
        0.0012497207408431004,
        0.0012497207408431004,
        0.0012497207408431004,
        0.0012497207408431004,
        0.0012497207408431004,
        0.0012497207408431004
      ],
      "xs12": [
        0.0012497207408431004,
        0.0,
        0.0,
        0.0,
        0.0,
        0.0,
        0.0,
        0.0,
        0.0,
        0.0
      ],
      "xs13": [
        0.4915885737122764,
        0.006240085698664188,
        0.006094818934798241,
        0.007524007000029087,
        0.007302550133317709,
        0.007624026387929916,
        0.007171204313635826,
        0.007624026387929916,
        0.007171204313635826,
        0.007624026387929916
      ],
      "xs34": [
        0.496560782377432,
        0.003645555581897497,
        0.002053875708952546,
        0.0008436217322014272,
        0.0007807475631125271,
        0.0007210022886283696,
        0.0007210022886283696,
        0.0007210022886283696,
        0.0007210022886283696,
        0.0007210022886283696
      ],
      "zs01": [
        0.0,
        0.0,
        0.0,
        0.0,
        0.0,
        0.0,
        0.0,
        0.0,
        0.0,
        0.0
      ],
      "zs12": [
        0.0,
        0.0,
        0.0,
        0.0,
        0.0,
        0.0,
        0.0,
        0.0,
        0.0,
        0.0
      ],
      "zs13": [
        0.00020333332940936089,
        0.0003633333253674209,
        0.0004366666544228792,
        0.00046333333011716604,
        0.0004199999966658652,
        0.0004666666791308671,
        0.0004199999966658652,
        0.0004666666791308671,
        0.0004199999966658652,
        0.0004666666791308671
      ],
      "zs34": [
        0.00022000000171829015,
        0.00026000000070780516,
        0.00010666666639735922,
        8.333333244081587e-05,
        7.999999797903001e-05,
        7.999999797903001e-05,
        7.999999797903001e-05,
        7.999999797903001e-05,
        7.999999797903001e-05,
        7.999999797903001e-05
      ]
    }
  },
  "z1z2": {
    "mae": {
      "vanilla": {
        "train": 0.0,
        "test": 0.0
      },
      "gaussian": {
        "train": 0.000281111104413867,
        "test": 0.00033333332976326346
      }
    },
    "match_prob": {
      "vanilla": {
        "train": 1.0,
        "test": 1.0
      },
      "gaussian": {
        "train": 0.915621817111969,
        "test": 0.9229200482368469
      }
    },
    "allmatch_prob": {
      "vanilla": {
        "train": 1.0,
        "test": 1.0
      },
      "gaussian": {
        "train": 0.9575555324554443,
        "test": 0.9419999718666077
      }
    },
    "xor": {
      "train": 0.0,
      "test": 0.0
    },
    "compiled_action": {
      "train": 1438.0,
      "test": 429.0
    }
  },
  "kl_a_z0": {
    "train": 5.125725767347547,
    "test": 4.67551851272583
  },
  "x0y3": {
    "mse": {
      "vanilla": {
        "train": 0.001164871600581153,
        "test": 0.0013484429489055978
      },
      "gaussian": {
        "train": 0.49094386338262563,
        "test": 0.4944249716737003
      }
    }
  },
  "z0z3": {
    "mae": {
      "vanilla": {
        "train": 0.0,
        "test": 0.0
      },
      "gaussian": {
        "train": 0.0002818518551066518,
        "test": 0.00022666667064186186
      }
    },
    "match_prob": {
      "vanilla": {
        "train": 1.0,
        "test": 1.0
      },
      "gaussian": {
        "train": 0.9247452616691589,
        "test": 0.9359901547431946
      }
    },