{
  "metrics": {
    "train": {
      "loss": 61680.46388888889,
      "tau": 5.0,
      "pdiff_z1z2": 0.023644084773129886,
      "pdiff_z0z3": 0.02369156719909774,
      "pdiff_z0z1": 0.03458155476384693,
      "pdiff_z0z2": 0.034880633900562924,
      "kl_z0": 102.9975106133355,
      "kl_z1": 102.27069837782118,
      "kl_a_z0": 51.7479287677341,
      "kl_a_z1": 52.636180602179635,
      "kl_z1z2": 11.440759552849663,
      "kl_z0z3": 11.472545708550347,
      "x0y0": 19.591228527492948,
      "x1y1": 19.25458467271593,
      "x0y3": 6604.932204861111,
      "x1y2": 6553.194509548611,
      "elbo": 3479.220524088542
    },
    "test": {
      "loss": 93402.15625,
      "tau": 5.0,
      "pdiff_z1z2": 0.026842840015888214,
      "pdiff_z0z3": 0.02698623389005661,
      "pdiff_z0z1": 0.03779040277004242,
      "pdiff_z0z2": 0.035434138029813766,
      "kl_z0": 102.77986907958984,
      "kl_z1": 101.9677505493164,
      "kl_a_z0": 32.573036193847656,
      "kl_a_z1": 33.44636535644531,
      "kl_z1z2": 17.688230514526367,
      "kl_z0z3": 17.858713150024414,
      "x0y0": 19.842243194580078,
      "x1y1": 19.180068969726562,
      "x0y3": 6956.78271484375,
      "x1y2": 6838.3515625,
      "elbo": 3622.320556640625
    }
  },
  "sae": {
    "mse": {
      "vanilla": {
        "train": 0.0001686016227673694,
        "test": 0.00016936767374669252
      },
      "gaussian": {
        "train": 0.00016859693976357658,
        "test": 0.0001694823661241787
      }
    },
    "activation": {
      "train": 0.11017296463251114,
      "test": 0.11020666360855103
    },
    "ever_1": {
      "train": 282.0,
      "test": 281.0
    },
    "ever_0": {
      "train": 300.0,
      "test": 300.0
    },
    "effective": {
      "train": 282.0,
      "test": 281.0
    },
    "variance": {
      "gaussian": {
        "train": {
          "max": 0.25,
          "min": 0.0,
          "mean": 1.2544443961814977e-05,
          "median": 0.0
        },
        "test": {
          "max": 0.25,
          "min": 0.0,
          "mean": 0.00019819998124148697,
          "median": 0.0
        }
      }
    }
  },
  "cycle_consistency": {
    "train": {
      "xs01": [
        0.0,
        0.00016860162036149936,
        0.00016860086947175217,
        0.00016860086950633513,
        0.0001686008694718768,
        0.00016860086944266945,
        0.00016860086929799427,
        0.00016860086949763603,
        0.00016860086944293424,
        0.0001686008694514336
      ],
      "xs12": [
        0.00016860162036149936,
        1.576594549357324e-10,
        9.337601875025251e-17,
        9.374188404390717e-17,
        9.336664183082861e-17,
        9.467706135723512e-17,
        9.434994782091735e-17,
        9.434841919114535e-17,
        9.344568059271928e-17,
        9.310187786036264e-17
      ],
      "xs13": [
        0.09018558581895028,
        3.7722549528496074e-09,
        9.214940254606498e-17,
        9.242386107331007e-17,
        9.26457903229356e-17,
        9.211368819593739e-17,
        9.296204463217177e-17,
        9.29592983925381e-17,
        9.399069997216312e-17,
        9.243395929422812e-17
      ],
      "xs34": [
        0.09018557939989101,
        3.7722545087603976e-09,
        9.295390517494425e-17,
        9.412603995526659e-17,
        9.365701531305923e-17,
        9.272962011493417e-17,
        9.266230084796216e-17,
        9.353623370873668e-17,
        9.435055000840329e-17,
        9.387463660605458e-17
      ],
      "zs01": [
        0.0,
        1.4814814903729712e-06,
        1.4814814903729712e-06,
        1.4814814903729712e-06,
        1.4814814903729712e-06,
        1.4814814903729712e-06,
        1.4814814903729712e-06,
        1.4814814903729712e-06,
        1.4814814903729712e-06,
        1.4814814903729712e-06
      ],
      "zs12": [
        1.4814814903729712e-06,
        0.0,
        0.0,
        0.0,
        0.0,
        0.0,
        0.0,
        0.0,
        0.0,
        0.0
      ],
      "zs13": [
        2.6666666599339806e-05,
        0.0,
        0.0,
        0.0,
        0.0,
        0.0,
        0.0,
        0.0,
        0.0,
        0.0
      ],
      "zs34": [
        2.6666666599339806e-05,
        0.0,
        0.0,
        0.0,
        0.0,
        0.0,
        0.0,
        0.0,
        0.0,
        0.0
      ]
    },
    "test": {
      "xs01": [
        0.0,
        0.00016936767102382656,
        0.0001693621967018352,
        0.0001693621967018352,
        0.0001693621967018352,
        0.0001693621967018352,
        0.0001693621967018352,
        0.0001693621967018352,
        0.0001693621967018352,
        0.0001693621967018352
      ],
      "xs12": [
        0.00016936767102382656,
        5.985818951614874e-09,
        0.0,
        0.0,
        0.0,
        0.0,
        0.0,
        0.0,
        0.0,
        0.0
      ],
      "xs13": [
        0.09014828906815758,
        1.6044732831232977e-07,
        0.0,
        0.0,
        0.0,
        0.0,
        0.0,
        0.0,
        0.0,
        0.0
      ],
      "xs34": [
        0.09014803813183395,
        1.6044732831232977e-07,
        0.0,
        0.0,
        0.0,
        0.0,
        0.0,
        0.0,
        0.0,
        0.0
      ],
      "zs01": [
        0.0,
        3.333333370392211e-05,
        3.333333370392211e-05,
        3.333333370392211e-05,
        3.333333370392211e-05,
        3.333333370392211e-05,
        3.333333370392211e-05,
        3.333333370392211e-05,
        3.333333370392211e-05,
        3.333333370392211e-05
      ],
      "zs12": [
        3.333333370392211e-05,
        0.0,
        0.0,
        0.0,
        0.0,
        0.0,
        0.0,
        0.0,
        0.0,
        0.0
      ],
      "zs13": [
        0.000606666668318212,
        0.0,
        0.0,
        0.0,
        0.0,
        0.0,
        0.0,
        0.0,
        0.0,
        0.0
      ],
      "zs34": [
        0.000606666668318212,
        0.0,
        0.0,
        0.0,
        0.0,
        0.0,
        0.0,
        0.0,
        0.0,
        0.0
      ]
    }
  },
  "z1z2": {
    "mae": {
      "vanilla": {
        "train": 0.014051111415028572,
        "test": 0.017626667395234108
      },
      "gaussian": {
        "train": 0.014071851968765259,
        "test": 0.017920000478625298
      }
    },
    "match_prob": {
      "vanilla": {
        "train": 0.013941112905740738,
        "test": 0.004623169545084238
      },
      "gaussian": {
        "train": 0.013847948983311653,
        "test": 0.004455894697457552
      }
    },
    "allmatch_prob": {
      "vanilla": {
        "train": 0.0,
        "test": 0.0
      },
      "gaussian": {
        "train": 0.0,
        "test": 0.0
      }
    },
    "xor": {
      "train": 0.0,
      "test": 0.0
    },
    "compiled_action": {
      "train": 24.0,
      "test": 24.0
    }
  },
  "kl_a_z0": {
    "train": 51.7479287677341,
    "test": 32.573036193847656
  },
  "x0y3": {
    "mse": {
      "vanilla": {
        "train": 0.0573344844458109,
        "test": 0.06038874254207125
      },
      "gaussian": {
        "train": 0.14734617947363535,
        "test": 0.15022850112694358
      }
    }
  },
  "z0z3": {
    "mae": {
      "vanilla": {
        "train": 0.014137037098407745,
        "test": 0.017839999869465828
      },
      "gaussian": {
        "train": 0.014165185391902924,
        "test": 0.017986666411161423
      }
    },
    "match_prob": {
      "vanilla": {
        "train": 0.013524811714887619,
        "test": 0.004320804961025715
      },
      "gaussian": {
        "train": 0.013410666957497597,
        "test": 0.004048100207000971
      }
    },
    "allmatch_prob": {
      "vanilla": {
        "train": 0.0,
        "test": 0.0
      },
      "gaussian": {
        "train": 0.0,
        "test": 0.0
      }
    },
    "xor": {
      "train": 0.0,
      "test": 0.0
    },
    "compiled_action": {
      "train": 24.0,
      "test": 24.0
    }
  },