{"loss": 5714623.5, "tau": 4.942765235900879, "pdiff_z1z2": 0.20807985961437225, "pdiff_z0z3": 0.2080727219581604, "pdiff_z0z1": 0.12656037509441376, "pdiff_z0z2": 0.16042190790176392, "kl_z0": 240.5310821533203, "kl_z1": 241.3480987548828, "kl_a_z0": 69.53242492675781, "kl_a_z1": 79.866943359375, "kl_z1z2": 121.08074951171875, "kl_z0z3": 121.88838958740234, "x0y0": 2525021.5, "x1y1": 2531473.75, "x0y3": 2628500.5, "x1y2": 2620879.75, "elbo": 5105092.5, "epoch": 6, "_timestamp": 1701430582.9301987, "_runtime": 46.642191648483276, "_step": 6}