{"loss": 1439.3572102864584, "tau": 0.5, "pdiff_z1z2": 0.0027579197660088537, "pdiff_z0z3": 0.004707048553973437, "pdiff_z0z1": 0.009530276743074257, "pdiff_z0z2": 0.00962181327243646, "kl_z0": 178.57569376627603, "kl_z1": 178.544878133138, "kl_a_z0": 64.26541315714518, "kl_a_z1": 50.49087677001953, "kl_z1z2": 2.1726203600565595, "kl_z0z3": 1.1708978335062663, "x0y0": 129.11645914713543, "x1y1": 139.35399373372397, "x0y3": 489.9435262044271, "x1y2": 174.80211486816407, "elbo": 604.3135823567708, "epoch": 1999, "_timestamp": 1702837234.7421658, "_runtime": 3786.1435108184814, "_step": 1999, "_wandb": {"runtime": 3785}}