{"loss": 41034.30078125, "tau": 0.5, "pdiff_z1z2": 0.0102552380412817, "pdiff_z0z3": 0.009897791780531406, "pdiff_z0z1": 0.12009914219379425, "pdiff_z0z2": 0.11816303431987762, "kl_z0": 221.65597534179688, "kl_z1": 223.2521209716797, "kl_a_z0": 102.06642150878906, "kl_a_z1": 120.3471450805664, "kl_z1z2": 5.898046970367432, "kl_z0z3": 6.10593318939209, "x0y0": 3043.518310546875, "x1y1": 3023.4404296875, "x0y3": 8274.9033203125, "x1y2": 8278.6318359375, "elbo": 9025.263671875, "epoch": 1199, "_timestamp": 1701128466.4353302, "_runtime": 2960.2666862010956, "_step": 1199, "_wandb": {"runtime": 2959}}