{"loss": {"min": 74811.625}, "tau": {"min": 0.5}, "pdiff_z1z2": {"min": 0.09948750585317612}, "pdiff_z0z3": {"min": 0.10168924927711487}, "pdiff_z0z1": {"min": 0.08724889904260635}, "pdiff_z0z2": {"min": 0.0784844309091568}, "kl_z0": {"min": 68.1205062866211}, "kl_z1": {"min": 68.268798828125}, "kl_z1z2": {"min": 36.96074676513672}, "kl_z0z3": {"min": 36.74043655395508}, "x0y0": {"min": 1477.17041015625}, "x1y1": {"min": 1293.348388671875}, "x0y3": {"min": 1389.982177734375}, "x1y2": {"min": 1311.32373046875}, "elbo": {"min": 2928.02490234375}, "epoch": 1099, "_timestamp": 1700360388.2705207, "_runtime": 3351.622455596924, "_step": 1099, "_wandb": {"runtime": 3354}}