{"loss": 228191.4375, "tau": 3.54788875579834, "pdiff_z1z2": 0.1753801852464676, "pdiff_z0z3": 0.18976332247257233, "pdiff_z0z1": 0.2107565551996231, "pdiff_z0z2": 0.15147866308689117, "kl_z0": 41.1702880859375, "kl_z1": 40.66339874267578, "kl_a_z0": 16.107707977294922, "kl_a_z1": 18.990184783935547, "kl_z1z2": 13.99460220336914, "kl_z0z3": 12.4867582321167, "x0y0": 118811.2734375, "x1y1": 121335.6640625, "x0y3": 90965.28125, "x1y2": 98477.6953125, "elbo": 227536.03125, "epoch": 150, "_timestamp": 1702626028.3090603, "_runtime": 71.58013033866882, "_step": 150}