{"loss": 1831.2999267578125, "tau": 0.5, "pdiff_z1z2": 0.20850802958011627, "pdiff_z0z3": 0.20023095607757568, "pdiff_z0z1": 0.06851672381162643, "pdiff_z0z2": 0.2098124921321869, "kl_z0": 19.427000045776367, "kl_z1": 18.514421463012695, "kl_a_z0": 519.0436401367188, "kl_a_z1": 519.0275268554688, "kl_z1z2": 96.31887817382812, "kl_z0z3": 103.9161148071289, "x0y0": 210.57562255859375, "x1y1": 221.9134063720703, "x0y3": 1546.7830810546875, "x1y2": 1445.7430419921875, "elbo": 1660.563232421875, "epoch": 1199, "_timestamp": 1702335694.1460059, "_runtime": 2594.7825078964233, "_step": 1199, "_wandb": {"runtime": 2594}}