{"loss": 32179.40625, "tau": 0.5069556832313538, "pdiff_z1z2": 0.011316242627799511, "pdiff_z0z3": 0.010685289278626442, "pdiff_z0z1": 0.08434803038835526, "pdiff_z0z2": 0.09382936358451843, "kl_z0": 356.721923828125, "kl_z1": 356.8521423339844, "kl_a_z0": 75.59332275390625, "kl_a_z1": 79.17694091796875, "kl_z1z2": 3.430194616317749, "kl_z0z3": 3.7302095890045166, "x0y0": 52.839908599853516, "x1y1": 52.883235931396484, "x0y3": 52.5079231262207, "x1y2": 54.151100158691406, "elbo": 541.9193725585938, "epoch": 995, "_timestamp": 1701701302.5786064, "_runtime": 2506.7527804374695, "_step": 995}