{"loss": {"min": 1968125.25}, "tau": {"min": 0.5}, "pdiff_z1z2": {"min": 0.11831040680408478}, "pdiff_z0z3": {"min": 0.11823281645774841}, "pdiff_z0z1": {"min": 0.10112170875072479}, "pdiff_z0z2": {"min": 0.056931182742118835}, "kl_z0": {"min": 201.7201385498047}, "kl_z1": {"min": 201.2933807373047}, "kl_z1z2": {"min": 103.47803497314453}, "kl_z0z3": {"min": 102.87779998779297}, "x0y0": {"min": 4731.79833984375}, "x1y1": {"min": 4136.7041015625}, "x0y3": {"min": 2356.230712890625}, "x1y2": {"min": 2629.041259765625}, "elbo": {"min": 8395.3056640625}, "epoch": 1099, "_timestamp": 1700419328.6509738, "_runtime": 3512.892617702484, "_step": 1099, "_wandb": {"runtime": 3516}}