{"loss": 348755.84375, "tau": 1.6825578212738037, "pdiff_z1z2": 0.02517952521642049, "pdiff_z0z3": 0.025946600983540218, "pdiff_z0z1": 0.0373305082321167, "pdiff_z0z2": 0.033282600343227386, "kl_z0": 102.11582438151042, "kl_z1": 102.39239247639973, "kl_a_z0": 44.67126146952311, "kl_a_z1": 44.22828992207845, "kl_z1z2": 34.08384577433268, "kl_z0z3": 33.87232971191406, "x0y0": 19.30305353800456, "x1y1": 19.485750198364258, "x0y3": 6693.931640625, "x1y2": 6532.896158854167, "elbo": 3499.4916178385415, "epoch": 474, "_timestamp": 1702511585.0011554, "_runtime": 1442.9668083190918, "_step": 474}