{"loss": {"min": 3081510.5}, "tau": {"min": 0.6323681473731995}, "mean_of_cosine_distances": 0.0, "norm_mean_of_cosine_distances": 0.0, "pdiff_z1z2": {"min": 0.1273479461669922}, "pdiff_z0z3": {"min": 0.12703604996204376}, "pdiff_z0z1": {"min": 0.11479275673627853}, "pdiff_z0z2": {"min": 0.12152327597141266}, "kl_z0": {"min": 199.2099151611328}, "kl_z1": {"min": 198.85960388183594}, "kl_a_z0": {"min": 273.03173828125}, "kl_a_z1": {"min": 254.21096801757812}, "kl_z1z2": {"min": 128.74069213867188}, "kl_z0z3": {"min": 128.5384521484375}, "x0y0": {"min": 4052.3779296875}, "x1y1": {"min": 3370.9736328125}, "x0y3": {"min": 461.2713317871094}, "x1y2": {"min": 427.1212463378906}, "elbo": {"min": 7152.9619140625}, "epoch": 899, "_timestamp": 1700214978.0121746, "_runtime": 2937.3589227199554, "_step": 899, "_wandb": {"runtime": 2941}}