{"loss": 303628.8125, "tau": 4.988500118255615, "pdiff_z1z2": 0.37771058082580566, "pdiff_z0z3": 0.3757410943508148, "pdiff_z0z1": 0.18086348474025726, "pdiff_z0z2": 0.2749531865119934, "kl_z0": 32.981666564941406, "kl_z1": 32.54557800292969, "kl_a_z0": 19.874855041503906, "kl_a_z1": 24.19738006591797, "kl_z1z2": 58.47080612182617, "kl_z0z3": 58.29615020751953, "x0y0": 149790.6875, "x1y1": 147884.578125, "x0y3": 155206.0, "x1y2": 154387.484375, "elbo": 300738.84375, "epoch": 2, "_timestamp": 1702574722.5031135, "_runtime": 20.97065544128418, "_step": 2, "_wandb": {"runtime": 20}}