{"loss": 16588.1640625, "tau": 0.5, "pdiff_z1z2": 0.019925065338611603, "pdiff_z0z3": 0.01957980915904045, "pdiff_z0z1": 0.1141756922006607, "pdiff_z0z2": 0.10374768823385239, "kl_z0": 126.10645294189453, "kl_z1": 125.78837585449219, "kl_a_z0": 42.72596740722656, "kl_a_z1": 44.44675064086914, "kl_z1z2": 25.869783401489258, "kl_z0z3": 25.68584442138672, "x0y0": 187.6753387451172, "x1y1": 165.75743103027344, "x0y3": 4211.919921875, "x1y2": 4312.57763671875, "elbo": 2578.62158203125, "epoch": 1999, "_timestamp": 1701189939.934703, "_runtime": 5032.44789814949, "_step": 1999, "_wandb": {"runtime": 5031}}