{"loss": 865178.5625, "tau": 5.0, "pdiff_z1z2": 0.3664926588535309, "pdiff_z0z3": 0.365879088640213, "pdiff_z0z1": 0.03653935715556145, "pdiff_z0z2": 0.34735578298568726, "kl_z0": 101.94466400146484, "kl_z1": 102.21672058105469, "kl_z1z2": 167.30557250976562, "kl_z0z3": 167.47137451171875, "x0y0": 19.346080780029297, "x1y1": 19.041215896606445, "x0y3": 54240.953125, "x1y2": 54505.34375, "elbo": 27401.140625, "epoch": 1, "_timestamp": 1700471046.54309, "_runtime": 25.7485671043396, "_step": 1, "_wandb": {"runtime": 25}}