{"loss": {"min": 679954.0}, "tau": {"min": 4.720304489135742}, "pdiff_z1z2": {"min": 0.32866883277893066}, "pdiff_z0z3": {"min": 0.3295319080352783}, "pdiff_z0z1": {"min": 0.03653935715556145}, "pdiff_z0z2": {"min": 0.31569135189056396}, "kl_z0": {"min": 101.94466400146484}, "kl_z1": {"min": 102.21672058105469}, "kl_z1z2": {"min": 133.25242614746094}, "kl_z0z3": {"min": 132.64015197753906}, "x0y0": {"min": 19.346080780029297}, "x1y1": {"min": 19.041215896606445}, "x0y3": {"min": 28496.806640625}, "x1y2": {"min": 28195.1640625}, "elbo": {"min": 14370.3369140625}, "epoch": 26, "_timestamp": 1700469522.6116836, "_runtime": 77.50710153579712, "_step": 26}