{"loss": {"min": 1337923.875}, "tau": {"min": 0.6323681473731995}, "mean_of_cosine_distances": 0.0, "norm_mean_of_cosine_distances": 0.0, "pdiff_z1z2": {"min": 0.09466547518968582}, "pdiff_z0z3": {"min": 0.09299781918525696}, "pdiff_z0z1": {"min": 0.10412047803401947}, "pdiff_z0z2": {"min": 0.0795457512140274}, "kl_z0": {"min": 202.21234130859375}, "kl_z1": {"min": 202.22169494628906}, "kl_a_z0": {"min": 246.36415100097656}, "kl_a_z1": {"min": 260.24688720703125}, "kl_z1z2": {"min": 89.51374053955078}, "kl_z0z3": {"min": 89.23481750488281}, "x0y0": {"min": 858.6703491210938}, "x1y1": {"min": 838.6469116210938}, "x0y3": {"min": 1575.79541015625}, "x1y2": {"min": 1786.34912109375}, "elbo": {"min": 3436.91259765625}, "epoch": 899, "_timestamp": 1700206108.58446, "_runtime": 2918.294433116913, "_step": 899, "_wandb": {"runtime": 2922}}