{"loss": 12707.2099609375, "tau": 0.5, "pdiff_z1z2": 0.03481663390994072, "pdiff_z0z3": 0.03569867089390755, "pdiff_z0z1": 0.10224710404872894, "pdiff_z0z2": 0.08195504546165466, "kl_z0": 60.11608123779297, "kl_z1": 59.51580810546875, "kl_a_z0": 57.307228088378906, "kl_a_z1": 52.6805534362793, "kl_z1z2": 17.559396743774414, "kl_z0z3": 17.1184024810791, "x0y0": 236.6583709716797, "x1y1": 281.6158752441406, "x0y3": 5776.27734375, "x1y2": 6207.32861328125, "elbo": 3508.086669921875, "epoch": 1199, "_timestamp": 1701145889.4447665, "_runtime": 2868.90988945961, "_step": 1199, "_wandb": {"runtime": 2868}}