{"loss": 7592.81787109375, "tau": 0.5, "pdiff_z1z2": 0.03503483161330223, "pdiff_z0z3": 0.03488200157880783, "pdiff_z0z1": 0.05258239060640335, "pdiff_z0z2": 0.02675870805978775, "kl_z0": 127.41161346435547, "kl_z1": 127.65190887451172, "kl_a_z0": 45.17361068725586, "kl_a_z1": 38.783897399902344, "kl_z1z2": 53.70988464355469, "kl_z0z3": 54.39207077026367, "x0y0": 215.06907653808594, "x1y1": 189.29678344726562, "x0y3": 6168.3564453125, "x1y2": 6910.4375, "elbo": 3769.509033203125, "epoch": 1199, "_timestamp": 1701086022.3843884, "_runtime": 3070.201446533203, "_step": 1199, "_wandb": {"runtime": 3069}}