{"loss": {"min": 18770432.0}, "tau": {"min": 0.5}, "pdiff_z1z2": {"min": 0.10539368540048599}, "pdiff_z0z3": {"min": 0.10656717419624329}, "pdiff_z0z1": {"min": 0.08695336431264877}, "pdiff_z0z2": {"min": 0.06569423526525497}, "kl_z0": {"min": 34.76593017578125}, "kl_z1": {"min": 34.96343994140625}, "kl_z1z2": {"min": 18.110458374023438}, "kl_z0z3": {"min": 18.084659576416016}, "x0y0": {"min": 10529.90234375}, "x1y1": {"min": 10411.7958984375}, "x0y3": {"min": 3451.18505859375}, "x1y2": {"min": 3785.822998046875}, "elbo": {"min": 17788.455078125}, "epoch": 1099, "_timestamp": 1700346845.4727004, "_runtime": 3333.4027223587036, "_step": 1099, "_wandb": {"runtime": 3335}}