{"loss": 46161.55859375, "tau": 0.5023078918457031, "pdiff_z1z2": 0.036447227001190186, "pdiff_z0z3": 0.03580544516444206, "pdiff_z0z1": 0.1205655187368393, "pdiff_z0z2": 0.10445762425661087, "kl_z0": 49.38395690917969, "kl_z1": 49.4925537109375, "kl_a_z0": 81.47540283203125, "kl_a_z1": 66.0834732055664, "kl_z1z2": 6.6915202140808105, "kl_z0z3": 6.740224838256836, "x0y0": 4367.52587890625, "x1y1": 4171.521484375, "x0y3": 11277.2001953125, "x1y2": 11161.7958984375, "elbo": 12140.611328125, "epoch": 999, "_timestamp": 1700653611.9375565, "_runtime": 2394.382663488388, "_step": 999, "_wandb": {"runtime": 2393}}