{"loss": 7803.38818359375, "tau": 0.5023078918457031, "pdiff_z1z2": 0.049779776483774185, "pdiff_z0z3": 0.05263783782720566, "pdiff_z0z1": 0.11264883726835251, "pdiff_z0z2": 0.10432598739862442, "kl_z0": 54.12250900268555, "kl_z1": 54.33393096923828, "kl_a_z0": 65.79995727539062, "kl_a_z1": 72.38663482666016, "kl_z1z2": 8.022965431213379, "kl_z0z3": 7.645518779754639, "x0y0": 210.05813598632812, "x1y1": 198.73521423339844, "x0y3": 6997.408203125, "x1y2": 6827.99169921875, "elbo": 3890.183837890625, "epoch": 999, "_timestamp": 1700646577.7459197, "_runtime": 2312.4376277923584, "_step": 999, "_wandb": {"runtime": 2311}}