{
  "parameters": {
    "test_noise": false,
    "test_hard": true,
    "train_noise": true,
    "train_hard": false,
    "dropout_z": false,
    "noise": 0.2,
    "dropout": 0.2,
    "optimizer": "radam",
    "min_temperature": 0.5,
    "epoch": 2000,
    "gs_annealing_start": 0,
    "gs_annealing_end": 1000,
    "kl_cycle_start": 2000,
    "clipnorm": 0.1,
    "batch_size": 400,
    "lr": 0.001,
    "N": 300,
    "zerosuppress": 0.1,
    "densify": false,
    "max_temperature": 5.0,
    "conv_channel": 32,
    "conv_channel_increment": 1,
    "conv_kernel": 5,
    "conv_pooling": 1,
    "conv_per_pooling": 1,
    "conv_depth": 3,
    "fc_width": 100,
    "fc_depth": 2,
    "A": 240,
    "aae_activation": "relu",
    "aae_width": 1000,
    "aae_depth": 2,
    "eff_regularizer": null,
    "beta_d": 1000,
    "beta_z": 1,
    "output": "GaussianOutput(sigma=0.1)",
    "mode": "learn",
    "disks": 4,
    "towers": 4,
    "num_examples": 5000,
    "aeclass": "CubeSpaceAE_AMA4Conv",
    "comment": "kltune2",
    "hash": "hanoi",
    "generator": "latplan.puzzles.hanoi",
    "mean": [[[[8.444980353905507e-13, 8.444980353905507e-13, 8.444980353905507e-13], [8.444980353905507e-13, 8.444980353905507e-13, 8.444980353905507e-13], [8.444980353905507e-13, 8.444980353905507e-13, 8.444980353905507e-13], [8.444980353905507e-13, 8.444980353905507e-13, 8.444980353905507e-13], [8.317747782204954e-13, 8.317747782204954e-13, 8.317747782204954e-13], [8.317747782204954e-13, 8.317747782204954e-13, 8.317747782204954e-13], [8.317747782204954e-13, 8.317747782204954e-13, 8.317747782204954e-13], [8.317747782204954e-13, 8.317747782204954e-13, 8.317747782204954e-13], [7.366338233838477e-13, 7.366338233838477e-13, 7.366338233838477e-13], [7.366338233838477e-13, 7.366338233838477e-13, 7.366338233838477e-13], [7.366338233838477e-13, 7.366338233838477e-13, 7.366338233838477e-13], [7.366338233838477e-13, 7.366338233838477e-13, 7.366338233838477e-13], [9.335918704778124e-13, 9.335918704778124e-13, 9.335918704778124e-13], [9.335918704778124e-13, 9.335918704778124e-13, 9.335918704778124e-13], [9.335918704778124e-13, 9.335918704778124e-13, 9.335918704778124e-13], [9.335918704778124e-13, 9.335918704778124e-13, 9.335918704778124e-13]], [[2.2267059307523596e-13, 2.443800939389007e-13, 2.443800939389007e-13], [2.2267059307523596e-13, 2.443800939389007e-13, 2.443800939389007e-13], [2.2267059307523596e-13, 2.443800939389007e-13, 2.443800939389007e-13], [2.2267059307523596e-13, 2.443800939389007e-13, 2.443800939389007e-13], [2.3321896081007763e-13, 2.619848726848062e-13, 2.619848726848062e-13], [2.3321896081007763e-13, 2.619848726848062e-13, 2.619848726848062e-13], [2.3321896081007763e-13, 2.619848726848062e-13, 2.619848726848062e-13], [2.3321896081007763e-13, 2.619848726848062e-13, 2.619848726848062e-13], [2.1774333447410753e-13, 2.437827606449616e-13, 2.437827606449616e-13], [2.1774333447410753e-13, 2.437827606449616e-13, 2.437827606449616e-13], [2.1774333447410753e-13, 2.437827606449616e-13, 2.437827606449616e-13], [2.1774333447410753e-13, 2.437827606449616e-13, 2.437827606449616e-13], [2.326100201344161e-13, 2.5127508962441424e-13, 2.5127508962441424e-13], [2.326100201344161e-13, 2.5127508962441424e-13, 2.5127508962441424e-13], [2.326100201344161e-13, 2.5127508962441424e-13, 2.5127508962441424e-13], [2.326100201344161e-13, 2.5127508962441424e-13, 2.5127508962441424e-13]], [[9.970116954249874e-14, 1.0626239888011924e-13, 1.0710838049821092e-13], [9.970116954249874e-14, 1.0626239888011924e-13, 1.0710838049821092e-13], [9.970116954249874e-14, 1.0626239888011924e-13, 1.0710838049821092e-13], [9.970116954249874e-14, 1.0626239888011924e-13, 1.0710838049821092e-13], [9.964494784853172e-14, 1.0563793173545832e-13, 1.0320531651508703e-13], [9.964494784853172e-14, 1.0563793173545832e-13, 1.0320531651508703e-13], [9.964494784853172e-14, 1.0563793173545832e-13, 1.0320531651508703e-13], [9.964494784853172e-14, 1.0563793173545832e-13, 1.0320531651508703e-13], [1.0746025180807805e-13, 1.0792371440970783e-13, 1.0938953909356286e-13], [1.0746025180807805e-13, 1.0792371440970783e-13, 1.0938953909356286e-13], [1.0746025180807805e-13, 1.0792371440970783e-13, 1.0938953909356286e-13], [1.0746025180807805e-13, 1.0792371440970783e-13, 1.0938953909356286e-13], [1.0620713197795339e-13, 1.0691891816350107e-13, 1.0970930830467296e-13], [1.0620713197795339e-13, 1.0691891816350107e-13, 1.0970930830467296e-13], [1.0620713197795339e-13, 1.0691891816350107e-13, 1.0970930830467296e-13], [1.0620713197795339e-13, 1.0691891816350107e-13, 1.0970930830467296e-13]], [[2.9808422397081815e-14, 3.1041125225783615e-14, 5.158140581329462e-15], [2.9808422397081815e-14, 3.1041125225783615e-14, 5.158140581329462e-15], [2.9808422397081815e-14, 3.1041125225783615e-14, 5.158140581329462e-15], [2.9808422397081815e-14, 3.1041125225783615e-14, 5.158140581329462e-15], [2.928220999010023e-14, 3.1013738799323676e-14, 4.333033931658292e-16], [2.928220999010023e-14, 3.1013738799323676e-14, 4.333033931658292e-16], [2.928220999010023e-14, 3.1013738799323676e-14, 4.333033931658292e-16], [2.928220999010023e-14, 3.1013738799323676e-14, 4.333033931658292e-16], [3.05523994992285e-14, 3.120724789695828e-14, 7.151002012761864e-15], [3.05523994992285e-14, 3.120724789695828e-14, 7.151002012761864e-15], [3.05523994992285e-14, 3.120724789695828e-14, 7.151002012761864e-15], [3.05523994992285e-14, 3.120724789695828e-14, 7.151002012761864e-15], [3.121767289115951e-14, 3.2026181706612535e-14, 4.054001578879252e-15], [3.121767289115951e-14, 3.2026181706612535e-14, 4.054001578879252e-15], [3.121767289115951e-14, 3.2026181706612535e-14, 4.054001578879252e-15], [3.121767289115951e-14, 3.2026181706612535e-14, 4.054001578879252e-15]]]]

    ,