{
  "metrics": {
    "train": {
      "loss": 629.0119547526042,
      "tau": 5.0,
      "pdiff_z1z2": 0.0018986997194588185,
      "pdiff_z0z3": 0.0030263153991351524,
      "pdiff_z0z1": 0.008503188275628619,
      "pdiff_z0z2": 0.008714580629020929,
      "kl_z0": 76.52236836751302,
      "kl_z1": 76.46748979356553,
      "kl_a_z0": 21.483169333140054,
      "kl_a_z1": 24.257312213049996,
      "kl_z1z2": 1.2827138053046332,
      "kl_z0z3": 0.6507446792390611,
      "x0y0": 11.079659059312608,
      "x1y1": 10.349037255181207,
      "x0y3": 89.94242350260417,
      "x1y2": 30.90018179151747,
      "elbo": 146.130712890625
    },
    "test": {
      "loss": 710.9310302734375,
      "tau": 5.0,
      "pdiff_z1z2": 0.002290880074724555,
      "pdiff_z0z3": 0.0031553737353533506,
      "pdiff_z0z1": 0.008623037487268448,
      "pdiff_z0z2": 0.008584451861679554,
      "kl_z0": 75.83817291259766,
      "kl_z1": 75.83432006835938,
      "kl_a_z0": 13.512181282043457,
      "kl_a_z1": 15.290030479431152,
      "kl_z1z2": 1.4133728742599487,
      "kl_z0z3": 0.8639307022094727,
      "x0y0": 9.841157913208008,
      "x1y1": 10.31924819946289,
      "x0y3": 116.52043914794922,
      "x1y2": 28.468952178955078,
      "elbo": 142.17434692382812
    }
  },
  "sae": {
    "mse": {
      "vanilla": {
        "train": 0.0011160781772638832,
        "test": 0.0010500213555439434
      },
      "gaussian": {
        "train": 0.0025814195536068185,
        "test": 0.0082911756446909
      }
    },
    "activation": {
      "train": 0.09557333588600159,
      "test": 0.09457333385944366
    },
    "ever_1": {
      "train": 85.0,
      "test": 85.0
    },
    "ever_0": {
      "train": 296.0,
      "test": 296.0
    },
    "effective": {
      "train": 81.0,
      "test": 81.0
    },
    "variance": {
      "gaussian": {
        "train": {
          "max": 0.1600000113248825,
          "min": 0.0,
          "mean": 1.779261219780892e-05,
          "median": 0.0
        },
        "test": {
          "max": 0.1599999964237213,
          "min": 0.0,
          "mean": 1.6666663213982247e-05,
          "median": 0.0
        }
      }
    }
  },
  "cycle_consistency": {
    "train": {
      "xs01": [
        0.0,
        0.001116078198614607,
        0.001116078198614607,
        0.001116078198614607,
        0.001116078198614607,
        0.001116078198614607,
        0.001116078198614607,
        0.001116078198614607,
        0.001116078198614607,
        0.001116078198614607
      ],
      "xs12": [
        0.001116078198614607,
        0.0,
        0.0,
        0.0,
        0.0,
        0.0,
        0.0,
        0.0,
        0.0,
        0.0
      ],
      "xs13": [
        0.4914149226208572,
        0.001473742420785129,
        0.0016621464164927602,
        0.0016679726541042328,
        0.0016679726541042328,
        0.0016679726541042328,
        0.0016679726541042328,
        0.0016679726541042328,
        0.0016679726541042328,
        0.0016679726541042328
      ],
      "xs34": [
        0.4924136255120618,
        0.00030835584038868546,
        1.3657494264407433e-06,
        0.0,
        0.0,
        0.0,
        0.0,
        0.0,
        0.0,
        0.0
      ],
      "zs01": [
        0.0,
        0.0,
        0.0,
        0.0,
        0.0,
        0.0,
        0.0,
        0.0,
        0.0,
        0.0
      ],
      "zs12": [
        0.0,
        0.0,
        0.0,
        0.0,
        0.0,
        0.0,
        0.0,
        0.0,
        0.0,
        0.0
      ],
      "zs13": [
        1.9999999494757503e-05,
        2.1851852579857223e-05,
        2.2222222469281405e-05,
        2.2222222469281405e-05,
        2.2222222469281405e-05,
        2.2222222469281405e-05,
        2.2222222469281405e-05,
        2.2222222469281405e-05,
        2.2222222469281405e-05,
        2.2222222469281405e-05
      ],
      "zs34": [
        5.555555617320351e-06,
        3.703703725932428e-07,
        0.0,
        0.0,
        0.0,
        0.0,
        0.0,
        0.0,
        0.0,
        0.0
      ]
    },
    "test": {
      "xs01": [
        0.0,
        0.0010500214365471282,
        0.0010500214365471282,
        0.0010500214365471282,
        0.0010500214365471282,
        0.0010500214365471282,
        0.0010500214365471282,
        0.0010500214365471282,
        0.0010500214365471282,
        0.0010500214365471282
      ],
      "xs12": [
        0.0010500214365471282,
        0.0,
        0.0,
        0.0,
        0.0,
        0.0,
        0.0,
        0.0,
        0.0,
        0.0
      ],
      "xs13": [
        0.48549971331276764,
        0.0011056584771722555,
        0.0011056584771722555,
        0.0011056584771722555,
        0.0011056584771722555,
        0.0011056584771722555,
        0.0011056584771722555,
        0.0011056584771722555,
        0.0011056584771722555,
        0.0011056584771722555
      ],
      "xs34": [
        0.4863672320329432,
        0.0,
        0.0,
        0.0,
        0.0,
        0.0,
        0.0,
        0.0,
        0.0,
        0.0
      ],
      "zs01": [
        0.0,
        0.0,
        0.0,
        0.0,
        0.0,
        0.0,
        0.0,
        0.0,
        0.0,
        0.0
      ],
      "zs12": [
        0.0,
        0.0,
        0.0,
        0.0,
        0.0,
        0.0,
        0.0,
        0.0,
        0.0,
        0.0
      ],
      "zs13": [
        1.3333333299669903e-05,
        1.3333333299669903e-05,
        1.3333333299669903e-05,
        1.3333333299669903e-05,
        1.3333333299669903e-05,
        1.3333333299669903e-05,
        1.3333333299669903e-05,
        1.3333333299669903e-05,
        1.3333333299669903e-05,
        1.3333333299669903e-05
      ],
      "zs34": [
        0.0,
        0.0,
        0.0,
        0.0,
        0.0,
        0.0,
        0.0,
        0.0,
        0.0,
        0.0
      ]
    }
  },
  "z1z2": {
    "mae": {
      "vanilla": {
        "train": 0.0009725926211103797,
        "test": 0.00139999995008111
      },
      "gaussian": {
        "train": 0.0010155555792152882,
        "test": 0.001466666697524488
      }
    },
    "match_prob": {
      "vanilla": {
        "train": 0.7463093996047974,
        "test": 0.655899703502655
      },
      "gaussian": {
        "train": 0.7388735413551331,
        "test": 0.6402732133865356
      }
    },
    "allmatch_prob": {
      "vanilla": {
        "train": 0.9773333072662354,
        "test": 0.972000002861023
      },
      "gaussian": {
        "train": 0.967555582523346,
        "test": 0.9559999704360962
      }
    },
    "xor": {
      "train": 0.0,
      "test": 0.0
    },
    "compiled_action": {
      "train": 120.0,
      "test": 96.0
    }
  },
  "kl_a_z0": {
    "train": 21.483169333140054,
    "test": 13.512181282043457
  },
  "x0y3": {
    "mse": {
      "vanilla": {
        "train": 0.009369003102859054,
        "test": 0.012137547041125345
      },
      "gaussian": {
        "train": 0.5003473946697251,
        "test": 0.5022600173168105
      }
    }
  },
  "z0z3": {
    "mae": {
      "vanilla": {
        "train": 0.0016814814880490303,
        "test": 0.0018133333651348948
      },
      "gaussian": {
        "train": 0.0017251851968467236,
        "test": 0.0018266666447743773
      }
    },
    "match_prob": {
      "vanilla": {
        "train": 0.6020394563674927,
        "test": 0.5774151086807251
      },
      "gaussian": {
        "train": 0.5972157120704651,
        "test": 0.5704484581947327
      }
    },
    "allmatch_prob": {
      "vanilla": {
        "train": 0.8546666502952576,
        "test": 0.828000009059906
      },
      "gaussian": {
        "train": 0.8435555696487427,
        "test": 0.8199999928474426
      }
    },
    "xor": {
      "train": 0.0,
      "test": 0.0
    },
    "compiled_action": {
      "train": 120.0,
      "test": 96.0
    }
  },
  "action": {
    "true_num_actions": {
      "train": 85,
      "test": 85
    }
  }
}