{"loss": 16832.84375, "tau": 0.5, "pdiff_z1z2": 0.019980434328317642, "pdiff_z0z3": 0.019901657477021217, "pdiff_z0z1": 0.0989811047911644, "pdiff_z0z2": 0.0889521911740303, "kl_z0": 115.93760681152344, "kl_z1": 114.2757339477539, "kl_a_z0": 38.264408111572266, "kl_a_z1": 36.91740417480469, "kl_z1z2": 25.706058502197266, "kl_z0z3": 25.52768325805664, "x0y0": 171.208984375, "x1y1": 162.21786499023438, "x0y3": 4853.94873046875, "x1y2": 5488.7763671875, "elbo": 3001.257568359375, "epoch": 1199, "_timestamp": 1701814297.2824852, "_runtime": 2979.2297172546387, "_step": 1199, "_wandb": {"runtime": 2978}}