{"loss": 5437.3388671875, "tau": 0.5, "pdiff_z1z2": 0.026348797604441643, "pdiff_z0z3": 0.026366928592324257, "pdiff_z0z1": 0.04771566763520241, "pdiff_z0z2": 0.025051197037100792, "kl_z0": 97.96672058105469, "kl_z1": 97.2884521484375, "kl_a_z0": 30.36074447631836, "kl_a_z1": 29.296281814575195, "kl_z1z2": 49.52812194824219, "kl_z0z3": 49.08030319213867, "x0y0": 116.47126770019531, "x1y1": 90.47785186767578, "x0y3": 3367.77490234375, "x1y2": 3875.473388671875, "elbo": 2118.132080078125, "epoch": 1999, "_timestamp": 1700742564.0941482, "_runtime": 5289.518579244614, "_step": 1999, "_wandb": {"runtime": 5288}}