{"loss": 21603.15234375, "tau": 0.5, "pdiff_z1z2": 0.022687487304210663, "pdiff_z0z3": 0.023005180060863495, "pdiff_z0z1": 0.10513325780630112, "pdiff_z0z2": 0.09224133938550949, "kl_z0": 117.12812805175781, "kl_z1": 119.6269302368164, "kl_a_z0": 18.085912704467773, "kl_a_z1": 21.94001579284668, "kl_z1z2": 33.41505813598633, "kl_z0z3": 33.52846908569336, "x0y0": 205.83749389648438, "x1y1": 257.5969543457031, "x0y3": 6229.99462890625, "x1y2": 7033.626953125, "elbo": 3818.60791015625, "epoch": 1999, "_timestamp": 1701945471.233238, "_runtime": 2241.5857350826263, "_step": 1999, "_wandb": {"runtime": 2241}}