{"loss": 4857.16064453125, "tau": 0.5023078918457031, "pdiff_z1z2": 0.04120706021785736, "pdiff_z0z3": 0.04129005968570709, "pdiff_z0z1": 0.08751270920038223, "pdiff_z0z2": 0.0643543228507042, "kl_z0": 176.28775024414062, "kl_z1": 177.55125427246094, "kl_a_z0": 45.86155700683594, "kl_a_z1": 40.41025161743164, "kl_z1z2": 52.795230865478516, "kl_z0z3": 53.075382232666016, "x0y0": 145.43650817871094, "x1y1": 145.58351135253906, "x0y3": 3200.004150390625, "x1y2": 3888.295166015625, "elbo": 2236.86279296875, "epoch": 999, "_timestamp": 1700670719.6317565, "_runtime": 2488.434517621994, "_step": 999, "_wandb": {"runtime": 2487}}