{"loss": 3339527.9166666665, "tau": 4.942765235900879, "pdiff_z1z2": 0.2353237271308899, "pdiff_z0z3": 0.23975817362467447, "pdiff_z0z1": 0.22842560708522797, "pdiff_z0z2": 0.1320140411456426, "kl_z0": 261.8621419270833, "kl_z1": 260.8748474121094, "kl_a_z0": 132.8230234781901, "kl_a_z1": 151.22049713134766, "kl_z1z2": 111.58306884765625, "kl_z0z3": 103.88172658284505, "x0y0": 1597686.25, "x1y1": 1601643.0833333333, "x0y3": 1770584.8333333333, "x1y2": 1763051.4166666667, "elbo": 3283363.25, "epoch": 6, "_timestamp": 1702421646.8072414, "_runtime": 67.01019740104675, "_step": 6}