{"loss": 22290.59765625, "tau": 0.5, "pdiff_z1z2": 0.004905356094241142, "pdiff_z0z3": 0.004681495949625969, "pdiff_z0z1": 0.07449641078710556, "pdiff_z0z2": 0.07436350733041763, "kl_z0": 289.9692077636719, "kl_z1": 289.857177734375, "kl_a_z0": 62.42097473144531, "kl_a_z1": 59.20199966430664, "kl_z1z2": 3.492175579071045, "kl_z0z3": 3.5796048641204834, "x0y0": 31.84670639038086, "x1y1": 31.528627395629883, "x0y3": 32.084171295166016, "x1y2": 32.06269073486328, "elbo": 416.06085205078125, "epoch": 1199, "_timestamp": 1701695755.8137794, "_runtime": 3008.913993358612, "_step": 1199, "_wandb": {"runtime": 3008}}