{"loss": 9497.8798828125, "tau": 0.5, "pdiff_z1z2": 0.06107103079557419, "pdiff_z0z3": 0.05993911996483803, "pdiff_z0z1": 0.0630921870470047, "pdiff_z0z2": 0.06757105886936188, "kl_z0": 29.450010299682617, "kl_z1": 29.484237670898438, "kl_a_z0": 47.04866027832031, "kl_a_z1": 46.046844482421875, "kl_z1z2": 23.97150230407715, "kl_z0z3": 24.62518310546875, "x0y0": 2865.550537109375, "x1y1": 3231.2255859375, "x0y3": 3762.59814453125, "x1y2": 3916.957275390625, "elbo": 6580.63427734375, "epoch": 1199, "_timestamp": 1701271242.6287098, "_runtime": 2792.175160884857, "_step": 1199, "_wandb": {"runtime": 2791}}