{"loss": 394.47015380859375, "tau": 0.5, "pdiff_z1z2": 0.020714417099952698, "pdiff_z0z3": 0.018732603639364243, "pdiff_z0z1": 0.03653935715556145, "pdiff_z0z2": 0.027451995760202408, "kl_z0": 101.94466400146484, "kl_z1": 102.21672058105469, "kl_a_z0": 31.536706924438477, "kl_a_z1": 33.683250427246094, "kl_z1z2": 58.641754150390625, "kl_z0z3": 65.83599853515625, "x0y0": 19.346080780029297, "x1y1": 19.041215896606445, "x0y3": 6495.51123046875, "x1y2": 6420.560546875, "elbo": 3423.618408203125, "epoch": 1999, "_timestamp": 1701345678.9205084, "_runtime": 1788.7958974838257, "_step": 1999, "_wandb": {"runtime": 1787}}