{"loss": 1680.9793701171875, "tau": 0.5, "pdiff_z1z2": 0.0013436031294986606, "pdiff_z0z3": 0.0012869153870269656, "pdiff_z0z1": 0.04371557757258415, "pdiff_z0z2": 0.04458035156130791, "kl_z0": 147.75921630859375, "kl_z1": 147.60467529296875, "kl_a_z0": 27.619335174560547, "kl_a_z1": 28.794239044189453, "kl_z1z2": 0.5503432750701904, "kl_z0z3": 0.5749529600143433, "x0y0": 22.70195770263672, "x1y1": 22.765132904052734, "x0y3": 22.72201156616211, "x1y2": 22.766159057617188, "elbo": 221.6424102783203, "epoch": 1199, "_timestamp": 1701680444.9589791, "_runtime": 3261.646669149399, "_step": 1199, "_wandb": {"runtime": 3261}}