{"loss": {"min": 8513.0029296875}, "tau": {"min": 0.5}, "pdiff_z1z2": {"min": 0.04994013532996178}, "pdiff_z0z3": {"min": 0.05062892287969589}, "pdiff_z0z1": {"min": 0.09832935780286789}, "pdiff_z0z2": {"min": 0.0894988626241684}, "kl_z0": {"min": 32.320762634277344}, "kl_z1": {"min": 32.21257781982422}, "kl_z1z2": {"min": 4.890124320983887}, "kl_z0z3": {"min": 4.833023548126221}, "x0y0": {"min": 180.54542541503906}, "x1y1": {"min": 183.99179077148438}, "x0y3": {"min": 7264.6064453125}, "x1y2": {"min": 6972.67431640625}, "elbo": {"min": 3947.50830078125}, "epoch": 1099, "_timestamp": 1700311868.4770076, "_runtime": 3523.4946315288544, "_step": 1099, "_wandb": {"runtime": 3526}}