{
  "metrics": {
    "train": {
      "loss": 4938.880598958333,
      "tau": 5.0,
      "pdiff_z1z2": 0.0031170228703154457,
      "pdiff_z0z3": 0.003188722466842996,
      "pdiff_z0z1": 0.08280055075883866,
      "pdiff_z0z2": 0.08430652419726054,
      "kl_z0": 238.2677463107639,
      "kl_z1": 240.3865997314453,
      "kl_a_z0": 92.71270900302463,
      "kl_a_z1": 94.88607593112522,
      "kl_z1z2": 0.2223088393608729,
      "kl_z0z3": 0.20190510319338906,
      "x0y0": 625.3916476779514,
      "x1y1": 620.7774590386284,
      "x0y3": 970.8035807291667,
      "x1y2": 855.787939453125,
      "elbo": 1724.5073676215277
    },
    "test": {
      "loss": 10575.2900390625,
      "tau": 5.0,
      "pdiff_z1z2": 0.0036423602141439915,
      "pdiff_z0z3": 0.0037753316573798656,
      "pdiff_z0z1": 0.08303740620613098,
      "pdiff_z0z2": 0.08425451070070267,
      "kl_z0": 238.05137634277344,
      "kl_z1": 240.90675354003906,
      "kl_a_z0": 59.01449966430664,
      "kl_a_z1": 60.62073516845703,
      "kl_z1z2": 1.2135040760040283,
      "kl_z0z3": 1.0925357341766357,
      "x0y0": 1020.541015625,
      "x1y1": 945.4384155273438,
      "x0y3": 1828.73828125,
      "x1y2": 1695.6512451171875,
      "elbo": 2655.455322265625
    }
  },
  "sae": {
    "mse": {
      "vanilla": {
        "train": 0.005408720548859597,
        "test": 0.008532897249077766
      },
      "gaussian": {
        "train": 0.3266867955616017,
        "test": 0.3400606889543092
      }
    },
    "activation": {
      "train": 0.3759344518184662,
      "test": 0.3762199878692627
    },
    "ever_1": {
      "train": 200.0,
      "test": 194.0
    },
    "ever_0": {
      "train": 273.0,
      "test": 271.0
    },
    "effective": {
      "train": 173.0,
      "test": 165.0
    },
    "variance": {
      "gaussian": {
        "train": {
          "max": 0.25,
          "min": 0.0,
          "mean": 0.002668204251676798,
          "median": 0.0
        },
        "test": {
          "max": 0.25,
          "min": 0.0,
          "mean": 0.002599999774247408,
          "median": 0.0
        }
      }
    }
  },
  "cycle_consistency": {
    "train": {
      "xs01": [
        0.0,
        0.00540872055742781,
        0.005491926440018136,
        0.005497383013164722,
        0.005497383013571034,
        0.0054973830131218974,
        0.0054973830134943695,
        0.005497383013293813,
        0.005497383013545571,
        0.00549738301243711
      ],
      "xs12": [
        0.00540872055742781,
        5.146356124896556e-05,
        6.7003311414737254e-06,
        9.356683277395624e-17,
        9.264545283324568e-17,
        9.256368768405604e-17,
        9.345209289682779e-17,
        9.325312618100673e-17,
        9.269637407175444e-17,
        9.446958460727212e-17
      ],
      "xs13": [
        0.4954334552185361,
        0.3189808428287506,
        0.3261578381061554,
        0.32526490092277527,
        0.3252200782299042,
        0.32491055130958557,
        0.3249190151691437,
        0.324754923582077,
        0.32494449615478516,
        0.32470259070396423
      ],
      "xs34": [
        0.8133990169401515,
        0.038581982254981995,
        0.007706336677074432,
        0.0033004952128976583,
        0.0018763599218800664,
        0.001043578959070146,
        0.0009101695031858981,
        0.0009291745373047888,
        0.0006412669317796826,
        0.0009292030008509755
      ],
      "zs01": [
        0.0,
        7.407407338178018e-06,
        7.777777682349551e-06,
        7.777777682349551e-06,
        7.777777682349551e-06,
        7.777777682349551e-06,
        7.777777682349551e-06,
        7.777777682349551e-06,
        7.777777682349551e-06,
        7.777777682349551e-06
      ],
      "zs12": [
        7.407407338178018e-06,
        3.703703725932428e-07,
        0.0,
        0.0,
        0.0,
        0.0,
        0.0,
        0.0,
        0.0,
        0.0
      ],
      "zs13": [
        0.007085185032337904,
        0.010154444724321365,
        0.011266296729445457,
        0.011277036741375923,
        0.011477777734398842,
        0.011353704147040844,
        0.011429999954998493,
        0.011400740593671799,
        0.011451851576566696,
        0.01135222241282463
      ],
      "zs34": [
        0.004223333206027746,
        0.0018266666447743773,
        0.0008870370220392942,
        0.00046148148248903453,
        0.00031148147536441684,
        0.00019703703583218157,
        0.00022259258548729122,
        0.00020074074564035982,
        0.0001811111142160371,
        0.00022888889361638576
      ]
    },
    "test": {
      "xs01": [
        0.0,
        0.00853289724530799,
        0.008552406083009839,
        0.008552406083009839,
        0.008552406083009839,
        0.008552406083009839,
        0.008552406083009839,
        0.008552406083009839,
        0.008552406083009839,
        0.008552406083009839
      ],
      "xs12": [
        0.00853289724530799,
        4.4753400288755074e-05,
        0.0,
        0.0,
        0.0,
        0.0,
        0.0,
        0.0,
        0.0,
        0.0
      ],
      "xs13": [
        0.49938709753812477,
        0.31739744544029236,
        0.3239058554172516,
        0.3225920796394348,
        0.32302358746528625,
        0.3231709599494934,
        0.3226874768733978,
        0.3230607509613037,
        0.3228088915348053,
        0.3230421841144562
      ],
      "xs34": [
        0.8153829916771251,
        0.03684934228658676,
        0.00868665799498558,
        0.0011356309987604618,
        0.0003495296405162662,
        0.0003445465990807861,
        0.00046592342550866306,
        0.00019966383115388453,
        0.0001908069389173761,
        0.0002415180206298828
      ],
      "zs01": [
        0.0,
        1.3333333299669903e-05,
        1.3333333299669903e-05,
        1.3333333299669903e-05,
        1.3333333299669903e-05,
        1.3333333299669903e-05,
        1.3333333299669903e-05,
        1.3333333299669903e-05,
        1.3333333299669903e-05,
        1.3333333299669903e-05
      ],
      "zs12": [
        1.3333333299669903e-05,
        0.0,
        0.0,
        0.0,
        0.0,
        0.0,
        0.0,
        0.0,
        0.0,
        0.0
      ],
      "zs13": [
        0.00698000006377697,
        0.00983333308249712,
        0.011253333650529385,
        0.011046666651964188,
        0.011066666804254055,
        0.01104000024497509,
        0.01107999961823225,
        0.011046666651964188,
        0.011066666804254055,
        0.01104000024497509
      ],
      "zs34": [
        0.003920000046491623,
        0.0024733333848416805,
        0.0005933333304710686,
        0.00020666666387114674,
        0.00010666666639735922,
        0.00019999999494757503,
        0.00014000000373926014,
        7.333333633141592e-05,
        7.999999797903001e-05,
        0.00014666667266283184
      ]
    }
  },
  "z1z2": {
    "mae": {
      "vanilla": {
        "train": 0.00022000000171829015,
        "test": 0.0008399999933317304
      },
      "gaussian": {
        "train": 0.006088148336857557,
        "test": 0.006426666863262653
      }
    },
    "match_prob": {
      "vanilla": {
        "train": 0.9358243346214294,
        "test": 0.775529682636261
      },
      "gaussian": {
        "train": 0.15057680010795593,
        "test": 0.14913946390151978
      }
    },
    "allmatch_prob": {
      "vanilla": {
        "train": 0.9368888735771179,
        "test": 0.8240000009536743
      },
      "gaussian": {
        "train": 0.1322222203016281,
        "test": 0.164000004529953
      }
    },
    "xor": {
      "train": 0.0,
      "test": 0.0
    },
    "compiled_action": {
      "train": 192.0,
      "test": 138.0
    }
  },
  "kl_a_z0": {
    "train": 92.71270900302463,
    "test": 59.01449966430664
  },
  "x0y3": {
    "mse": {
      "vanilla": {
        "train": 0.008427115039033588,
        "test": 0.015874465031678633
      },