{"loss": 3445157.0833333335, "tau": 4.942765235900879, "pdiff_z1z2": 0.23187289138635, "pdiff_z0z3": 0.2369535764058431, "pdiff_z0z1": 0.22347109019756317, "pdiff_z0z2": 0.1330572565396627, "kl_z0": 264.4664001464844, "kl_z1": 264.9761149088542, "kl_a_z0": 137.6717071533203, "kl_a_z1": 152.90051778157553, "kl_z1z2": 109.51356506347656, "kl_z0z3": 101.69632212320964, "x0y0": 1655085.5, "x1y1": 1650573.9166666667, "x0y3": 1818481.375, "x1y2": 1822790.125, "elbo": 3390025.4166666665, "epoch": 6, "_timestamp": 1702421415.8742566, "_runtime": 64.71314764022827, "_step": 6, "_wandb": {"runtime": 69}}