{"loss": 119180120.0, "tau": 4.466527462005615, "pdiff_z1z2": 0.26335015892982483, "pdiff_z0z3": 0.2634658217430115, "pdiff_z0z1": 0.1628941148519516, "pdiff_z0z2": 0.19176067411899567, "kl_z0": 327.8778991699219, "kl_z1": 328.00341796875, "kl_a_z0": 37.6729736328125, "kl_a_z1": 34.451927185058594, "kl_z1z2": 117.83055114746094, "kl_z0z3": 116.78315734863281, "x0y0": 2543422.5, "x1y1": 2537027.5, "x0y3": 2325484.25, "x1y2": 2286828.25, "elbo": 4963838.5, "epoch": 50, "_timestamp": 1701701659.9770145, "_runtime": 80.03108954429626, "_step": 50}