{"loss": {"min": 5977681.0}, "tau": {"min": 0.5}, "pdiff_z1z2": {"min": 0.1212608739733696}, "pdiff_z0z3": {"min": 0.12052913010120392}, "pdiff_z0z1": {"min": 0.0888185054063797}, "pdiff_z0z2": {"min": 0.07659029960632324}, "kl_z0": {"min": 68.45890808105469}, "kl_z1": {"min": 68.52904510498047}, "kl_z1z2": {"min": 37.70261764526367}, "kl_z0z3": {"min": 37.527244567871094}, "x0y0": {"min": 9699.2451171875}, "x1y1": {"min": 9040.4111328125}, "x0y3": {"min": 1223.5157470703125}, "x1y2": {"min": 1125.655029296875}, "elbo": {"min": 15040.2158203125}, "epoch": 1099, "_timestamp": 1700384023.152917, "_runtime": 3356.801498889923, "_step": 1099, "_wandb": {"runtime": 3359}}