{"loss": {"min": 17815588.0}, "tau": {"min": 0.5}, "pdiff_z1z2": {"min": 0.10281658917665482}, "pdiff_z0z3": {"min": 0.10389735549688339}, "pdiff_z0z1": {"min": 0.08209255337715149}, "pdiff_z0z2": {"min": 0.059732139110565186}, "kl_z0": {"min": 32.80963134765625}, "kl_z1": {"min": 32.73801803588867}, "kl_z1z2": {"min": 18.114757537841797}, "kl_z0z3": {"min": 18.03924560546875}, "x0y0": {"min": 10889.4482421875}, "x1y1": {"min": 10214.4013671875}, "x0y3": {"min": 3148.01416015625}, "x1y2": {"min": 3869.0185546875}, "elbo": {"min": 17833.970703125}, "epoch": 1099, "_timestamp": 1700340120.507757, "_runtime": 3335.5494718551636, "_step": 1099, "_wandb": {"runtime": 3338}}