{"loss": 28799.564453125, "tau": 0.5, "pdiff_z1z2": 0.019990315660834312, "pdiff_z0z3": 0.02253878489136696, "pdiff_z0z1": 0.08780217915773392, "pdiff_z0z2": 0.099329873919487, "kl_z0": 356.29144287109375, "kl_z1": 356.6212463378906, "kl_a_z0": 72.31059265136719, "kl_a_z1": 71.18852996826172, "kl_z1z2": 16.673595428466797, "kl_z0z3": 15.171432495117188, "x0y0": 141.93580627441406, "x1y1": 150.1045684814453, "x0y3": 43.101871490478516, "x1y2": 53.490516662597656, "elbo": 679.3455810546875, "epoch": 1199, "_timestamp": 1701698780.3185735, "_runtime": 3003.528284549713, "_step": 1199, "_wandb": {"runtime": 3002}}