{"loss": 1879.09033203125, "tau": 0.5, "pdiff_z1z2": 0.005934785585850477, "pdiff_z0z3": 0.022588321939110756, "pdiff_z0z1": 0.06608254462480545, "pdiff_z0z2": 0.06407015770673752, "kl_z0": 17.286243438720703, "kl_z1": 17.15268325805664, "kl_a_z0": 1.7782834768295288, "kl_a_z1": 1.7412346601486206, "kl_z1z2": 2.752748727798462, "kl_z0z3": 1.5295928716659546, "x0y0": 64.15300750732422, "x1y1": 54.451908111572266, "x0y3": 960.1417236328125, "x1y2": 1222.246337890625, "elbo": 654.6005249023438, "epoch": 1999, "_timestamp": 1702397264.6034648, "_runtime": 1087.834333896637, "_step": 1999, "_wandb": {"runtime": 1087}}