{"loss": 23041.662109375, "tau": 0.5, "pdiff_z1z2": 0.02362496592104435, "pdiff_z0z3": 0.02298012562096119, "pdiff_z0z1": 0.10119028389453888, "pdiff_z0z2": 0.08850128203630447, "kl_z0": 137.79669189453125, "kl_z1": 134.97933959960938, "kl_a_z0": 45.51651382446289, "kl_a_z1": 42.26568603515625, "kl_z1z2": 32.223167419433594, "kl_z0z3": 32.323978424072266, "x0y0": 274.99072265625, "x1y1": 256.91802978515625, "x0y3": 9722.0048828125, "x1y2": 10670.6962890625, "elbo": 5693.5224609375, "epoch": 1199, "_timestamp": 1701095444.5839815, "_runtime": 3028.6885595321655, "_step": 1199, "_wandb": {"runtime": 3028}}