{"loss": 19105.107421875, "tau": 0.5, "pdiff_z1z2": 0.016006333753466606, "pdiff_z0z3": 0.018693268299102783, "pdiff_z0z1": 0.033846184611320496, "pdiff_z0z2": 0.04065660759806633, "kl_z0": 41.93740463256836, "kl_z1": 41.816253662109375, "kl_a_z0": 19.940149307250977, "kl_a_z1": 16.58658218383789, "kl_z1z2": 0.7277213335037231, "kl_z0z3": 0.5545802116394043, "x0y0": 7823.91552734375, "x1y1": 7706.125, "x0y3": 8670.7880859375, "x1y2": 8095.9462890625, "elbo": 15899.673828125, "epoch": 1199, "_timestamp": 1702577033.73958, "_runtime": 384.3749349117279, "_step": 1199, "_wandb": {"runtime": 383}}