{"loss": 16650.837890625, "tau": 0.5, "pdiff_z1z2": 0.01886817440390587, "pdiff_z0z3": 0.018662603572010994, "pdiff_z0z1": 0.10127484053373337, "pdiff_z0z2": 0.09099263697862625, "kl_z0": 116.85995483398438, "kl_z1": 116.06859588623047, "kl_a_z0": 38.59036636352539, "kl_a_z1": 34.72044372558594, "kl_z1z2": 25.10419464111328, "kl_z0z3": 25.18097686767578, "x0y0": 162.28622436523438, "x1y1": 198.31639099121094, "x0y3": 4955.091796875, "x1y2": 5476.083984375, "elbo": 3043.93701171875, "epoch": 1199, "_timestamp": 1701092399.1499035, "_runtime": 3172.833901643753, "_step": 1199, "_wandb": {"runtime": 3172}}