{"loss": 7539498.0, "tau": 5.0, "pdiff_z1z2": 0.2555365562438965, "pdiff_z0z3": 0.2557276785373688, "pdiff_z0z1": 0.17562216520309448, "pdiff_z0z2": 0.16948729753494263, "kl_z0": 240.94886779785156, "kl_z1": 241.43850708007812, "kl_a_z0": 110.18468475341797, "kl_a_z1": 104.41925811767578, "kl_z1z2": 201.56607055664062, "kl_z0z3": 202.53240966796875, "x0y0": 3239183.25, "x1y1": 3249573.5, "x0y3": 3327596.25, "x1y2": 3313062.25, "elbo": 6527182.0, "epoch": 1, "_timestamp": 1701161355.9105477, "_runtime": 25.604578733444214, "_step": 1, "_wandb": {"runtime": 24}}