{"loss": 239.46001586914062, "tau": 0.5, "pdiff_z1z2": 0.00107298931106925, "pdiff_z0z3": 0.001681123417802155, "pdiff_z0z1": 0.026615522801876068, "pdiff_z0z2": 0.027250465005636215, "kl_z0": 82.96367950439453, "kl_z1": 75.20746307373047, "kl_a_z0": 13.55198268890381, "kl_a_z1": 12.163107585906982, "kl_z1z2": 0.05657256171107292, "kl_z0z3": 0.06322398483753204, "x0y0": 53.58421783447265, "x1y1": 51.189517974853516, "x0y3": 72.92652740478516, "x1y2": 83.0233642578125, "elbo": 209.5408477783203, "epoch": 1999, "_timestamp": 1702916969.2938347, "_runtime": 1478.7179746627808, "_step": 1999, "_wandb": {"runtime": 1478}}