{"loss": {"min": 144684.84375}, "tau": {"min": 0.6323681473731995}, "mean_of_cosine_distances": 0.0, "norm_mean_of_cosine_distances": 0.0, "pdiff_z1z2": {"min": 0.09126971662044525}, "pdiff_z0z3": {"min": 0.09074781090021133}, "pdiff_z0z1": {"min": 0.1104658767580986}, "pdiff_z0z2": {"min": 0.08058598637580872}, "kl_z0": {"min": 203.3874053955078}, "kl_z1": {"min": 203.3036651611328}, "kl_a_z0": {"min": 284.2275695800781}, "kl_a_z1": {"min": 333.9449768066406}, "kl_z1z2": {"min": 89.3248062133789}, "kl_z0z3": {"min": 89.21052551269531}, "x0y0": {"min": 426.0032958984375}, "x1y1": {"min": 409.8468322753906}, "x0y3": {"min": 1776.52978515625}, "x1y2": {"min": 1871.6146240234375}, "elbo": {"min": 2850.401611328125}, "epoch": 899, "_timestamp": 1700194289.9583893, "_runtime": 2941.7279703617096, "_step": 899, "_wandb": {"runtime": 2946}}