{"loss": 25671.41015625, "tau": 0.5, "pdiff_z1z2": 0.023645371198654175, "pdiff_z0z3": 0.023432334885001183, "pdiff_z0z1": 0.06721007078886032, "pdiff_z0z2": 0.04915415495634079, "kl_z0": 168.82086181640625, "kl_z1": 169.4918212890625, "kl_a_z0": 50.39519119262695, "kl_a_z1": 67.86506652832031, "kl_z1z2": 42.008270263671875, "kl_z0z3": 41.83409118652344, "x0y0": 377.6214904785156, "x1y1": 378.8492431640625, "x0y3": 4644.1943359375, "x1y2": 4926.89697265625, "elbo": 3209.373046875, "epoch": 1199, "_timestamp": 1701816766.6268785, "_runtime": 2447.110134601593, "_step": 1199, "_wandb": {"runtime": 2446}}