{
  "metrics": {
    "train": {
      "loss": 1451.2343560112847,
      "tau": 5.0,
      "pdiff_z1z2": 0.0063799404642648164,
      "pdiff_z0z3": 0.005931489738739199,
      "pdiff_z0z1": 0.024717393600278432,
      "pdiff_z0z2": 0.02288672857814365,
      "kl_z0": 92.564892578125,
      "kl_z1": 92.21595052083333,
      "kl_a_z0": 50.075637838575574,
      "kl_a_z1": 48.76755237579346,
      "kl_z1z2": 5.424559423658583,
      "kl_z0z3": 5.631030125088162,
      "x0y0": 59.59478361341689,
      "x1y1": 58.068794335259334,
      "x0y3": 229.48005913628472,
      "x1y2": 223.60462714301215,
      "elbo": 346.09477064344617
    },
    "test": {
      "loss": 5271.51171875,
      "tau": 5.0,
      "pdiff_z1z2": 0.027642427012324333,
      "pdiff_z0z3": 0.027189595624804497,
      "pdiff_z0z1": 0.04738999158143997,
      "pdiff_z0z2": 0.024489814415574074,
      "kl_z0": 92.3106460571289,
      "kl_z1": 91.63690948486328,
      "kl_a_z0": 32.92530059814453,
      "kl_a_z1": 30.47718048095703,
      "kl_z1z2": 44.65202713012695,
      "kl_z0z3": 44.839107513427734,
      "x0y0": 121.58946228027344,
      "x1y1": 123.59300994873047,
      "x0y3": 3421.837158203125,
      "x1y2": 4173.79052734375,
      "elbo": 2228.841552734375
    }
  },
  "sae": {
    "mse": {
      "vanilla": {
        "train": 0.000510692650096969,
        "test": 0.0010641600664662305
      },
      "gaussian": {
        "train": 0.0005950288082127694,
        "test": 0.0014099054816784883
      }
    },
    "activation": {
      "train": 0.11388461291790009,
      "test": 0.11363077163696289
    },
    "ever_1": {
      "train": 259.0,
      "test": 257.0
    },
    "ever_0": {
      "train": 260.0,
      "test": 260.0
    },
    "effective": {
      "train": 259.0,
      "test": 257.0
    },
    "variance": {
      "gaussian": {
        "train": {
          "max": 0.25,
          "min": 0.0,
          "mean": 0.0005796453915536404,
          "median": 0.0
        },
        "test": {
          "max": 0.25,
          "min": 0.0,
          "mean": 0.0018263078527525067,
          "median": 0.0
        }
      }
    }
  },
  "cycle_consistency": {
    "train": {
      "xs01": [
        0.0,
        0.0005106926670947448,
        0.0005100377278059705,
        0.0005115812434302599,
        0.0005100377279342044,
        0.0005115812432177244,
        0.0005100377279389491,
        0.0005115812429919005,
        0.0005100377277523542,
        0.0005115812432744677
      ],
      "xs12": [
        0.0005106926670947448,
        7.772811841277871e-06,
        3.854435362882214e-06,
        3.854435362882214e-06,
        3.854435362882214e-06,
        3.854435362882214e-06,
        3.854435362882214e-06,
        3.854435362882214e-06,
        3.854435362882214e-06,
        3.854435362882214e-06
      ],
      "xs13": [
        0.09052216733756177,
        0.00012474101094994694,
        6.005327668390237e-05,
        7.913261651992798e-05,
        8.211353997467086e-05,
        8.336750761372969e-05,
        8.529239858034998e-05,
        8.900577813619748e-05,
        8.864739356795326e-05,
        8.894241182133555e-05
      ],
      "xs34": [
        0.09060819872382175,
        8.225088095059618e-05,
        9.86478971753968e-06,
        6.849271358078113e-06,
        4.006655217381194e-06,
        4.231053026160225e-06,
        4.673564944823738e-06,
        3.8834705264889635e-06,
        3.854435362882214e-06,
        3.854435362882214e-06
      ],
      "zs01": [
        0.0,
        6.965811917325482e-05,
        4.4017095206072554e-05,
        6.965811917325482e-05,
        4.4017095206072554e-05,
        6.965811917325482e-05,
        4.4017095206072554e-05,
        6.965811917325482e-05,
        4.4017095206072554e-05,
        6.965811917325482e-05
      ],
      "zs12": [
        6.965811917325482e-05,
        2.5641025786171667e-05,
        2.5641025786171667e-05,
        2.5641025786171667e-05,
        2.5641025786171667e-05,
        2.5641025786171667e-05,
        2.5641025786171667e-05,
        2.5641025786171667e-05,
        2.5641025786171667e-05,
        2.5641025786171667e-05
      ],
      "zs13": [
        0.0009500000160187483,
        6.58119679428637e-05,
        6.239316280698404e-05,
        6.965811917325482e-05,
        6.495726847788319e-05,
        6.923076580278575e-05,
        6.58119679428637e-05,
        6.965811917325482e-05,
        6.538461457239464e-05,
        6.965811917325482e-05
      ],
      "zs34": [
        0.0009363247663713992,
        3.6752135201822966e-05,
        2.9487178835552186e-05,
        2.692307680263184e-05,
        2.6495727070141584e-05,
        2.6495727070141584e-05,
        2.6068375518661924e-05,
        2.5641025786171667e-05,
        2.5641025786171667e-05,
        2.5641025786171667e-05
      ]
    },
    "test": {
      "xs01": [
        0.0,
        0.0010641600690431499,
        0.0013310885718756096,
        0.0015135438707232962,
        0.0016424473912542723,
        0.0016456956868912457,
        0.0016450642601443673,
        0.0016456956868912457,
        0.0016450642601443673,
        0.0016456956868912457
      ],
      "xs12": [
        0.0010641600690431499,
        0.00013948942068964243,
        5.025547943660058e-05,
        5.1564155000960454e-05,
        4.606876245816238e-06,
        4.298068688513013e-06,
        4.298068688513013e-06,
        4.298068688513013e-06,
        4.298068688513013e-06,
        4.298068688513013e-06
      ],
      "xs13": [
        0.09162205442715275,
        0.0011863627005368471,
        0.00099946151021868,
        0.0014786497922614217,
        0.001628102851100266,
        0.0016250332118943334,
        0.001615293906070292,
        0.001792427501641214,
        0.0018003431614488363,
        0.0018008166225627065
      ],
      "xs34": [
        0.09155918868913081,
        0.0004898043116554618,
        0.00038023421075195074,
        0.0002899066894315183,
        0.00022827519569545984,
        5.45506009075325e-05,
        5.5561984481755644e-05,
        4.4171074478072114e-06,
        4.298068688513013e-06,
        4.298068688513013e-06
      ],
      "zs01": [
        0.0,
        0.0006076922873035073,
        0.0006692307651974261,
        0.0007461538189090788,
        0.000699999975040555,
        0.0007384615601040423,
        0.000699999975040555,
        0.0007384615601040423,
        0.000699999975040555,
        0.0007384615601040423
      ],
      "zs12": [
        0.0006076922873035073,
        0.00016923077055253088,
        7.69230755395256e-05,
        4.615384750650264e-05,
        3.84615377697628e-05,
        3.84615377697628e-05,
        3.84615377697628e-05,
        3.84615377697628e-05,
        3.84615377697628e-05,
        3.84615377697628e-05
      ],
      "zs13": [
        0.0035461538936942816,
        0.0006692307651974261,
        0.0005846153944730759,
        0.0005769230774603784,
        0.0005923077114857733,
        0.0005846153944730759,
        0.0006153846043162048,
        0.0006153846043162048,
        0.0006230769213289022,
        0.0006153846043162048
      ],
      "zs34": [
        0.003246153937652707,
        0.00037692306796088815,
        0.0002538461412768811,
        0.00012307692668400705,
        8.461538527626544e-05,
        6.153846334200352e-05,
        4.615384750650264e-05,
        3.84615377697628e-05,
        3.84615377697628e-05,
        3.84615377697628e-05
      ]
    }
  },
  "z1z2": {
    "mae": {
      "vanilla": {
        "train": 0.004820512607693672,
        "test": 0.026446154341101646
      },
      "gaussian": {
        "train": 0.006139316130429506,
        "test": 0.027384614571928978
      }
    },
    "match_prob": {
      "vanilla": {
        "train": 0.28369760513305664,
        "test": 0.0009103085612878203
      },
      "gaussian": {
        "train": 0.19969415664672852,
        "test": 0.0007191554759629071
      }
    },