{"loss": {"min": 44884.25390625}, "tau": {"min": 0.6323681473731995}, "mean_of_cosine_distances": 0.0, "norm_mean_of_cosine_distances": 0.0, "pdiff_z1z2": {"min": 0.1013295128941536}, "pdiff_z0z3": {"min": 0.10436196625232697}, "pdiff_z0z1": {"min": 0.10004519671201706}, "pdiff_z0z2": {"min": 0.08573803305625916}, "kl_z0": {"min": 68.13954162597656}, "kl_z1": {"min": 68.09622955322266}, "kl_a_z0": {"min": 217.6642303466797}, "kl_a_z1": {"min": 215.47218322753906}, "kl_z1z2": {"min": 41.42262649536133}, "kl_z0z3": {"min": 41.670684814453125}, "x0y0": {"min": 1285.3323974609375}, "x1y1": {"min": 1300.114501953125}, "x0y3": {"min": 759.985595703125}, "x1y2": {"min": 720.548095703125}, "elbo": {"min": 3382.43212890625}, "epoch": 899, "_timestamp": 1700166088.4388485, "_runtime": 2746.6782236099243, "_step": 899, "_wandb": {"runtime": 2750}}