{"loss": 17258.03515625, "tau": 0.5, "pdiff_z1z2": 0.022393707185983658, "pdiff_z0z3": 0.022614378482103348, "pdiff_z0z1": 0.13059048354625702, "pdiff_z0z2": 0.1215280294418335, "kl_z0": 139.0607452392578, "kl_z1": 137.86734008789062, "kl_a_z0": 43.88119888305664, "kl_a_z1": 46.25648880004883, "kl_z1z2": 25.78790283203125, "kl_z0z3": 25.755062103271484, "x0y0": 194.86985778808594, "x1y1": 200.81851196289062, "x0y3": 4928.10302734375, "x1y2": 5655.1748046875, "elbo": 3139.00439453125, "epoch": 1199, "_timestamp": 1701822781.571446, "_runtime": 2986.5153629779816, "_step": 1199, "_wandb": {"runtime": 2985}}