{"loss": 55315.140625, "tau": 0.5, "pdiff_z1z2": 0.025149354711174965, "pdiff_z0z3": 0.025146441534161568, "pdiff_z0z1": 0.12892231345176697, "pdiff_z0z2": 0.11928217113018036, "kl_z0": 99.43904113769531, "kl_z1": 99.44783020019531, "kl_a_z0": 82.48480987548828, "kl_a_z1": 91.07888793945312, "kl_z1z2": 9.740070343017578, "kl_z0z3": 9.653904914855957, "x0y0": 726.2435913085938, "x1y1": 737.9852294921875, "x0y3": 8463.6650390625, "x1y2": 10139.5947265625, "elbo": 5940.060546875, "epoch": 1199, "_timestamp": 1701157382.3745408, "_runtime": 2854.715120792389, "_step": 1199, "_wandb": {"runtime": 2854}}