{"loss": 896738.0, "tau": 4.008390426635742, "pdiff_z1z2": 0.24625827372074127, "pdiff_z0z3": 0.24956735968589783, "pdiff_z0z1": 0.10949624329805374, "pdiff_z0z2": 0.22530798614025116, "kl_z0": 169.16217041015625, "kl_z1": 167.92581176757812, "kl_a_z0": 61.45583724975586, "kl_a_z1": 61.924312591552734, "kl_z1z2": 68.9509048461914, "kl_z0z3": 64.76115417480469, "x0y0": 427837.4375, "x1y1": 430729.21875, "x0y3": 426336.75, "x1y2": 450282.4375, "elbo": 863343.5, "epoch": 97, "_timestamp": 1702657271.988023, "_runtime": 54.86823892593384, "_step": 97}