{"loss": {"min": 2151868.5}, "tau": {"min": 0.6323681473731995}, "mean_of_cosine_distances": 0.0, "norm_mean_of_cosine_distances": 0.0, "pdiff_z1z2": {"min": 0.1533219963312149}, "pdiff_z0z3": {"min": 0.1527455896139145}, "pdiff_z0z1": {"min": 0.10439012944698334}, "pdiff_z0z2": {"min": 0.08771335333585739}, "kl_z0": {"min": 67.33977508544922}, "kl_z1": {"min": 67.09823608398438}, "kl_a_z0": {"min": 279.912353515625}, "kl_a_z1": {"min": 259.0273132324219}, "kl_z1z2": {"min": 43.12221908569336}, "kl_z0z3": {"min": 42.341670989990234}, "x0y0": {"min": 12321.625}, "x1y1": {"min": 11982.1015625}, "x0y3": {"min": 436.3580322265625}, "x1y2": {"min": 413.80267333984375}, "elbo": {"min": 19763.830078125}, "epoch": 899, "_timestamp": 1700182787.6419685, "_runtime": 2754.94394159317, "_step": 899, "_wandb": {"runtime": 2759}}