{"loss": {"min": 3180505.5}, "tau": {"min": 0.5}, "pdiff_z1z2": {"min": 0.18427854776382446}, "pdiff_z0z3": {"min": 0.1839074343442917}, "pdiff_z0z1": {"min": 0.1183352991938591}, "pdiff_z0z2": {"min": 0.09993651509284973}, "kl_z0": {"min": 199.0164031982422}, "kl_z1": {"min": 200.3872833251953}, "kl_z1z2": {"min": 122.96722412109375}, "kl_z0z3": {"min": 123.23294830322266}, "x0y0": {"min": 8473.91796875}, "x1y1": {"min": 8148.59912109375}, "x0y3": {"min": 589.3101196289062}, "x1y2": {"min": 659.6676025390625}, "elbo": {"min": 13341.5126953125}, "epoch": 1099, "_timestamp": 1700422894.9775245, "_runtime": 3548.3517434597015, "_step": 1099, "_wandb": {"runtime": 3551}}