{"loss": {"min": 2488372.25}, "tau": {"min": 0.6323681473731995}, "mean_of_cosine_distances": 0.2280000001192093, "norm_mean_of_cosine_distances": 109802.5234375, "pdiff_z1z2": {"min": 0.12322178483009338}, "pdiff_z0z3": {"min": 0.11721904575824738}, "pdiff_z0z1": {"min": 0.10971566289663315}, "pdiff_z0z2": {"min": 0.062184758484363556}, "kl_z0": {"min": 33.08028030395508}, "kl_z1": {"min": 33.344696044921875}, "kl_a_z0": {"min": 190.6908721923828}, "kl_a_z1": {"min": 183.5172119140625}, "kl_z1z2": {"min": 27.481277465820312}, "kl_z0z3": {"min": 27.077653884887695}, "x0y0": {"min": 10442.486328125}, "x1y1": {"min": 10203.4091796875}, "x0y3": {"min": 4382.31298828125}, "x1y2": {"min": 4826.33935546875}, "elbo": {"min": 18946.384765625}, "epoch": 899, "_timestamp": 1700138946.3937736, "_runtime": 2824.346717596054, "_step": 899, "_wandb": {"runtime": 2828}}