{"loss": 55795.7578125, "tau": 0.5, "pdiff_z1z2": 2.6339834221289493e-05, "pdiff_z0z3": 2.8272344934521243e-05, "pdiff_z0z1": 0.013335051015019417, "pdiff_z0z2": 0.013360437005758286, "kl_z0": 148.25718688964844, "kl_z1": 144.91720581054688, "kl_a_z0": 0.0, "kl_a_z1": 0.0, "kl_z1z2": 0.009036438539624214, "kl_z0z3": 0.004468155559152365, "x0y0": 51.3505973815918, "x1y1": 54275.15625, "x0y3": 51.3505973815918, "x1y2": 54275.15625, "elbo": 54473.09765625, "epoch": 1999, "_timestamp": 1702993259.6343744, "_runtime": 4851.218694448471, "_step": 1999, "_wandb": {"runtime": 4850}}