{"loss": {"min": 77380.9140625}, "tau": {"min": 0.6323681473731995}, "mean_of_cosine_distances": 0.0, "norm_mean_of_cosine_distances": 0.0, "pdiff_z1z2": {"min": 0.07349294424057007}, "pdiff_z0z3": {"min": 0.07411165535449982}, "pdiff_z0z1": {"min": 0.09128740429878235}, "pdiff_z0z2": {"min": 0.07124211639165878}, "kl_z0": {"min": 68.90746307373047}, "kl_z1": {"min": 69.06446838378906}, "kl_a_z0": {"min": 240.85496520996094}, "kl_a_z1": {"min": 250.49400329589844}, "kl_z1z2": {"min": 34.67057418823242}, "kl_z0z3": {"min": 35.73105239868164}, "x0y0": {"min": 1000.1911010742188}, "x1y1": {"min": 1000.4287109375}, "x0y3": {"min": 1070.2152099609375}, "x1y2": {"min": 1097.66015625}, "elbo": {"min": 3121.17138671875}, "epoch": 899, "_timestamp": 1700168893.2479146, "_runtime": 2789.0149245262146, "_step": 899, "_wandb": {"runtime": 2792}}