{"loss": 346.95489501953125, "tau": 0.5, "pdiff_z1z2": 0.01111564040184021, "pdiff_z0z3": 0.028088271617889404, "pdiff_z0z1": 0.07472251355648041, "pdiff_z0z2": 0.07255805283784866, "kl_z0": 19.111833572387695, "kl_z1": 19.146114349365234, "kl_a_z0": 6.42987585067749, "kl_a_z1": 6.463321685791016, "kl_z1z2": 2.5788469314575195, "kl_z0z3": 1.1167737245559692, "x0y0": 20.287694931030273, "x1y1": 17.513164520263672, "x0y3": 83.45128631591797, "x1y2": 30.458335876464844, "elbo": 83.32752990722656, "epoch": 1199, "_timestamp": 1702575821.9002132, "_runtime": 384.1349711418152, "_step": 1199, "_wandb": {"runtime": 383}}