{"loss": {"min": 3623519.75}, "tau": {"min": 0.6323681473731995}, "mean_of_cosine_distances": 0.004000000189989805, "norm_mean_of_cosine_distances": 3536.58251953125, "pdiff_z1z2": {"min": 0.13773474097251892}, "pdiff_z0z3": {"min": 0.13856583833694458}, "pdiff_z0z1": {"min": 0.10350093990564346}, "pdiff_z0z2": {"min": 0.07844601571559906}, "kl_z0": {"min": 65.60612487792969}, "kl_z1": {"min": 65.64353942871094}, "kl_a_z0": {"min": 210.7017822265625}, "kl_a_z1": {"min": 190.4297637939453}, "kl_z1z2": {"min": 43.13801193237305}, "kl_z0z3": {"min": 43.33880615234375}, "x0y0": {"min": 11074.232421875}, "x1y1": {"min": 10947.7373046875}, "x0y3": {"min": 765.2484741210938}, "x1y2": {"min": 641.157470703125}, "elbo": {"min": 18215.455078125}, "epoch": 899, "_timestamp": 1700185596.8140316, "_runtime": 2795.0185046195984, "_step": 899, "_wandb": {"runtime": 2798}}