{"loss": {"min": 14795623.0}, "tau": {"min": 4.026892185211182}, "pdiff_z1z2": {"min": 0.2075405865907669}, "pdiff_z0z3": {"min": 0.2092859297990799}, "pdiff_z0z1": {"min": 0.11042965948581696}, "pdiff_z0z2": {"min": 0.09782694280147552}, "kl_z0": {"min": 32.55469512939453}, "kl_z1": {"min": 32.5993766784668}, "kl_z1z2": {"min": 17.5063419342041}, "kl_z0z3": {"min": 17.51704216003418}, "x0y0": {"min": 321725.1875}, "x1y1": {"min": 318632.0625}, "x0y3": {"min": 284205.59375}, "x1y2": {"min": 288350.6875}, "elbo": {"min": 623471.0625}, "epoch": 95, "_timestamp": 1700599245.8432617, "_runtime": 306.3382136821747, "_step": 95}