{"loss": 1967.622802734375, "tau": 0.5, "pdiff_z1z2": 0.21802514791488647, "pdiff_z0z3": 0.20677825808525085, "pdiff_z0z1": 0.06984070688486099, "pdiff_z0z2": 0.21836325526237488, "kl_z0": 20.478757858276367, "kl_z1": 19.578262329101562, "kl_a_z0": 520.4795532226562, "kl_a_z1": 520.4761352539062, "kl_z1z2": 95.08543395996094, "kl_z0z3": 104.51927947998047, "x0y0": 328.19830322265625, "x1y1": 314.7054748535156, "x0y3": 1428.4307861328125, "x1y2": 1430.692138671875, "elbo": 1787.3660888671875, "epoch": 1199, "_timestamp": 1702330458.2733529, "_runtime": 2613.2412707805634, "_step": 1199, "_wandb": {"runtime": 2612}}