{"loss": 7602.31689453125, "tau": 0.5023078918457031, "pdiff_z1z2": 0.04916590079665184, "pdiff_z0z3": 0.05036184936761856, "pdiff_z0z1": 0.11147520691156387, "pdiff_z0z2": 0.10523080080747604, "kl_z0": 45.851741790771484, "kl_z1": 46.32567596435547, "kl_a_z0": 77.69055938720703, "kl_a_z1": 75.68888092041016, "kl_z1z2": 6.96497917175293, "kl_z0z3": 6.894918441772461, "x0y0": 196.97903442382812, "x1y1": 218.87705993652344, "x0y3": 6482.39697265625, "x1y2": 6669.09912109375, "elbo": 3726.009521484375, "epoch": 999, "_timestamp": 1700648888.6088006, "_runtime": 2296.868233680725, "_step": 999, "_wandb": {"runtime": 2296}}