{"loss": 17915.681640625, "tau": 0.5, "pdiff_z1z2": 0.021739430725574493, "pdiff_z0z3": 0.02145637571811676, "pdiff_z0z1": 0.11928528547286987, "pdiff_z0z2": 0.10756810754537582, "kl_z0": 130.37350463867188, "kl_z1": 131.8065185546875, "kl_a_z0": 33.45674133300781, "kl_a_z1": 43.81346130371094, "kl_z1z2": 28.113191604614258, "kl_z0z3": 28.094444274902344, "x0y0": 210.5821533203125, "x1y1": 207.33897399902344, "x0y3": 4308.380859375, "x1y2": 4494.80322265625, "elbo": 2698.013916015625, "epoch": 1199, "_timestamp": 1701811306.2298248, "_runtime": 2976.0459077358246, "_step": 1199, "_wandb": {"runtime": 2975}}