{"loss": 42244570.666666664, "tau": 2.605973482131958, "pdiff_z1z2": 0.05418901517987251, "pdiff_z0z3": 0.05296464885274569, "pdiff_z0z1": 0.03711238503456116, "pdiff_z0z2": 0.06284379710753758, "kl_z0": 101.74424489339192, "kl_z1": 102.05067189534505, "kl_a_z0": 44.376696268717446, "kl_a_z1": 43.45921325683594, "kl_z1z2": 66.11582946777344, "kl_z0z3": 67.2610855102539, "x0y0": 19.38011360168457, "x1y1": 19.44642512003581, "x0y3": 8161.793131510417, "x1y2": 8722.262044270834, "elbo": 4429.29345703125, "epoch": 284, "_timestamp": 1702506575.7485938, "_runtime": 866.7959496974945, "_step": 284}