{"loss": {"min": 2061871.375}, "tau": {"min": 0.6323681473731995}, "mean_of_cosine_distances": 0.0, "norm_mean_of_cosine_distances": 0.0, "pdiff_z1z2": {"min": 0.20757128298282623}, "pdiff_z0z3": {"min": 0.20615464448928833}, "pdiff_z0z1": {"min": 0.12132353335618973}, "pdiff_z0z2": {"min": 0.12544092535972595}, "kl_z0": {"min": 205.5847930908203}, "kl_z1": {"min": 205.68997192382812}, "kl_a_z0": {"min": 311.1746520996094}, "kl_a_z1": {"min": 360.7724304199219}, "kl_z1z2": {"min": 126.1907958984375}, "kl_z0z3": {"min": 126.97666931152344}, "x0y0": {"min": 9486.837890625}, "x1y1": {"min": 9103.6416015625}, "x0y3": {"min": 376.13165283203125}, "x1y2": {"min": 409.0605163574219}, "elbo": {"min": 15681.9013671875}, "epoch": 899, "_timestamp": 1700209069.5524504, "_runtime": 2944.717534303665, "_step": 899, "_wandb": {"runtime": 2949}}