{"loss": 26449.01953125, "tau": 0.5, "pdiff_z1z2": 0.02502434141933918, "pdiff_z0z3": 0.024802954867482185, "pdiff_z0z1": 0.06634987890720367, "pdiff_z0z2": 0.04793447628617287, "kl_z0": 170.20887756347656, "kl_z1": 169.98927307128906, "kl_a_z0": 59.294921875, "kl_a_z1": 50.15208435058594, "kl_z1z2": 43.340065002441406, "kl_z0z3": 43.60341262817383, "x0y0": 433.2910461425781, "x1y1": 371.26824951171875, "x0y3": 4587.12939453125, "x1y2": 4828.93798828125, "elbo": 3203.994384765625, "epoch": 1199, "_timestamp": 1701799831.4798386, "_runtime": 2425.2353637218475, "_step": 1199, "_wandb": {"runtime": 2424}}