{"loss": 12105.36328125, "tau": 0.5023078918457031, "pdiff_z1z2": 0.044187575578689575, "pdiff_z0z3": 0.042605921626091, "pdiff_z0z1": 0.11032765358686447, "pdiff_z0z2": 0.09166711568832397, "kl_z0": 105.56488037109375, "kl_z1": 105.72732543945312, "kl_a_z0": 66.23333740234375, "kl_a_z1": 73.6108169555664, "kl_z1z2": 17.119691848754883, "kl_z0z3": 17.826242446899414, "x0y0": 359.9554748535156, "x1y1": 358.6121826171875, "x0y3": 5125.359375, "x1y2": 5492.18115234375, "elbo": 3377.61572265625, "epoch": 999, "_timestamp": 1700660772.2974255, "_runtime": 2335.6202054023743, "_step": 999, "_wandb": {"runtime": 2335}}