{
  "metrics": {
    "train": {
      "loss": 9637677.133333333,
      "tau": 5.0,
      "pdiff_z1z2": 0.592977069483863,
      "pdiff_z0z3": 0.5312830977969699,
      "pdiff_z0z1": 0.11401252581013574,
      "pdiff_z0z2": 0.5908017992973328,
      "kl_z0": 319.52137654622396,
      "kl_z1": 319.39532674153645,
      "kl_a_z0": 902.5055535210504,
      "kl_a_z1": 940.7657979329427,
      "kl_z1z2": 1811.812882486979,
      "kl_z0z3": 2025.6446668836807,
      "x0y0": 390.31015828450523,
      "x1y1": 356.00587565104166,
      "x0y3": 65716.21684027778,
      "x1y2": 91713.01961805555,
      "elbo": 42117.50486111111
    },
    "test": {
      "loss": 9678640.0,
      "tau": 5.0,
      "pdiff_z1z2": 0.5950641632080078,
      "pdiff_z0z3": 0.5346264839172363,
      "pdiff_z0z1": 0.12484220415353775,
      "pdiff_z0z2": 0.5932937264442444,
      "kl_z0": 320.4226379394531,
      "kl_z1": 319.1387023925781,
      "kl_a_z0": 571.8092651367188,
      "kl_a_z1": 589.5521240234375,
      "kl_z1z2": 1822.343017578125,
      "kl_z0z3": 2031.133056640625,
      "x0y0": 1434.9835205078125,
      "x1y1": 844.6649169921875,
      "x0y3": 66032.7421875,
      "x1y2": 91815.984375,
      "elbo": 43035.74609375
    }
  },
  "sae": {
    "mse": {
      "vanilla": {
        "train": 0.003239219125575355,
        "test": 0.00989430798624187
      },
      "gaussian": {
        "train": 0.003136648370041787,
        "test": 0.007969628587450367
      }
    },
    "activation": {
      "train": 0.437748521566391,
      "test": 0.43858665227890015
    },
    "ever_1": {
      "train": 298.0,
      "test": 297.0
    },
    "ever_0": {
      "train": 272.0,
      "test": 272.0
    },
    "effective": {
      "train": 270.0,
      "test": 269.0
    },
    "variance": {
      "gaussian": {
        "train": {
          "max": 0.25,
          "min": 0.0,
          "mean": 0.0002105740859406069,
          "median": 0.0
        },
        "test": {
          "max": 0.25,
          "min": 0.0,
          "mean": 0.0007843332132324576,
          "median": 0.0
        }
      }
    }
  },
  "cycle_consistency": {
    "train": {
      "xs01": [
        0.0,
        0.0032392191535982025,
        0.0033044730437327913,
        0.0033359000741280914,
        0.00334712582411173,
        0.003348153618655385,
        0.0033427518651246682,
        0.0033457942236952217,
        0.0033482345378335826,
        0.0033426709463993593
      ],
      "xs12": [
        0.0032392191535982025,
        3.599260890041478e-05,
        1.8257880583405495e-05,
        1.0396031939308159e-05,
        2.3575848899781704e-06,
        4.349314167484408e-06,
        4.085431555722607e-06,
        2.162328428312321e-06,
        4.349314167484408e-06,
        4.085431555722607e-06
      ],
      "xs13": [
        0.09337821715989245,
        0.00048255707952193916,
        0.00016566956765018404,
        0.00016664914437569678,
        0.0001634703658055514,
        0.00016643476556055248,
        0.00016710619092918932,
        0.00016333461098838598,
        0.00016462287749163806,
        0.0001669830089667812
      ],
      "xs34": [
        0.09319154909721539,
        0.000377131684217602,
        3.814662341028452e-05,
        2.19500780076487e-05,
        3.7399886423372664e-06,
        4.750418611365603e-06,
        4.528756562649505e-06,
        2.162328428312321e-06,
        4.349314167484408e-06,
        4.085431555722607e-06
      ],
      "zs01": [
        0.0,
        2.296296224812977e-05,
        2.592592682049144e-05,
        2.7777778086601757e-05,
        2.7037036488763988e-05,
        2.814814797602594e-05,
        2.6666666599339806e-05,
        2.7777778086601757e-05,
        2.7407408197177574e-05,
        2.7407408197177574e-05
      ],
      "zs12": [
        2.296296224812977e-05,
        4.444444584805751e-06,
        4.074074240634218e-06,
        1.4814814903729712e-06,
        1.1111111462014378e-06,
        1.4814814903729712e-06,
        1.1111111462014378e-06,
        1.1111111462014378e-06,
        1.4814814903729712e-06,
        1.1111111462014378e-06
      ],
      "zs13": [
        0.0003637037007138133,
        3.296296199550852e-05,
        3.481481326161884e-05,
        3.481481326161884e-05,
        3.333333370392211e-05,
        3.407407348277047e-05,
        3.333333370392211e-05,
        3.3703705412335694e-05,
        3.333333370392211e-05,
        3.407407348277047e-05
      ],
      "zs34": [
        0.0003440740692894906,
        1.3703704098588787e-05,
        7.407407338178018e-06,
        3.703703669089009e-06,
        1.4814814903729712e-06,
        2.2222222924028756e-06,
        1.1111111462014378e-06,
        1.1111111462014378e-06,
        1.4814814903729712e-06,
        1.1111111462014378e-06
      ]
    },
    "test": {
      "xs01": [
        0.0,
        0.009894307980773665,
        0.014242898735653682,
        0.015848863332821678,
        0.01666565525629327,
        0.017224362960586586,
        0.017240890796960687,
        0.017496224095504234,
        0.01733836860864786,
        0.017628286037491656
      ],
      "xs12": [
        0.009894307980773665,
        0.002260884502902627,
        0.0007834431598894298,
        0.0005306379753164947,
        0.0003725164569914341,
        0.00021002136054448783,
        0.00012124465865781531,
        0.0001253000955330208,
        0.00013760050933342427,
        0.00014845551049802452
      ],
      "xs13": [
        0.10737889337384564,
        0.008869399316608906,
        0.005044528748840094,
        0.004936909768730402,
        0.004886874929070473,
        0.004522540606558323,
        0.004329747054725885,
        0.0043212552554905415,
        0.004211358726024628,
        0.004172433167695999
      ],
      "xs34": [
        0.09844865303420275,
        0.0037987332325428724,
        0.0014242395991459489,
        0.0009821625426411629,
        0.0005013676709495485,
        0.00019997311756014824,
        0.0001247227337444201,
        0.00012877816334366798,
        0.00014107860624790192,
        0.00015193360741250217
      ],
      "zs01": [
        0.0,
        0.0008533333311788738,
        0.001120000029914081,
        0.001273333327844739,
        0.001273333327844739,
        0.0014133333461359143,
        0.001366666634567082,
        0.0014199999859556556,
        0.0013533333549275994,
        0.0014133333461359143
      ],
      "zs12": [
        0.0008533333311788738,
        0.0003466666676104069,
        0.00023333333956543356,
        0.00014666667266283184,
        0.00015333332703448832,
        7.333333633141592e-05,
        6.666666740784422e-05,
        7.999999797903001e-05,
        7.333333633141592e-05,
        7.999999797903001e-05
      ],
      "zs13": [
        0.0026333334390074015,
        0.0012333333725109696,
        0.0010133333271369338,
        0.000893333344720304,
        0.0007866666419431567,
        0.0007066666730679572,
        0.0007200000109151006,
        0.000699999975040555,
        0.0006933333352208138,
        0.0006799999973736703
      ],
      "zs34": [
        0.0018533333204686642,
        0.0005000000237487257,
        0.0002933333453256637,
        0.00019999999494757503,
        0.00014666667266283184,
        7.999999797903001e-05,
        7.333333633141592e-05,
        8.666666690260172e-05,
        7.999999797903001e-05,
        8.666666690260172e-05
      ]
    }
  },
  "z1z2": {
    "mae": {
      "vanilla": {
        "train": 0.0009459259454160929,
        "test": 0.013213333673775196
      },
      "gaussian": {
        "train": 0.0014422222739085555,
        "test": 0.013333333656191826
      }
    },
    "match_prob": {
      "vanilla": {
        "train": 0.7509351372718811,
        "test": 0.017656445503234863
      },
      "gaussian": {
        "train": 0.6534781455993652,
        "test": 0.017665531486272812
      }
    },
    "allmatch_prob": {
      "vanilla": {
        "train": 0.7702222466468811,