{"loss": 17352.9140625, "tau": 0.5023078918457031, "pdiff_z1z2": 0.022467944771051407, "pdiff_z0z3": 0.02226652391254902, "pdiff_z0z1": 0.11121649295091629, "pdiff_z0z2": 0.10106593370437622, "kl_z0": 132.7763214111328, "kl_z1": 133.060546875, "kl_a_z0": 40.66066360473633, "kl_a_z1": 42.44929504394531, "kl_z1z2": 26.021263122558594, "kl_z0z3": 26.284902572631836, "x0y0": 185.05992126464844, "x1y1": 202.843994140625, "x0y3": 5055.1708984375, "x1y2": 5403.65087890625, "elbo": 3093.18310546875, "epoch": 999, "_timestamp": 1700678253.5800023, "_runtime": 2497.5701813697815, "_step": 999, "_wandb": {"runtime": 2496}}