{"loss": {"min": 3316931.5}, "tau": {"min": 0.6323681473731995}, "mean_of_cosine_distances": 0.4519999921321869, "norm_mean_of_cosine_distances": 274991.375, "pdiff_z1z2": {"min": 0.1476779282093048}, "pdiff_z0z3": {"min": 0.14648592472076416}, "pdiff_z0z1": {"min": 0.12149698287248611}, "pdiff_z0z2": {"min": 0.06797818094491959}, "kl_z0": {"min": 34.353904724121094}, "kl_z1": {"min": 34.08036422729492}, "kl_a_z0": {"min": 194.56500244140625}, "kl_a_z1": {"min": 222.72793579101562}, "kl_z1z2": {"min": 35.019447326660156}, "kl_z0z3": {"min": 34.05860900878906}, "x0y0": {"min": 15050.8701171875}, "x1y1": {"min": 14298.2265625}, "x0y3": {"min": 5881.02978515625}, "x1y2": {"min": 5210.7431640625}, "elbo": {"min": 26027.294921875}, "epoch": 899, "_timestamp": 1700141721.464946, "_runtime": 2759.433918952942, "_step": 899, "_wandb": {"runtime": 2764}}