{"loss": 1832958.8333333333, "tau": 4.644832134246826, "pdiff_z1z2": 0.30656372507413227, "pdiff_z0z3": 0.31005437175432843, "pdiff_z0z1": 0.1990990142027537, "pdiff_z0z2": 0.19752943019072214, "kl_z0": 185.39519755045572, "kl_z1": 186.3884073893229, "kl_a_z0": 119.39353434244792, "kl_a_z1": 140.19137573242188, "kl_z1z2": 147.17545572916666, "kl_z0z3": 144.59342447916666, "x0y0": 864124.5416666666, "x1y1": 858358.3125, "x0y3": 935953.8333333334, "x1y2": 928708.6875, "elbo": 1758416.5416666667, "epoch": 33, "_timestamp": 1702421964.0898933, "_runtime": 226.29662227630615, "_step": 33}