{"loss": 586371.375, "tau": 5.0, "pdiff_z1z2": 0.3957119286060333, "pdiff_z0z3": 0.39375701546669006, "pdiff_z0z1": 0.15712399780750275, "pdiff_z0z2": 0.3080340325832367, "kl_z0": 181.97573852539062, "kl_z1": 180.3599853515625, "kl_a_z0": 70.45267486572266, "kl_a_z1": 76.92364501953125, "kl_z1z2": 371.177490234375, "kl_z0z3": 372.9754943847656, "x0y0": 198835.5, "x1y1": 196750.40625, "x0y3": 206928.046875, "x1y2": 206627.34375, "elbo": 400519.125, "epoch": 1, "_timestamp": 1702657350.2133315, "_runtime": 20.65136957168579, "_step": 1, "_wandb": {"runtime": 20}}