{"loss": 9121.5400390625, "tau": 0.5, "pdiff_z1z2": 0.05403470993041992, "pdiff_z0z3": 0.054525863379240036, "pdiff_z0z1": 0.11967486888170242, "pdiff_z0z2": 0.10696752369403839, "kl_z0": 53.53694152832031, "kl_z1": 53.499298095703125, "kl_a_z0": 65.27351379394531, "kl_a_z1": 85.77727508544922, "kl_z1z2": 9.396465301513672, "kl_z0z3": 9.3766450881958, "x0y0": 193.7890625, "x1y1": 185.11708068847656, "x0y3": 8225.720703125, "x1y2": 7834.43701171875, "elbo": 4432.9560546875, "epoch": 1199, "_timestamp": 1701291205.988354, "_runtime": 2780.1365950107574, "_step": 1199, "_wandb": {"runtime": 2779}}