{"loss": 506.9472351074219, "tau": 0.5, "pdiff_z1z2": 0.0059323436580598354, "pdiff_z0z3": 0.00974482111632824, "pdiff_z0z1": 0.014494379982352257, "pdiff_z0z2": 0.015305530279874802, "kl_z0": 25.02482795715332, "kl_z1": 24.95391273498535, "kl_a_z0": 4.086267948150635, "kl_a_z1": 4.224349498748779, "kl_z1z2": 4.066530704498291, "kl_z0z3": 1.9191676378250122, "x0y0": 20.832738876342773, "x1y1": 22.0361385345459, "x0y3": 189.23910522460938, "x1y2": 95.17733764648438, "elbo": 133.89686584472656, "epoch": 1199, "_timestamp": 1702629491.9879522, "_runtime": 401.1011402606964, "_step": 1199, "_wandb": {"runtime": 400}}