{"loss": {"min": 499267.21875}, "tau": {"min": 0.6323681473731995}, "mean_of_cosine_distances": 0.3400000035762787, "norm_mean_of_cosine_distances": 32149.69140625, "pdiff_z1z2": {"min": 0.08521052449941635}, "pdiff_z0z3": {"min": 0.08241310715675354}, "pdiff_z0z1": {"min": 0.10984612256288528}, "pdiff_z0z2": {"min": 0.06172662600874901}, "kl_z0": {"min": 67.44985961914062}, "kl_z1": {"min": 67.84324645996094}, "kl_a_z0": {"min": 248.69540405273438}, "kl_a_z1": {"min": 270.5296325683594}, "kl_z1z2": {"min": 29.932825088500977}, "kl_z0z3": {"min": 29.625272750854492}, "x0y0": {"min": 1071.8148193359375}, "x1y1": {"min": 1154.7261962890625}, "x0y3": {"min": 4745.05517578125}, "x1y2": {"min": 6316.9326171875}, "elbo": {"min": 5574.35205078125}, "epoch": 899, "_timestamp": 1700171679.446006, "_runtime": 2771.3789110183716, "_step": 899, "_wandb": {"runtime": 2777}}