{"loss": 11538.1982421875, "tau": 0.5, "pdiff_z1z2": 0.06705600023269653, "pdiff_z0z3": 0.06622396409511566, "pdiff_z0z1": 0.07200919091701508, "pdiff_z0z2": 0.05385306105017662, "kl_z0": 151.2351531982422, "kl_z1": 150.84056091308594, "kl_a_z0": 66.84699249267578, "kl_a_z1": 59.79075241088867, "kl_z1z2": 56.292598724365234, "kl_z0z3": 56.954463958740234, "x0y0": 1155.1217041015625, "x1y1": 1123.9700927734375, "x0y3": 10468.7802734375, "x1y2": 11227.2421875, "elbo": 7375.9931640625, "epoch": 1199, "_timestamp": 1701116604.629905, "_runtime": 2956.97754406929, "_step": 1199, "_wandb": {"runtime": 2956}}