{"loss": 9614.985026041666, "tau": 0.5, "pdiff_z1z2": 0.01576988771557808, "pdiff_z0z3": 0.015857264399528503, "pdiff_z0z1": 0.09403898566961288, "pdiff_z0z2": 0.0915176272392273, "kl_z0": 116.75253295898438, "kl_z1": 116.6239496866862, "kl_a_z0": 49.89613024393717, "kl_a_z1": 46.61635398864746, "kl_z1z2": 13.035438855489096, "kl_z0z3": 12.963134129842123, "x0y0": 382.36378987630206, "x1y1": 381.75597127278644, "x0y3": 2649.802734375, "x1y2": 2658.6477864583335, "elbo": 2071.6466471354165, "epoch": 1999, "_timestamp": 1701957814.3629344, "_runtime": 11963.306329250336, "_step": 1999, "_wandb": {"runtime": 11962}}