{"loss": {"min": 4225941.5}, "tau": {"min": 0.6323681473731995}, "mean_of_cosine_distances": 0.0, "norm_mean_of_cosine_distances": 0.0, "pdiff_z1z2": {"min": 0.1282472163438797}, "pdiff_z0z3": {"min": 0.13060368597507477}, "pdiff_z0z1": {"min": 0.0983082726597786}, "pdiff_z0z2": {"min": 0.07484211027622223}, "kl_z0": {"min": 64.45639038085938}, "kl_z1": {"min": 64.38702392578125}, "kl_a_z0": {"min": 217.95314025878906}, "kl_a_z1": {"min": 243.2926025390625}, "kl_z1z2": {"min": 41.702239990234375}, "kl_z0z3": {"min": 40.88309860229492}, "x0y0": {"min": 10750.3447265625}, "x1y1": {"min": 10165.6796875}, "x0y3": {"min": 722.5462646484375}, "x1y2": {"min": 733.9735717773438}, "elbo": {"min": 17469.220703125}, "epoch": 899, "_timestamp": 1700188379.9830027, "_runtime": 2770.047934770584, "_step": 899, "_wandb": {"runtime": 2775}}