{"loss": 283.0425720214844, "tau": 0.5, "pdiff_z1z2": 0.018252529203891754, "pdiff_z0z3": 0.03157396614551544, "pdiff_z0z1": 0.13936986029148102, "pdiff_z0z2": 0.13614778220653534, "kl_z0": 41.525054931640625, "kl_z1": 41.3658447265625, "kl_a_z0": 13.821717262268066, "kl_a_z1": 16.148910522460938, "kl_z1z2": 2.73036527633667, "kl_z0z3": 1.614414095878601, "x0y0": 72.88865661621094, "x1y1": 31.74329376220703, "x0y3": 105.8333740234375, "x1y2": 52.24018859863281, "elbo": 175.50929260253906, "epoch": 1199, "_timestamp": 1702575420.7632375, "_runtime": 396.26124238967896, "_step": 1199, "_wandb": {"runtime": 395}}