{"loss": 800912.5, "tau": 5.0, "pdiff_z1z2": 0.39637309312820435, "pdiff_z0z3": 0.39478108286857605, "pdiff_z0z1": 0.15436510741710663, "pdiff_z0z2": 0.311954140663147, "kl_z0": 60.17107391357422, "kl_z1": 59.13163757324219, "kl_a_z0": 18.706626892089844, "kl_a_z1": 18.732255935668945, "kl_z1z2": 121.55455017089844, "kl_z0z3": 122.61360931396484, "x0y0": 400742.59375, "x1y1": 398647.5625, "x0y3": 403573.0, "x1y2": 399201.28125, "elbo": 800375.6875, "epoch": 0, "_timestamp": 1702372250.354626, "_runtime": 23.33440899848938, "_step": 0}