{"loss": {"min": 468400.3125}, "tau": {"min": 0.6323681473731995}, "mean_of_cosine_distances": 0.41600000858306885, "norm_mean_of_cosine_distances": 36276.54296875, "pdiff_z1z2": {"min": 0.14303690195083618}, "pdiff_z0z3": {"min": 0.1394132375717163}, "pdiff_z0z1": {"min": 0.13359308242797852}, "pdiff_z0z2": {"min": 0.06289798766374588}, "kl_z0": {"min": 31.856155395507812}, "kl_z1": {"min": 31.691499710083008}, "kl_a_z0": {"min": 188.6588592529297}, "kl_a_z1": {"min": 184.2747344970703}, "kl_z1z2": {"min": 34.37232208251953}, "kl_z0z3": {"min": 33.5830078125}, "x0y0": {"min": 10799.384765625}, "x1y1": {"min": 11196.8046875}, "x0y3": {"min": 7793.26416015625}, "x1y2": {"min": 7809.443359375}, "elbo": {"min": 21586.935546875}, "epoch": 899, "_timestamp": 1700130367.6807544, "_runtime": 2896.1791684627533, "_step": 899, "_wandb": {"runtime": 2900}}