{"loss": 32710.68359375, "tau": 0.5, "pdiff_z1z2": 0.007494845427572727, "pdiff_z0z3": 0.007670395541936159, "pdiff_z0z1": 0.10144910216331482, "pdiff_z0z2": 0.10073555260896683, "kl_z0": 280.7040100097656, "kl_z1": 279.7119140625, "kl_a_z0": 76.0748291015625, "kl_a_z1": 109.78204345703125, "kl_z1z2": 4.9530439376831055, "kl_z0z3": 4.710546016693115, "x0y0": 1442.8212890625, "x1y1": 1792.7264404296875, "x0y3": 6837.6875, "x1y2": 6082.474609375, "elbo": 6032.25390625, "epoch": 1199, "_timestamp": 1701101569.618116, "_runtime": 3036.1590099334717, "_step": 1199, "_wandb": {"runtime": 3035}}