{"loss": 18092388.0, "tau": 4.808061599731445, "pdiff_z1z2": 0.2694638669490814, "pdiff_z0z3": 0.2704092860221863, "pdiff_z0z1": 0.15326206386089325, "pdiff_z0z2": 0.18702790141105652, "kl_a_z0": 78.17823791503906, "kl_a_z1": 90.10785675048828, "kl_z0": 55.290977478027344, "kl_z1": 55.747459411621094, "kl_z1z2": 21.20722007751465, "kl_z0z3": 21.146730422973633, "x0y0": 394138.125, "x1y1": 395821.375, "x0y3": 350786.34375, "x1y2": 349142.53125, "elbo": 767517.9375, "epoch": 18, "_timestamp": 1700601296.4374006, "_runtime": 80.38338255882263, "_step": 18}