{"loss": 31659.982421875, "tau": 0.5023078918457031, "pdiff_z1z2": 0.008040004409849644, "pdiff_z0z3": 0.0076720560900866985, "pdiff_z0z1": 0.10351306200027466, "pdiff_z0z2": 0.1034543588757515, "kl_z0": 289.17041015625, "kl_z1": 289.5417785644531, "kl_a_z0": 75.21306610107422, "kl_a_z1": 68.3409194946289, "kl_z1z2": 3.5347447395324707, "kl_z0z3": 3.8942620754241943, "x0y0": 3773.562255859375, "x1y1": 3407.1904296875, "x0y3": 9269.83203125, "x1y2": 9676.4150390625, "elbo": 10485.1171875, "epoch": 999, "_timestamp": 1700683276.980668, "_runtime": 2493.1930270195007, "_step": 999, "_wandb": {"runtime": 2492}}