{"loss": 8383.26953125, "tau": 0.5, "pdiff_z1z2": 0.051739539951086044, "pdiff_z0z3": 0.05230331048369408, "pdiff_z0z1": 0.10151620209217072, "pdiff_z0z2": 0.095253586769104, "kl_z0": 48.587120056152344, "kl_z1": 48.87490463256836, "kl_a_z0": 68.02115631103516, "kl_a_z1": 58.1520881652832, "kl_z1z2": 7.766294956207275, "kl_z0z3": 7.802807807922363, "x0y0": 220.68304443359375, "x1y1": 199.21005249023438, "x0y3": 7290.615234375, "x1y2": 7212.09423828125, "elbo": 4056.306884765625, "epoch": 1199, "_timestamp": 1701293993.5454347, "_runtime": 2772.628295660019, "_step": 1199, "_wandb": {"runtime": 2771}}