{"loss": 35522.91015625, "tau": 0.5023078918457031, "pdiff_z1z2": 0.01636861450970173, "pdiff_z0z3": 0.016179289668798447, "pdiff_z0z1": 0.12020400166511536, "pdiff_z0z2": 0.11599039286375046, "kl_z0": 115.67208862304688, "kl_z1": 116.01275634765625, "kl_a_z0": 106.4505844116211, "kl_a_z1": 106.72721862792969, "kl_z1z2": 5.049220561981201, "kl_z0z3": 5.070958614349365, "x0y0": 2979.60400390625, "x1y1": 2884.182861328125, "x0y3": 8778.4228515625, "x1y2": 9460.015625, "elbo": 9182.4111328125, "epoch": 999, "_timestamp": 1700668220.5786579, "_runtime": 2336.504003763199, "_step": 999, "_wandb": {"runtime": 2335}}