{"loss": 306916.7083333333, "tau": 0.5, "pdiff_z1z2": 0.027320158978303272, "pdiff_z0z3": 0.027039573217431705, "pdiff_z0z1": 0.03701668232679367, "pdiff_z0z2": 0.03813286622365316, "kl_z0": 102.27035268147786, "kl_z1": 102.0219497680664, "kl_a_z0": 44.72845141092936, "kl_a_z1": 44.26708730061849, "kl_z1z2": 33.76678212483724, "kl_z0z3": 33.497849782307945, "x0y0": 19.462643305460613, "x1y1": 19.5030943552653, "x0y3": 5834.879557291667, "x1y2": 5725.335286458333, "elbo": 3082.738037109375, "epoch": 1999, "_timestamp": 1702496029.7141786, "_runtime": 6003.60773062706, "_step": 1999, "_wandb": {"runtime": 6003}}