{"loss": 22000.775390625, "tau": 0.5, "pdiff_z1z2": 0.052001189440488815, "pdiff_z0z3": 0.0513511523604393, "pdiff_z0z1": 0.09015033394098282, "pdiff_z0z2": 0.0687267929315567, "kl_z0": 90.77830505371094, "kl_z1": 91.14361572265625, "kl_a_z0": 77.8666000366211, "kl_a_z1": 76.08218383789062, "kl_z1z2": 22.22534942626953, "kl_z0z3": 22.447725296020508, "x0y0": 847.18994140625, "x1y1": 879.6461791992188, "x0y3": 17615.4609375, "x1y2": 16587.71875, "elbo": 10025.0263671875, "epoch": 1199, "_timestamp": 1701151652.2040665, "_runtime": 2861.591844558716, "_step": 1199, "_wandb": {"runtime": 2860}}