{"loss": 950.5946655273438, "tau": 0.5, "pdiff_z1z2": 0.002349482849240303, "pdiff_z0z3": 0.004014625679701567, "pdiff_z0z1": 0.009755847044289112, "pdiff_z0z2": 0.009813903830945492, "kl_z0": 21.58797836303711, "kl_z1": 21.544748306274414, "kl_a_z0": 3.559354305267334, "kl_a_z1": 3.5920066833496094, "kl_z1z2": 1.6180579662322998, "kl_z0z3": 0.713660478591919, "x0y0": 37.86981201171875, "x1y1": 31.04627227783203, "x0y3": 276.2406311035156, "x1y2": 110.71412658691406, "elbo": 174.15072631835938, "epoch": 1199, "_timestamp": 1702630318.2461073, "_runtime": 398.19274735450745, "_step": 1199, "_wandb": {"runtime": 397}}