{
  "metrics": {
    "train": {
      "loss": 307599.7986111111,
      "tau": 5.0,
      "pdiff_z1z2": 0.027526100821517133,
      "pdiff_z0z3": 0.027060466784018057,
      "pdiff_z0z1": 0.03703766412757061,
      "pdiff_z0z2": 0.0382280552552806,
      "kl_z0": 102.09578337492766,
      "kl_z1": 102.11907648157191,
      "kl_a_z0": 53.72436735365126,
      "kl_a_z1": 52.4361440870497,
      "kl_z1z2": 33.853287873444735,
      "kl_z0z3": 33.867196542245374,
      "x0y0": 19.33500466523347,
      "x1y1": 19.364490155820494,
      "x0y3": 5860.532063802083,
      "x1y2": 5722.127785011574,
      "elbo": 3096.807354962384
    },
    "test": {
      "loss": 306923.1458333333,
      "tau": 5.0,
      "pdiff_z1z2": 0.027681925023595493,
      "pdiff_z0z3": 0.02720146191616853,
      "pdiff_z0z1": 0.03652620191375414,
      "pdiff_z0z2": 0.03788532316684723,
      "kl_z0": 101.83668772379558,
      "kl_z1": 101.96863047281902,
      "kl_a_z0": 44.17562675476074,
      "kl_a_z1": 44.08197593688965,
      "kl_z1z2": 33.39922841389974,
      "kl_z0z3": 33.89623260498047,
      "x0y0": 19.59503110249837,
      "x1y1": 19.528146107991535,
      "x0y3": 5881.355794270833,
      "x1y2": 5678.914713541667,
      "elbo": 3082.2652180989585
    }
  },
  "sae": {
    "mse": {
      "vanilla": {
        "train": 0.00016796655814727487,
        "test": 0.0001698054589504814
      },
      "gaussian": {
        "train": 0.00018350303992557284,
        "test": 0.00018204812010304465
      }
    },
    "activation": {
      "train": 0.10974907130002975,
      "test": 0.10944722592830658
    },
    "ever_1": {
      "train": 282.0,
      "test": 282.0
    },
    "ever_0": {
      "train": 300.0,
      "test": 300.0
    },
    "effective": {
      "train": 282.0,
      "test": 282.0
    },
    "variance": {
      "gaussian": {
        "train": {
          "max": 0.25,
          "min": 0.0,
          "mean": 0.0020318469032645226,
          "median": 0.0
        },
        "test": {
          "max": 0.25,
          "min": 0.0,
          "mean": 0.002058610785752535,
          "median": 0.0
        }
      }
    }
  },
  "cycle_consistency": {
    "train": {
      "xs01": [
        0.0,
        0.00016796655639245088,
        0.00016796318645626905,
        0.00016796299181597675,
        0.00016796318645626905,
        0.00016796299181597675,
        0.00016796318645626905,
        0.00016796299181597675,
        0.00016796318645626905,
        0.00016796299181597675
      ],
      "xs12": [
        0.00016796655639245088,
        4.096375683104725e-09,
        7.680367453133385e-11,
        7.680367453133385e-11,
        7.680367453133385e-11,
        7.680367453133385e-11,
        7.680367453133385e-11,
        7.680367453133385e-11,
        7.680367453133385e-11,
        7.680367453133385e-11
      ],
      "xs13": [
        0.4901201423064929,
        1.114775750465924e-05,
        5.075959279565723e-07,
        5.067228130428703e-07,
        5.067996085017512e-07,
        5.067228130428703e-07,
        5.067996085017512e-07,
        5.067228130428703e-07,
        5.067996085017512e-07,
        5.067228130428703e-07
      ],
      "xs34": [
        0.4901186968393467,
        1.0640582331689075e-05,
        8.731639300485483e-10,
        7.680367453133385e-11,
        7.680367453133385e-11,
        7.680367453133385e-11,
        7.680367453133385e-11,
        7.680367453133385e-11,
        7.680367453133385e-11,
        7.680367453133385e-11
      ],
      "zs01": [
        0.0,
        2.3765431251376867e-05,
        2.3456790586351417e-05,
        2.3765431251376867e-05,
        2.3456790586351417e-05,
        2.3765431251376867e-05,
        2.3456790586351417e-05,
        2.3765431251376867e-05,
        2.3456790586351417e-05,
        2.3765431251376867e-05
      ],
      "zs12": [
        2.3765431251376867e-05,
        3.086419724240841e-07,
        3.086419724240841e-07,
        3.086419724240841e-07,
        3.086419724240841e-07,
        3.086419724240841e-07,
        3.086419724240841e-07,
        3.086419724240841e-07,
        3.086419724240841e-07,
        3.086419724240841e-07
      ],
      "zs13": [
        0.006383179221302271,
        7.407407338178018e-06,
        2.623456794026424e-06,
        2.3148147647589212e-06,
        2.623456794026424e-06,
        2.3148147647589212e-06,
        2.623456794026424e-06,
        2.3148147647589212e-06,
        2.623456794026424e-06,
        2.3148147647589212e-06
      ],
      "zs34": [
        0.006381944287568331,
        5.401234375312924e-06,
        3.086419724240841e-07,
        3.086419724240841e-07,
        3.086419724240841e-07,
        3.086419724240841e-07,
        3.086419724240841e-07,
        3.086419724240841e-07,
        3.086419724240841e-07,
        3.086419724240841e-07
      ]
    },
    "test": {
      "xs01": [
        0.0,
        0.000169805458252519,
        0.00016979916004244153,
        0.00016979916004244153,
        0.00016979916004244153,
        0.00016979916004244153,
        0.00016979916004244153,
        0.00016979916004244153,
        0.00016979916004244153,
        0.00016979916004244153
      ],
      "xs12": [
        0.000169805458252519,
        6.434165644719769e-09,
        0.0,
        0.0,
        0.0,
        0.0,
        0.0,
        0.0,
        0.0,
        0.0
      ],
      "xs13": [
        0.49099242974567214,
        9.455344297748525e-06,
        1.1377664144163191e-08,
        0.0,
        0.0,
        0.0,
        0.0,
        0.0,
        0.0,
        0.0
      ],
      "xs34": [
        0.4909884102873008,
        9.426365068065934e-06,
        1.1377664144163191e-08,
        0.0,
        0.0,
        0.0,
        0.0,
        0.0,
        0.0,
        0.0
      ],
      "zs01": [
        0.0,
        2.499999936844688e-05,
        2.499999936844688e-05,
        2.499999936844688e-05,
        2.499999936844688e-05,
        2.499999936844688e-05,
        2.499999936844688e-05,
        2.499999936844688e-05,
        2.499999936844688e-05,
        2.499999936844688e-05
      ],
      "zs12": [
        2.499999936844688e-05,
        0.0,
        0.0,
        0.0,
        0.0,
        0.0,
        0.0,
        0.0,
        0.0,
        0.0
      ],
      "zs13": [
        0.006461110897362232,
        2.7777778086601757e-06,
        0.0,
        0.0,
        0.0,
        0.0,
        0.0,
        0.0,
        0.0,
        0.0
      ],
      "zs34": [
        0.0064583332277834415,
        2.7777778086601757e-06,
        0.0,
        0.0,
        0.0,
        0.0,
        0.0,
        0.0,
        0.0,
        0.0
      ]
    }
  },
  "z1z2": {
    "mae": {
      "vanilla": {
        "train": 0.02430092543363571,
        "test": 0.024494444951415062
      },
      "gaussian": {
        "train": 0.029688579961657524,
        "test": 0.029961111024022102
      }
    },
    "match_prob": {
      "vanilla": {
        "train": 0.0005514591466635466,
        "test": 0.000515067542437464
      },
      "gaussian": {
        "train": 0.00010086511611007154,
        "test": 9.835480159381405e-05
      }
    },
    "allmatch_prob": {
      "vanilla": {
        "train": 0.0,
        "test": 0.0
      },
      "gaussian": {
        "train": 0.0,
        "test": 0.0
      }
    },
    "xor": {
      "train": 0.0416666679084301,
      "test": 0.0416666679084301
    },
    "compiled_action": {
      "train": 25.0,
      "test": 25.0
    }
  },
  "kl_a_z0": {
    "train": 53.72436735365126,
    "test": 44.17562675476074
  },
  "x0y3": {
    "mse": {
      "vanilla": {
        "train": 0.0508726771820075,
        "test": 0.05105344059340404
      },
      "gaussian": {
        "train": 0.5410125439700288,
        "test": 0.540674272393833
      }
    }
  },
  "z0z3": {
    "mae": {
      "vanilla": {
        "train": 0.023387962952256203,
        "test": 0.02343333326280117
      },
      "gaussian": {
        "train": 0.028809258714318275,