{"loss": {"min": 265799.09375}, "tau": {"min": 0.6323681473731995}, "mean_of_cosine_distances": 0.36800000071525574, "norm_mean_of_cosine_distances": 18371.486328125, "pdiff_z1z2": {"min": 0.14277559518814087}, "pdiff_z0z3": {"min": 0.14278674125671387}, "pdiff_z0z1": {"min": 0.1254572868347168}, "pdiff_z0z2": {"min": 0.07086609303951263}, "kl_z0": {"min": 33.2071533203125}, "kl_z1": {"min": 33.32704162597656}, "kl_a_z0": {"min": 180.18212890625}, "kl_a_z1": {"min": 194.78953552246094}, "kl_z1z2": {"min": 33.77091979980469}, "kl_z0z3": {"min": 34.06436538696289}, "x0y0": {"min": 9502.1533203125}, "x1y1": {"min": 9981.3154296875}, "x0y3": {"min": 4960.6806640625}, "x1y2": {"min": 3997.5234375}, "elbo": {"min": 17834.166015625}, "epoch": 899, "_timestamp": 1700127457.8297148, "_runtime": 3101.281128883362, "_step": 899, "_wandb": {"runtime": 3106}}