{"loss": {"min": 582379.8125}, "tau": {"min": 4.591662883758545}, "pdiff_z1z2": {"min": 0.29616230726242065}, "pdiff_z0z3": {"min": 0.2958918809890747}, "pdiff_z0z1": {"min": 0.03653935715556145}, "pdiff_z0z2": {"min": 0.2853125035762787}, "kl_z0": {"min": 101.94466400146484}, "kl_z1": {"min": 102.21672058105469}, "kl_z1z2": {"min": 114.64665985107422}, "kl_z0z3": {"min": 114.45137023925781}, "x0y0": {"min": 19.346080780029297}, "x1y1": {"min": 19.041215896606445}, "x0y3": {"min": 15179.6259765625}, "x1y2": {"min": 16484.529296875}, "elbo": {"min": 8215.7568359375}, "epoch": 38, "_timestamp": 1700469812.6696305, "_runtime": 97.64239048957825, "_step": 38}