{
  "parameters": {
    "test_noise": false,
    "test_hard": true,
    "train_noise": true,
    "train_hard": false,
    "dropout_z": false,
    "noise": 0.2,
    "dropout": 0.2,
    "optimizer": "radam",
    "min_temperature": 0.5,
    "epoch": 2000,
    "gs_annealing_start": 0,
    "gs_annealing_end": 1000,
    "kl_cycle_start": 2000,
    "clipnorm": 0.1,
    "batch_size": 400,
    "lr": 0.001,
    "N": 50,
    "zerosuppress": 0.1,
    "densify": false,
    "max_temperature": 5.0,
    "conv_channel": 32,
    "conv_channel_increment": 1,
    "conv_kernel": 5,
    "conv_pooling": 1,
    "conv_per_pooling": 1,
    "conv_depth": 3,
    "fc_width": 100,
    "fc_depth": 2,
    "A": 6000,
    "aae_activation": "relu",
    "aae_width": 1000,
    "aae_depth": 2,
    "eff_regularizer": null,
    "beta_d": 1000,
    "beta_z": 10,
    "output": "GaussianOutput(sigma=0.1)",
    "mode": "learn",
    "disks": 3,
    "towers": 9,
    "num_examples": 5000,
    "aeclass": "CubeSpaceAE_AMA4Conv",
    "comment": "kltune2",
    "hash": "hanoi",
    "generator": "latplan.puzzles.hanoi",
    "mean": [
      [
        0.412940625,
        0.409440625,
        0.407640625
      ],
      [
        0.412940625,
        0.409440625,
        0.407640625
      ],
      [
        0.412940625,
        0.409440625,
        0.407640625
      ],
      [
        0.412940625,
        0.409440625,
        0.407640625
      ],
      [
        0.411996875,
        0.410296875,
        0.409096875
      ],
      [
        0.411996875,
        0.410296875,
        0.409096875
      ],
      [
        0.411996875,
        0.410296875,
        0.409096875
      ],
      [
        0.411996875,
        0.410296875,
        0.409096875
      ],
      [
        0.41148125,
        0.40898125,
        0.40768125
      ],
      [
        0.41148125,
        0.40898125,
        0.40768125
      ],
      [
        0.41148125,
        0.40898125,
        0.40768125
      ],
      [
        0.41148125,
        0.40898125,
        0.40768125
      ],
      [
        0.41205625,
        0.40845625,
        0.40725625
      ],
      [
        0.41205625,
        0.40845625,
        0.40725625
      ],
      [
        0.41205625,
        0.40845625,
        0.40725625
      ],
      [
        0.41205625,
        0.40845625,
        0.40725625
      ],
      [
        0.411415625,
        0.409515625,
        0.407615625
      ],
      [
        0.411415625,
        0.409515625,
        0.407615625
      ],
      [
        0.411415625,
        0.409515625,
        0.407615625
      ],
      [
        0.411415625,
        0.409515625,
        0.407615625
      ],
      [
        0.4127125,
        0.4097125,
        0.4088125
      ],
      [
        0.4127125,
        0.4097125,
        0.4088125
      ],
      [
        0.4127125,
        0.4097125,
        0.4088125
      ],
      [
        0.4127125,
        0.4097125,
        0.4088125
      ],
      [
        0.4110875,
        0.4090875,
        0.4079875
      ],
      [
        0.4110875,
        0.4090875,
        0.4079875
      ],
      [
        0.4110875,
        0.4090875,
        0.4079875
      ],
      [
        0.4110875,
        0.4090875,
        0.4079875
      ],
      [
        0.41158125,
        0.40898125,
        0.40778125
      ],
      [
        0.41158125,
        0.40898125,
        0.40778125
      ],
      [
        0.41158125,
        0.40898125,
        0.40778125
      ],
      [
        0.41158125,
        0.40898125,
        0.40778125
      ],
      [
        0.41178125,
        0.40898125,
        0.40798125
      ],
      [
        0.41178125,
        0.40898125,
        0.40798125
      ],
      [
        0.41178125,
        0.40898125,
        0.40798125
      ],
      [
        0.41178125,
        0.40898125,
        0.40798125
      ]
    ],
    "std": [
      [
        0.3410781571533251,
        0.3415788816834502,
        0.32512594277002244
      ],
      [
        0.3410781571533251,
        0.3415788816834502,
        0.32512594277002244
      ],
      [
        0.3410781571533251,
        0.3415788816834502,
        0.32512594277002244
      ],
      [
        0.3410781571533251,
        0.3415788816834502,
        0.32512594277002244
      ],
      [
        0.34454391216813907,
        0.34490076186796764,
        0.3285079725624998
      ],
      [
        0.34454391216813907,
        0.34490076186796764,
        0.3285079725624998
      ],
      [
        0.34454391216813907,
        0.34490076186796764,
        0.3285079725624998
      ],
      [
        0.34454391216813907,
        0.34490076186796764,
        0.3285079725624998
      ],
      [
        0.3413385095267312,
        0.34141021416463707,
        0.3255029828372477
      ],
      [
        0.3413385095267312,
        0.34141021416463707,
        0.3255029828372477
      ],
      [
        0.3413385095267312,
        0.34141021416463707,
        0.3255029828372477
      ],
      [
        0.3413385095267312,
        0.34141021416463707,
        0.3255029828372477
      ],
      [
        0.34335059863640566,
        0.34352103441271303,
        0.3274598722881789
      ],
      [
        0.34335059863640566,
        0.34352103441271303,
        0.3274598722881789
      ],
      [
        0.34335059863640566,
        0.34352103441271303,
        0.3274598722881789
      ],
      [
        0.34335059863640566,
        0.34352103441271303,
        0.3274598722881789
      ],
      [
        0.340607892790018,
        0.3407176622672671,
        0.32236271264813676
      ],
      [
        0.340607892790018,
        0.3407176622672671,
        0.32236271264813676
      ],
      [
        0.340607892790018,
        0.3407176622672671,
        0.32236271264813676
      ],
      [
        0.340607892790018,
        0.3407176622672671,
        0.32236271264813676
      ],
      [
        0.3387581868100776,
        0.33893087847063175,
        0.32100995370995405
      ],
      [
        0.3387581868100776,
        0.33893087847063175,
        0.32100995370995405
      ],
      [
        0.3387581868100776,
        0.33893087847063175,
        0.32100995370995405
      ],
      [
        0.3387581868100776,
        0.33893087847063175,
        0.32100995370995405
      ],
      [
        0.34311908543115155,
        0.34378547076934446,
        0.32868283711218615
      ],
      [
        0.34311908543115155,
        0.34378547076934446,
        0.32868283711218615
      ],
      [
        0.34311908543115155,
        0.34378547076934446,
        0.32868283711218615
      ],
      [
        0.34311908543115155,
        0.34378547076934446,
        0.32868283711218615
      ],
      [
        0.33989691084208223,
        0.34007762349206344,
        0.32342798271019696
      ],
      [
        0.33989691084208223,
        0.34007762349206344,
        0.32342798271019696
      ],
      [
        0.33989691084208223,
        0.34007762349206344,
        0.32342798271019696
      ],
      [
        0.33989691084208223,
        0.34007762349206344,
        0.32342798271019696
      ],
      [
        0.3387982520841084,
        0.3388267532829071,
        0.3205188264599098
      ],
      [
        0.3387982520841084,
        0.3388267532829071,
        0.3205188264599098
      ],
      [
        0.3387982520841084,
        0.3388267532829071,
        0.3205188264599098
      ],
      [
        0.3387982520841084,
        0.3388267532829071,
        0.3205188264599098
      ]
    ],
    "picsize": [
      3,
      36,
      3
    ],
    "beta_a_recons": 1,
    "load_sae_weights": false,
    "use_wandb": true,
    "gpu": "NVIDIA A100-SXM4-80GB MIG 3g.40gb",
    "time_start": "12-12T12:48:20.922"
  },
  "class": "ConvolutionalConcreteDetNormalizedLogitAddBidirectionalTransitionAEPlus",
  "input_shape": [
    [
      null,
      6000
    ]
  ]
}