{"loss": {"min": 676638.875}, "tau": {"min": 0.6323681473731995}, "mean_of_cosine_distances": 0.5400000214576721, "norm_mean_of_cosine_distances": 66092.4453125, "pdiff_z1z2": {"min": 0.10432475060224533}, "pdiff_z0z3": {"min": 0.11034927517175674}, "pdiff_z0z1": {"min": 0.11583296209573746}, "pdiff_z0z2": {"min": 0.040162499994039536}, "kl_z0": {"min": 32.273311614990234}, "kl_z1": {"min": 32.05397415161133}, "kl_a_z0": {"min": 208.6185302734375}, "kl_a_z1": {"min": 202.22975158691406}, "kl_z1z2": {"min": 22.82306671142578}, "kl_z0z3": {"min": 22.537639617919922}, "x0y0": {"min": 13359.3271484375}, "x1y1": {"min": 12577.9599609375}, "x0y3": {"min": 8774.123046875}, "x1y2": {"min": 9004.0849609375}, "elbo": {"min": 25209.423828125}, "epoch": 899, "_timestamp": 1700133269.3271477, "_runtime": 2873.5119338035583, "_step": 899, "_wandb": {"runtime": 2878}}