{"loss": {"min": 22033002.0}, "tau": {"min": 0.6323681473731995}, "mean_of_cosine_distances": 0.2720000147819519, "norm_mean_of_cosine_distances": 1277914.75, "pdiff_z1z2": {"min": 0.13076090812683105}, "pdiff_z0z3": {"min": 0.13172894716262817}, "pdiff_z0z1": {"min": 0.11095146834850311}, "pdiff_z0z2": {"min": 0.06953675299882889}, "kl_z0": {"min": 33.37384796142578}, "kl_z1": {"min": 33.48954772949219}, "kl_a_z0": {"min": 180.15370178222656}, "kl_a_z1": {"min": 194.23526000976562}, "kl_z1z2": {"min": 32.79473114013672}, "kl_z0z3": {"min": 32.68545150756836}, "x0y0": {"min": 12829.099609375}, "x1y1": {"min": 12818.978515625}, "x0y3": {"min": 4344.43359375}, "x1y2": {"min": 3483.676025390625}, "elbo": {"min": 22449.193359375}, "epoch": 899, "_timestamp": 1700157738.1503053, "_runtime": 2789.955378293991, "_step": 899, "_wandb": {"runtime": 2796}}