{"loss": 39533.7578125, "tau": 0.5, "pdiff_z1z2": 0.030231323093175888, "pdiff_z0z3": 0.03028196655213833, "pdiff_z0z1": 0.13219968974590302, "pdiff_z0z2": 0.12093373388051987, "kl_z0": 54.812259674072266, "kl_z1": 54.606590270996094, "kl_a_z0": 70.7862319946289, "kl_a_z1": 75.1366958618164, "kl_z1z2": 5.513578414916992, "kl_z0z3": 5.383754730224609, "x0y0": 4392.48388671875, "x1y1": 4291.01611328125, "x0y3": 11400.51171875, "x1y2": 11200.009765625, "elbo": 12293.1513671875, "epoch": 1199, "_timestamp": 1701296783.2965112, "_runtime": 2772.4902560710907, "_step": 1199, "_wandb": {"runtime": 2771}}