{"loss": 1572.0496826171875, "tau": 0.5, "pdiff_z1z2": 0.16087348759174347, "pdiff_z0z3": 0.15649400651454926, "pdiff_z0z1": 0.06909963488578796, "pdiff_z0z2": 0.18202611804008484, "kl_z0": 21.600383758544922, "kl_z1": 20.72412109375, "kl_a_z0": 601.859375, "kl_a_z1": 601.7996826171875, "kl_z1z2": 64.4573745727539, "kl_z0z3": 66.99153900146484, "x0y0": 103.44065856933594, "x1y1": 80.5053482055664, "x0y3": 1205.2547607421875, "x1y2": 1145.848876953125, "elbo": 1381.58935546875, "epoch": 1199, "_timestamp": 1702322584.36826, "_runtime": 2617.9541850090027, "_step": 1199, "_wandb": {"runtime": 2617}}