{"loss": 10852.962890625, "tau": 0.5, "pdiff_z1z2": 0.04926915839314461, "pdiff_z0z3": 0.04912018030881882, "pdiff_z0z1": 0.06340286880731583, "pdiff_z0z2": 0.03690338879823685, "kl_z0": 169.9674072265625, "kl_z1": 168.73130798339844, "kl_a_z0": 52.33360290527344, "kl_a_z1": 52.92449188232422, "kl_z1z2": 65.4249267578125, "kl_z0z3": 64.97130584716797, "x0y0": 428.38165283203125, "x1y1": 433.664794921875, "x0y3": 9648.1474609375, "x1y2": 11153.451171875, "elbo": 6101.51220703125, "epoch": 1199, "_timestamp": 1701089206.2185662, "_runtime": 3171.2830440998077, "_step": 1199, "_wandb": {"runtime": 3170}}