{"loss": 1969.5833740234375, "tau": 0.5, "pdiff_z1z2": 0.20842739939689636, "pdiff_z0z3": 0.19910769164562225, "pdiff_z0z1": 0.06839953362941742, "pdiff_z0z2": 0.2117176204919815, "kl_z0": 19.168659210205078, "kl_z1": 18.299707412719727, "kl_a_z0": 528.406005859375, "kl_a_z1": 528.2881469726562, "kl_z1z2": 86.79164123535156, "kl_z0z3": 92.69461059570312, "x0y0": 239.0957489013672, "x1y1": 305.9349060058594, "x0y3": 1642.3201904296875, "x1y2": 1558.6793212890625, "elbo": 1800.9757080078125, "epoch": 1199, "_timestamp": 1702333084.5706747, "_runtime": 2603.750832557678, "_step": 1199, "_wandb": {"runtime": 2603}}