{"loss": 21567.8203125, "tau": 0.5, "pdiff_z1z2": 0.014096302911639214, "pdiff_z0z3": 0.015650874003767967, "pdiff_z0z1": 0.006489824037998915, "pdiff_z0z2": 0.01733040064573288, "kl_z0": 109.3437271118164, "kl_z1": 108.76380157470703, "kl_a_z0": 7.062436103820801, "kl_a_z1": 8.906755447387695, "kl_z1z2": 4.99120569229126, "kl_z0z3": 4.449639797210693, "x0y0": 1840.2835693359375, "x1y1": 17264.4296875, "x0y3": 531.517822265625, "x1y2": 14590.6962890625, "elbo": 18228.486328125, "epoch": 1999, "_timestamp": 1702982032.0055418, "_runtime": 924.121221780777, "_step": 1999, "_wandb": {"runtime": 923}}