{
  "metrics": {
    "train": {
      "loss": 11507.846643518518,
      "tau": 5.0,
      "pdiff_z1z2": 0.026264033521767014,
      "pdiff_z0z3": 0.026074101458545083,
      "pdiff_z0z1": 0.03701214657889472,
      "pdiff_z0z2": 0.03589263392819299,
      "kl_z0": 102.09386105007596,
      "kl_z1": 102.12621137830946,
      "kl_a_z0": 53.65158900508174,
      "kl_a_z1": 52.45414182874892,
      "kl_z1z2": 14.435041674861202,
      "kl_z0z3": 14.448431085657191,
      "x0y0": 19.346103950783057,
      "x1y1": 19.37552367316352,
      "x0y3": 6345.079734519676,
      "x1y2": 6390.056441695602,
      "elbo": 3375.209038628472
    },
    "test": {
      "loss": 11410.117838541666,
      "tau": 5.0,
      "pdiff_z1z2": 0.026020200923085213,
      "pdiff_z0z3": 0.025944189478953678,
      "pdiff_z0z1": 0.03658764188488325,
      "pdiff_z0z2": 0.03546073039372762,
      "kl_z0": 101.70531209309895,
      "kl_z1": 101.88584899902344,
      "kl_a_z0": 44.54751205444336,
      "kl_a_z1": 43.8807741800944,
      "kl_z1z2": 14.354948043823242,
      "kl_z0z3": 14.33917268117269,
      "x0y0": 19.348674138387043,
      "x1y1": 19.44423993428548,
      "x0y3": 6279.064778645833,
      "x1y2": 6302.226888020833,
      "elbo": 3327.600830078125
    }
  },
  "sae": {
    "mse": {
      "vanilla": {
        "train": 0.00016806261873452403,
        "test": 0.00016837202597920478
      },
      "gaussian": {
        "train": 0.00018376872305384106,
        "test": 0.00018226634676781145
      }
    },
    "activation": {
      "train": 0.1097535490989685,
      "test": 0.1092388853430748
    },
    "ever_1": {
      "train": 282.0,
      "test": 282.0
    },
    "ever_0": {
      "train": 300.0,
      "test": 300.0
    },
    "effective": {
      "train": 282.0,
      "test": 282.0
    },
    "variance": {
      "gaussian": {
        "train": {
          "max": 0.25,
          "min": 0.0,
          "mean": 0.002035612938925624,
          "median": 0.0
        },
        "test": {
          "max": 0.25,
          "min": 0.0,
          "mean": 0.0020641947630792856,
          "median": 0.0
        }
      }
    }
  },
  "cycle_consistency": {
    "train": {
      "xs01": [
        0.0,
        0.0001680626170489279,
        0.00016805981833198263,
        0.00016805962369169033,
        0.00016805981833198263,
        0.00016805962369169033,
        0.00016805981833198263,
        0.00016805962369169033,
        0.00016805981833198263,
        0.00016805962369169033
      ],
      "xs12": [
        0.0001680626170489279,
        4.086910365685981e-09,
        7.680367453133385e-11,
        7.680367453133385e-11,
        7.680367453133385e-11,
        7.680367453133385e-11,
        7.680367453133385e-11,
        7.680367453133385e-11,
        7.680367453133385e-11,
        7.680367453133385e-11
      ],
      "xs13": [
        0.49012021313525694,
        1.4992901924415492e-05,
        5.142020427228999e-07,
        1.0981813236554672e-09,
        1.1600471694350745e-09,
        1.0832434949037406e-09,
        1.1600471694350745e-09,
        1.0832434949037406e-09,
        1.1600471694350745e-09,
        1.0832434949037406e-09
      ],
      "xs34": [
        0.49012065942030136,
        1.4423925676965155e-05,
        5.131582838657778e-07,
        9.174149634416651e-11,
        7.680367453133385e-11,
        7.680367453133385e-11,
        7.680367453133385e-11,
        7.680367453133385e-11,
        7.680367453133385e-11,
        7.680367453133385e-11
      ],
      "zs01": [
        0.0,
        2.3456790586351417e-05,
        2.3148148102336563e-05,
        2.3456790586351417e-05,
        2.3148148102336563e-05,
        2.3456790586351417e-05,
        2.3148148102336563e-05,
        2.3456790586351417e-05,
        2.3148148102336563e-05,
        2.3456790586351417e-05
      ],
      "zs12": [
        2.3456790586351417e-05,
        3.086419724240841e-07,
        3.086419724240841e-07,
        3.086419724240841e-07,
        3.086419724240841e-07,
        3.086419724240841e-07,
        3.086419724240841e-07,
        3.086419724240841e-07,
        3.086419724240841e-07,
        3.086419724240841e-07
      ],
      "zs13": [
        0.0064061726443469524,
        8.024690941965673e-06,
        2.623456794026424e-06,
        2.1604937501251698e-06,
        2.4691357793926727e-06,
        2.1604937501251698e-06,
        2.4691357793926727e-06,
        2.1604937501251698e-06,
        2.4691357793926727e-06,
        2.1604937501251698e-06
      ],
      "zs34": [
        0.006404012441635132,
        6.01851843384793e-06,
        4.6296295863612613e-07,
        3.086419724240841e-07,
        3.086419724240841e-07,
        3.086419724240841e-07,
        3.086419724240841e-07,
        3.086419724240841e-07,
        3.086419724240841e-07,
        3.086419724240841e-07
      ]
    },
    "test": {
      "xs01": [
        0.0,
        0.0001683720234202271,
        0.00016836562888057442,
        0.00016836562888057442,
        0.00016836562888057442,
        0.00016836562888057442,
        0.00016836562888057442,
        0.00016836562888057442,
        0.00016836562888057442,
        0.00016836562888057442
      ],
      "xs12": [
        0.0001683720234202271,
        3.080260491117315e-09,
        0.0,
        0.0,
        0.0,
        0.0,
        0.0,
        0.0,
        0.0,
        0.0
      ],
      "xs13": [
        0.49097347754101023,
        1.973128928511869e-05,
        8.836936182810007e-10,
        8.836936182810007e-10,
        8.836936182810007e-10,
        8.836936182810007e-10,
        8.836936182810007e-10,
        8.836936182810007e-10,
        8.836936182810007e-10,
        8.836936182810007e-10
      ],
      "xs34": [
        0.49097316964364296,
        1.97281133296201e-05,
        0.0,
        0.0,
        0.0,
        0.0,
        0.0,
        0.0,
        0.0,
        0.0
      ],
      "zs01": [
        0.0,
        1.9444443751126528e-05,
        1.9444443751126528e-05,
        1.9444443751126528e-05,
        1.9444443751126528e-05,
        1.9444443751126528e-05,
        1.9444443751126528e-05,
        1.9444443751126528e-05,
        1.9444443751126528e-05,
        1.9444443751126528e-05
      ],
      "zs12": [
        1.9444443751126528e-05,
        0.0,
        0.0,
        0.0,
        0.0,
        0.0,
        0.0,
        0.0,
        0.0,
        0.0
      ],
      "zs13": [
        0.006444444414228201,
        5.555555617320351e-06,
        5.555555617320351e-06,
        5.555555617320351e-06,
        5.555555617320351e-06,
        5.555555617320351e-06,
        5.555555617320351e-06,
        5.555555617320351e-06,
        5.555555617320351e-06,
        5.555555617320351e-06
      ],
      "zs34": [
        0.00643888907507062,
        0.0,
        0.0,
        0.0,
        0.0,
        0.0,
        0.0,
        0.0,
        0.0,
        0.0
      ]
    }
  },
  "z1z2": {
    "mae": {
      "vanilla": {
        "train": 0.016733642667531967,
        "test": 0.016422221437096596
      },
      "gaussian": {
        "train": 0.022300617769360542,
        "test": 0.021905556321144104
      }
    },
    "match_prob": {
      "vanilla": {
        "train": 0.0061578452587127686,
        "test": 0.006765997502952814
      },
      "gaussian": {
        "train": 0.0011312562273815274,
        "test": 0.0012192248832434416
      }
    },
    "allmatch_prob": {
      "vanilla": {
        "train": 0.0,
        "test": 0.0
      },
      "gaussian": {
        "train": 0.0,
        "test": 0.0
      }
    },
    "xor": {
      "train": 0.0,
      "test": 0.0
    },
    "compiled_action": {
      "train": 24.0,
      "test": 24.0
    }
  },
  "kl_a_z0": {
    "train": 53.65158900508174,
    "test": 44.54751205444336
  },
  "x0y3": {
    "mse": {
      "vanilla": {
        "train": 0.05507882022998488,
        "test": 0.05450577468740653
      },
      "gaussian": {
        "train": 0.5452100998273495,