{"loss": {"min": 4196.0283203125}, "tau": {"min": 0.5}, "pdiff_z1z2": {"min": 0.05657253786921501}, "pdiff_z0z3": {"min": 0.05541606619954109}, "pdiff_z0z1": {"min": 0.08882585167884827}, "pdiff_z0z2": {"min": 0.09336182475090027}, "kl_z0": {"min": 30.713048934936523}, "kl_z1": {"min": 30.84682846069336}, "kl_z1z2": {"min": 6.9429707527160645}, "kl_z0z3": {"min": 6.694380283355713}, "x0y0": {"min": 286.2517395019531}, "x1y1": {"min": 311.41058349609375}, "x0y3": {"min": 4660.24609375}, "x1y2": {"min": 5113.4248046875}, "elbo": {"min": 3098.509765625}, "epoch": 1099, "_timestamp": 1700308330.240031, "_runtime": 3323.7061529159546, "_step": 1099, "_wandb": {"runtime": 3326}}