{
  "parameters": {
    "test_noise": false,
    "test_hard": true,
    "train_noise": true,
    "train_hard": false,
    "dropout_z": false,
    "noise": 0.2,
    "dropout": 0.2,
    "optimizer": "radam",
    "min_temperature": 0.5,
    "epoch": 2000,
    "gs_annealing_start": 0,
    "gs_annealing_end": 1000,
    "kl_cycle_start": 2000,
    "clipnorm": 0.1,
    "batch_size": 400,
    "lr": 0.001,
    "N": 50,
    "zerosuppress": 0.1,
    "densify": false,
    "max_temperature": 5.0,
    "conv_channel": 32,
    "conv_channel_increment": 1,
    "conv_kernel": 5,
    "conv_pooling": 1,
    "conv_per_pooling": 1,
    "conv_depth": 3,
    "fc_width": 100,
    "fc_depth": 2,
    "A": 72,
    "aae_activation": "relu",
    "aae_width": 1000,
    "aae_depth": 2,
    "eff_regularizer": null,
    "beta_d": 1000,
    "beta_z": 10,
    "output": "GaussianOutput(sigma=0.1)",
    "mode": "learn",
    "disks": 3,
    "towers": 9,
    "num_examples": 5000,
    "aeclass": "CubeSpaceAE_AMA4Conv",
    "comment": "kltune2",
    "hash": "hanoi",
    "generator": "latplan.puzzles.hanoi",
    "mean": [
      [
        0.481334375,
        0.497434375,
        0.395234375
      ],
      [
        0.481334375,
        0.497434375,
        0.395234375
      ],
      [
        0.481334375,
        0.497434375,
        0.395234375
      ],
      [
        0.481334375,
        0.497434375,
        0.395234375
      ],
      [
        0.483034375,
        0.493534375,
        0.394734375
      ],
      [
        0.483034375,
        0.493534375,
        0.394734375
      ],
      [
        0.483034375,
        0.493534375,
        0.394734375
      ],
      [
        0.483034375,
        0.493534375,
        0.394734375
      ],
      [
        0.48293125,
        0.48443125,
        0.39583125
      ],
      [
        0.48293125,
        0.48443125,
        0.39583125
      ],
      [
        0.48293125,
        0.48443125,
        0.39583125
      ],
      [
        0.48293125,
        0.48443125,
        0.39583125
      ],
      [
        0.484496875,
        0.488896875,
        0.395596875
      ],
      [
        0.484496875,
        0.488896875,
        0.395596875
      ],
      [
        0.484496875,
        0.488896875,
        0.395596875
      ],
      [
        0.484496875,
        0.488896875,
        0.395596875
      ],
      [
        0.490509375,
        0.503909375,
        0.389609375
      ],
      [
        0.490509375,
        0.503909375,
        0.389609375
      ],
      [
        0.490509375,
        0.503909375,
        0.389609375
      ],
      [
        0.490509375,
        0.503909375,
        0.389609375
      ],
      [
        0.488140625,
        0.495140625,
        0.391140625
      ],
      [
        0.488140625,
        0.495140625,
        0.391140625
      ],
      [
        0.488140625,
        0.495140625,
        0.391140625
      ],
      [
        0.488140625,
        0.495140625,
        0.391140625
      ],
      [
        0.477734375,
        0.493834375,
        0.399034375
      ],
      [
        0.477734375,
        0.493834375,
        0.399034375
      ],
      [
        0.477734375,
        0.493834375,
        0.399034375
      ],
      [
        0.477734375,
        0.493834375,
        0.399034375
      ],
      [
        0.4872,
        0.4936,
        0.3947
      ],
      [
        0.4872,
        0.4936,
        0.3947
      ],
      [
        0.4872,
        0.4936,
        0.3947
      ],
      [
        0.4872,
        0.4936,
        0.3947
      ],
      [
        0.491921875,
        0.493221875,
        0.389921875
      ],
      [
        0.491921875,
        0.493221875,
        0.389921875
      ],
      [
        0.491921875,
        0.493221875,
        0.389921875
      ],
      [
        0.491921875,
        0.493221875,
        0.389921875
      ]
    ],
    "std": [
      [
        0.0,
        0.0,
        0.0
      ],
      [
        0.0,
        0.0,
        0.0
      ],
      [
        0.0,
        0.0,
        0.0
      ],
      [
        0.0,
        0.0,
        0.0
      ],
      [
        0.0,
        0.0,
        0.0
      ],
      [
        0.0,
        0.0,
        0.0
      ],
      [
        0.0,
        0.0,
        0.0
      ],
      [
        0.0,
        0.0,
        0.0
      ],
      [
        0.0,
        0.0,
        0.0
      ],
      [
        0.0,
        0.0,
        0.0
      ],
      [
        0.0,
        0.0,
        0.0
      ],
      [
        0.0,
        0.0,
        0.0
      ],
      [
        0.0,
        0.0,
        0.0
      ],
      [
        0.0,
        0.0,
        0.0
      ],
      [
        0.0,
        0.0,
        0.0
      ],
      [
        0.0,
        0.0,
        0.0
      ],
      [
        0.005937203117579059,
        0.005937203117579059,
        0.005937203117579059
      ],
      [
        0.005937203117579059,
        0.005937203117579059,
        0.005937203117579059
      ],
      [
        0.005937203117579059,
        0.005937203117579059,
        0.005937203117579059
      ],
      [
        0.005937203117579059,
        0.005937203117579059,
        0.005937203117579059
      ],
      [
        0.0,
        0.0,
        0.0
      ],
      [
        0.0,
        0.0,
        0.0
      ],
      [
        0.0,
        0.0,
        0.0
      ],
      [
        0.0,
        0.0,
        0.0
      ],
      [
        0.0,
        0.0,
        0.0
      ],
      [
        0.0,
        0.0,
        0.0
      ],
      [
        0.0,
        0.0,
        0.0
      ],
      [
        0.0,
        0.0,
        0.0
      ],
      [
        0.0,
        0.0,
        0.0
      ],
      [
        0.0,
        0.0,
        0.0
      ],
      [
        0.0,
        0.0,
        0.0
      ],
      [
        0.0,
        0.0,
        0.0
      ],
      [
        0.0,
        0.0,
        0.0
      ],
      [
        0.0,
        0.0,
        0.0
      ],
      [
        0.0,
        0.0,
        0.0
      ],
      [
        0.0,
        0.0,
        0.0
      ]
    ],
    "picsize": [
      3,
      36,
      3
    ],
    "beta_a_recons": 1,
    "load_sae_weights": false,
    "use_wandb": true,
    "gpu": "NVIDIA A100-SXM4-80GB MIG 3g.40gb",
    "time_start": "12-12T12:49:25.800"
  },
  "class": "ConvolutionalConcreteDetNormalizedLogitAddBidirectionalTransitionAEPlus",
  "input_shape": [
    [
      null,
      72
    ]
  ]
}