{"loss": 21891.548828125, "tau": 0.5, "pdiff_z1z2": 0.009830067865550518, "pdiff_z0z3": 0.01113444659858942, "pdiff_z0z1": 0.015788812190294266, "pdiff_z0z2": 0.020423080772161484, "kl_z0": 50.84119415283203, "kl_z1": 50.81740951538086, "kl_a_z0": 16.62322235107422, "kl_a_z1": 15.543320655822754, "kl_z1z2": 0.6707414984703064, "kl_z0z3": 0.542793333530426, "x0y0": 9219.87890625, "x1y1": 9040.22265625, "x0y3": 9287.6689453125, "x1y2": 9265.3662109375, "elbo": 18400.552734375, "epoch": 1199, "_timestamp": 1702628668.6444535, "_runtime": 400.85869550704956, "_step": 1199, "_wandb": {"runtime": 400}}