{
  "metrics": {
    "train": {
      "loss": 15778.58595920139,
      "tau": 5.0,
      "pdiff_z1z2": 0.017869268813067014,
      "pdiff_z0z3": 0.01646531596779823,
      "pdiff_z0z1": 0.13052912917402054,
      "pdiff_z0z2": 0.13263701034916772,
      "kl_z0": 57.326829020182295,
      "kl_z1": 57.09847412109375,
      "kl_a_z0": 110.08843998379177,
      "kl_a_z1": 151.6403049045139,
      "kl_z1z2": 1.4812576161490547,
      "kl_z0z3": 1.584854038556417,
      "x0y0": 2883.7775770399307,
      "x1y1": 2753.1095920138887,
      "x0y3": 6239.421006944444,
      "x1y2": 6491.181879340278,
      "elbo": 7599.159440104167
    },
    "test": {
      "loss": 49291.5703125,
      "tau": 5.0,
      "pdiff_z1z2": 0.036627382040023804,
      "pdiff_z0z3": 0.03584125638008118,
      "pdiff_z0z1": 0.15093423426151276,
      "pdiff_z0z2": 0.13451938331127167,
      "kl_z0": 57.902549743652344,
      "kl_z1": 58.09396743774414,
      "kl_a_z0": 71.08260345458984,
      "kl_a_z1": 97.1124038696289,
      "kl_z1z2": 7.1001667976379395,
      "kl_z0z3": 7.151887893676758,
      "x0y0": 5188.4130859375,
      "x1y1": 4631.23779296875,
      "x0y3": 11318.1845703125,
      "x1y2": 11212.275390625,
      "elbo": 13143.0107421875
    }
  },
  "sae": {
    "mse": {
      "vanilla": {
        "train": 0.024465657794431835,
        "test": 0.04262001485515555
      },
      "gaussian": {
        "train": 0.1469852643310905,
        "test": 0.15946811825998675
      }
    },
    "activation": {
      "train": 0.4836893379688263,
      "test": 0.49175509810447693
    },
    "ever_1": {
      "train": 49.0,
      "test": 49.0
    },
    "ever_0": {
      "train": 49.0,
      "test": 49.0
    },
    "effective": {
      "train": 49.0,
      "test": 49.0
    },
    "variance": {
      "gaussian": {
        "train": {
          "max": 0.25,
          "min": 0.0,
          "mean": 0.01701659895479679,
          "median": 0.0
        },
        "test": {
          "max": 0.25,
          "min": 0.0,
          "mean": 0.01757265254855156,
          "median": 0.0
        }
      }
    }
  },
  "cycle_consistency": {
    "train": {
      "xs01": [
        0.0,
        0.024465657969785653,
        0.025786668653895093,
        0.02595085869654416,
        0.02595622439792765,
        0.025965718978998784,
        0.025956224398327413,
        0.025965718978615358,
        0.025956224398018896,
        0.025965718978904366
      ],
      "xs12": [
        0.024465657969785653,
        0.0009844501037150621,
        0.00012621982023119926,
        1.8162350897910073e-05,
        9.958721420844086e-06,
        9.958721420844086e-06,
        9.958721420844086e-06,
        9.958721420844086e-06,
        9.958721420844086e-06,
        9.958721420844086e-06
      ],
      "xs13": [
        0.5160951605994679,
        0.12068482488393784,
        0.1367374211549759,
        0.1410692036151886,
        0.14199155569076538,
        0.1420733481645584,
        0.1420898586511612,
        0.1421038955450058,
        0.14209996163845062,
        0.14210112392902374
      ],
      "xs34": [
        0.6350595283394985,
        0.05193992331624031,
        0.00653039151802659,
        0.0012785415165126324,
        0.00024240159837063402,
        7.898055628174916e-05,
        7.218746759463102e-05,
        6.0806298279203475e-05,
        5.91119060118217e-05,
        5.879130185348913e-05
      ],
      "zs01": [
        0.0,
        0.0009773242054507136,
        0.0010589569574221969,
        0.0010816326830536127,
        0.001063492032699287,
        0.0010816326830536127,
        0.001063492032699287,
        0.0010816326830536127,
        0.001063492032699287,
        0.0010816326830536127
      ],
      "zs12": [
        0.0009773242054507136,
        0.000131519278511405,
        3.1746032618684694e-05,
        2.2675736545352265e-05,
        2.2675736545352265e-05,
        2.2675736545352265e-05,
        2.2675736545352265e-05,
        2.2675736545352265e-05,
        2.2675736545352265e-05,
        2.2675736545352265e-05
      ],
      "zs13": [
        0.04167120158672333,
        0.04556916281580925,
        0.04729931801557541,
        0.047857142984867096,
        0.04788435250520706,
        0.047911565750837326,
        0.04789569228887558,
        0.047911565750837326,
        0.04789796099066734,
        0.04791383072733879
      ],
      "zs34": [
        0.03868253901600838,
        0.005748299416154623,
        0.0011655328562483191,
        0.0002857142826542258,
        0.00010884353832807392,
        0.0001020408162730746,
        9.750566823640838e-05,
        9.523809421807528e-05,
        9.297052019974217e-05,
        9.297052019974217e-05
      ]
    },
    "test": {
      "xs01": [
        0.0,
        0.04262001493915096,
        0.047233137047595485,
        0.04756419168334695,
        0.04761582757415767,
        0.04761582757415767,
        0.04761582757415767,
        0.04761582757415767,
        0.04761582757415767,
        0.04761582757415767
      ],
      "xs12": [
        0.04262001493915096,
        0.0035191697534173727,
        0.00035447723348625004,
        4.0199181967182085e-05,
        0.0,
        0.0,
        0.0,
        0.0,
        0.0,
        0.0
      ],
      "xs13": [
        0.5376013218504196,
        0.13145792484283447,
        0.14538884162902832,
        0.14944203197956085,
        0.15090934932231903,
        0.15121832489967346,
        0.15127195417881012,
        0.15125663578510284,
        0.15129463374614716,
        0.15125663578510284
      ],
      "xs34": [
        0.6514505620056753,
        0.05436757579445839,
        0.006202496588230133,
        0.0015306572895497084,
        0.00044253419036976993,
        0.0002455742214806378,
        0.0001247263717232272,
        4.722365702036768e-05,
        4.722365702036768e-05,
        4.722365702036768e-05
      ],
      "zs01": [
        0.0,
        0.0033061224967241287,
        0.0035510205198079348,
        0.0035510205198079348,
        0.0035510205198079348,
        0.0035510205198079348,
        0.0035510205198079348,
        0.0035510205198079348,
        0.0035510205198079348,
        0.0035510205198079348
      ],
      "zs12": [
        0.0033061224967241287,
        0.0004081632650922984,
        8.163265010807663e-05,
        0.0,
        0.0,
        0.0,
        0.0,
        0.0,
        0.0,
        0.0
      ],
      "zs13": [
        0.044857144355773926,
        0.04697959125041962,
        0.04881632700562477,
        0.049102041870355606,
        0.0491836741566658,
        0.049265306442976,
        0.04930612072348595,
        0.04930612072348595,
        0.04930612072348595,
        0.04930612072348595
      ],
      "zs34": [
        0.040081631392240524,
        0.005918367300182581,
        0.001183673506602645,
        0.0002448979648761451,
        0.0002448979648761451,
        0.00012244898243807256,
        8.163265010807663e-05,
        8.163265010807663e-05,
        8.163265010807663e-05,
        8.163265010807663e-05
      ]
    }
  },
  "z1z2": {
    "mae": {
      "vanilla": {
        "train": 0.01109297014772892,
        "test": 0.030530612915754318
      },
      "gaussian": {
        "train": 0.058349207043647766,
        "test": 0.06677550822496414
      }
    },
    "match_prob": {
      "vanilla": {
        "train": 0.5780089497566223,
        "test": 0.2147361785173416
      },
      "gaussian": {
        "train": 0.043668605387210846,
        "test": 0.03186064213514328
      }
    },
    "allmatch_prob": {
      "vanilla": {
        "train": 0.5386666655540466,
        "test": 0.21199999749660492
      },
      "gaussian": {
        "train": 0.04511111229658127,
        "test": 0.04399999976158142
      }
    },
    "xor": {
      "train": 0.0,
      "test": 0.0
    },
    "compiled_action": {
      "train": 24.0,
      "test": 24.0
    }
  },
  "kl_a_z0": {
    "train": 110.08843998379177,
    "test": 71.08260345458984
  },