{"loss": 25866.578125, "tau": 0.5, "pdiff_z1z2": 0.010079620406031609, "pdiff_z0z3": 0.009766122326254845, "pdiff_z0z1": 0.15069647133350372, "pdiff_z0z2": 0.15053072571754456, "kl_z0": 278.47528076171875, "kl_z1": 277.6553039550781, "kl_a_z0": 60.7528076171875, "kl_a_z1": 63.03559875488281, "kl_z1z2": 4.488097190856934, "kl_z0z3": 4.58780574798584, "x0y0": 50.63195037841797, "x1y1": 51.380706787109375, "x0y3": 51.07896041870117, "x1y2": 52.02764129638672, "elbo": 444.5146179199219, "epoch": 1199, "_timestamp": 1701686602.8949378, "_runtime": 3072.199367761612, "_step": 1199, "_wandb": {"runtime": 3071}}