{"loss": 5240.923828125, "tau": 0.5023078918457031, "pdiff_z1z2": 0.02669082023203373, "pdiff_z0z3": 0.026643123477697372, "pdiff_z0z1": 0.04596054181456566, "pdiff_z0z2": 0.02528408356010914, "kl_z0": 97.91201782226562, "kl_z1": 97.66345977783203, "kl_a_z0": 30.5500431060791, "kl_a_z1": 30.99289894104004, "kl_z1z2": 42.96056365966797, "kl_z0z3": 42.81707763671875, "x0y0": 158.05096435546875, "x1y1": 136.95550537109375, "x0y3": 3457.394287109375, "x1y2": 4008.92529296875, "elbo": 2237.838134765625, "epoch": 999, "_timestamp": 1700673231.1545322, "_runtime": 2495.0179142951965, "_step": 999, "_wandb": {"runtime": 2494}}