{"loss": 35375.2265625, "tau": 0.5, "pdiff_z1z2": 0.0071942866779863834, "pdiff_z0z3": 0.007507756352424622, "pdiff_z0z1": 0.005066600162535906, "pdiff_z0z2": 0.009926552884280682, "kl_z0": 210.98458862304688, "kl_z1": 210.85955810546875, "kl_a_z0": 50.14830017089844, "kl_a_z1": 63.16128158569336, "kl_z1z2": 0.728272557258606, "kl_z0z3": 0.5593072175979614, "x0y0": 15028.8212890625, "x1y1": 18267.998046875, "x0y3": 12847.80859375, "x1y2": 14816.5439453125, "elbo": 32156.6015625, "epoch": 1199, "_timestamp": 1702630728.7734008, "_runtime": 400.72405982017517, "_step": 1199, "_wandb": {"runtime": 399}}