{"loss": 46021.30859375, "tau": 0.5, "pdiff_z1z2": 0.03582385927438736, "pdiff_z0z3": 0.03544819727540016, "pdiff_z0z1": 0.14323942363262177, "pdiff_z0z2": 0.12881699204444885, "kl_z0": 56.6027717590332, "kl_z1": 57.0716667175293, "kl_a_z0": 68.62942504882812, "kl_a_z1": 94.85265350341797, "kl_z1z2": 6.52386474609375, "kl_z0z3": 6.555312633514404, "x0y0": 4831.74755859375, "x1y1": 4557.7548828125, "x0y3": 11237.923828125, "x1y2": 11286.548828125, "elbo": 12815.09375, "epoch": 1999, "_timestamp": 1701305011.5716627, "_runtime": 4655.940186738968, "_step": 1999, "_wandb": {"runtime": 4652}}