{"loss": {"min": 27525.009765625}, "tau": {"min": 0.5}, "pdiff_z1z2": {"min": 0.007418568711727858}, "pdiff_z0z3": {"min": 0.0075213974341750145}, "pdiff_z0z1": {"min": 0.10063650459051132}, "pdiff_z0z2": {"min": 0.10057410597801208}, "kl_z0": {"min": 195.8808135986328}, "kl_z1": {"min": 195.00677490234375}, "kl_z1z2": {"min": 3.0040974617004395}, "kl_z0z3": {"min": 3.014943838119507}, "x0y0": {"min": 1903.336669921875}, "x1y1": {"min": 1708.9642333984375}, "x0y3": {"min": 7182.2607421875}, "x1y2": {"min": 7296.29248046875}, "elbo": {"min": 6693.62744140625}, "epoch": 1099, "_timestamp": 1700398058.2607348, "_runtime": 3513.933610677719, "_step": 1099, "_wandb": {"runtime": 3516}}