{"loss": {"min": 2130948.25}, "tau": {"min": 0.6323681473731995}, "mean_of_cosine_distances": 0.0, "norm_mean_of_cosine_distances": 0.0, "pdiff_z1z2": {"min": 0.1918525993824005}, "pdiff_z0z3": {"min": 0.1906324326992035}, "pdiff_z0z1": {"min": 0.1235961988568306}, "pdiff_z0z2": {"min": 0.12205816805362701}, "kl_z0": {"min": 201.54103088378906}, "kl_z1": {"min": 201.6804962158203}, "kl_a_z0": {"min": 259.5313720703125}, "kl_a_z1": {"min": 272.0765380859375}, "kl_z1z2": {"min": 129.0234832763672}, "kl_z0z3": {"min": 129.85226440429688}, "x0y0": {"min": 8600.9755859375}, "x1y1": {"min": 8036.62451171875}, "x0y3": {"min": 377.4924621582031}, "x1y2": {"min": 399.29296875}, "elbo": {"min": 14063.9150390625}, "epoch": 899, "_timestamp": 1700212016.7764359, "_runtime": 2928.4012138843536, "_step": 899, "_wandb": {"runtime": 2932}}