{"loss": 4209.58984375, "tau": 0.5, "pdiff_z1z2": 0.05827883258461952, "pdiff_z0z3": 0.05849567428231239, "pdiff_z0z1": 0.09675759077072144, "pdiff_z0z2": 0.1066451296210289, "kl_z0": 51.87411880493164, "kl_z1": 51.417049407958984, "kl_a_z0": 72.1442642211914, "kl_a_z1": 85.51370239257812, "kl_z1z2": 13.294807434082031, "kl_z0z3": 13.215106964111328, "x0y0": 377.8693542480469, "x1y1": 337.81878662109375, "x0y3": 4654.8603515625, "x1y2": 5004.30517578125, "elbo": 3088.659423828125, "epoch": 1199, "_timestamp": 1701288404.5674794, "_runtime": 2782.620182275772, "_step": 1199, "_wandb": {"runtime": 2781}}