{"loss": 35383.40234375, "tau": 0.5, "pdiff_z1z2": 0.10083071887493134, "pdiff_z0z3": 0.09934735298156738, "pdiff_z0z1": 0.0812370553612709, "pdiff_z0z2": 0.1086878627538681, "kl_z0": 24.632156372070312, "kl_z1": 24.45033073425293, "kl_a_z0": 35.706024169921875, "kl_a_z1": 39.7259521484375, "kl_z1z2": 36.43928146362305, "kl_z0z3": 37.18589782714844, "x0y0": 4641.6650390625, "x1y1": 4972.7255859375, "x0y3": 7060.62939453125, "x1y2": 7240.35693359375, "elbo": 10866.703125, "epoch": 1199, "_timestamp": 1701274048.9023023, "_runtime": 2784.0073761940002, "_step": 1199, "_wandb": {"runtime": 2783}}