{
  "parameters": {
    "test_noise": false,
    "test_hard": true,
    "train_noise": true,
    "train_hard": false,
    "dropout_z": false,
    "noise": 0.2,
    "dropout": 0.2,
    "optimizer": "radam",
    "min_temperature": 0.5,
    "epoch": 2000,
    "gs_annealing_start": 0,
    "gs_annealing_end": 1000,
    "kl_cycle_start": 2000,
    "clipnorm": 0.1,
    "batch_size": 400,
    "lr": 0.001,
    "N": 50,
    "zerosuppress": 0.1,
    "densify": false,
    "max_temperature": 5.0,
    "conv_channel": 32,
    "conv_channel_increment": 1,
    "conv_kernel": 5,
    "conv_pooling": 1,
    "conv_per_pooling": 1,
    "conv_depth": 3,
    "fc_width": 100,
    "fc_depth": 2,
    "A": 864,
    "aae_activation": "relu",
    "aae_width": 1000,
    "aae_depth": 2,
    "eff_regularizer": null,
    "beta_d": 1000,
    "beta_z": 10,
    "output": "GaussianOutput(sigma=0.1)",
    "mode": "learn",
    "disks": 3,
    "towers": 9,
    "num_examples": 5000,
    "aeclass": "CubeSpaceAE_AMA4Conv",
    "comment": "kltune2",
    "hash": "hanoi",
    "generator": "latplan.puzzles.hanoi",
    "mean": [
      [
        [
          0.40331,
          0.40331,
          0.40331
        ],
        [
          0.40331,
          0.40331,
          0.40331
        ],
        [
          0.40331,
          0.40331,
          0.40331
        ],
        [
          0.40331,
          0.40331,
          0.40331
        ],
        [
          0.40325,
          0.40325,
          0.40325
        ],
        [
          0.40325,
          0.40325,
          0.40325
        ],
        [
          0.40325,
          0.40325,
          0.40325
        ],
        [
          0.40325,
          0.40325,
          0.40325
        ],
        [
          0.40319,
          0.40319,
          0.40319
        ],
        [
          0.40319,
          0.40319,
          0.40319
        ],
        [
          0.40319,
          0.40319,
          0.40319
        ],
        [
          0.40319,
          0.40319,
          0.40319
        ],
        [
          0.40319,
          0.40319,
          0.40319
        ],
        [
          0.40319,
          0.40319,
          0.40319
        ],
        [
          0.40319,
          0.40319,
          0.40319
        ],
        [
          0.40319,
          0.40319,
          0.40319
        ],
        [
          0.40325,
          0.40325,
          0.40325
        ],
        [
          0.40325,
          0.40325,
          0.40325
        ],
        [
          0.40325,
          0.40325,
          0.40325
        ],
        [
          0.40325,
          0.40325,
          0.40325
        ],
        [
          0.40319,
          0.40319,
          0.40319
        ],
        [
          0.40319,
          0.40319,
          0.40319
        ],
        [
          0.40319,
          0.40319,
          0.40319
        ],
        [
          0.40319,
          0.40319,
          0.40319
        ],
        [
          0.40308,
          0.40308,
          0.40308
        ],
        [
          0.40308,
          0.40308,
          0.40308
        ],
        [
          0.40308,
          0.40308,
          0.40308
        ],
        [
          0.40308,
          0.40308,
          0.40308
        ],
        [
          0.40314,
          0.40314,
          0.40314
        ],
        [
          0.40314,
          0.40314,
          0.40314
        ],
        [
          0.40314,
          0.40314,
          0.40314
        ],
        [
          0.40314,
          0.40314,
          0.40314
        ],
        [
          0.40319,
          0.40319,
          0.40319
        ],
        [
          0.40319,
          0.40319,
          0.40319
        ],
        [
          0.40319,
          0.40319,
          0.40319
        ],
        [
          0.40319,
          0.40319,
          0.40319
        ]
      ],
      [
        [
          0.42201,
          0.40991,
          0.40991
        ],
        [
          0.42201,
          0.40991,
          0.40991
        ],
        [
          0.42201,
          0.40991,
          0.40991
        ],
        [
          0.42201,
          0.40991,
          0.40991
        ],
        [
          0.42183,
          0.40863,
          0.40863
        ],
        [
          0.42183,
          0.40863,
          0.40863
        ],
        [
          0.42183,
          0.40863,
          0.40863
        ],
        [
          0.42183,
          0.40863,
          0.40863
        ],
        [
          0.42028,
          0.40958,
          0.40958
        ],
        [
          0.42028,
          0.40958,
          0.40958
        ],
        [
          0.42028,
          0.40958,
          0.40958
        ],
        [
          0.42028,
          0.40958,
          0.40958
        ],
        [
          0.42183,
          0.40913,
          0.40913
        ],
        [
          0.42183,
          0.40913,
          0.40913
        ],
        [
          0.42183,
          0.40913,
          0.40913
        ],
        [
          0.42183,
          0.40913,
          0.40913
        ],
        [
          0.42118,
          0.41078,
          0.41078
        ],
        [
          0.42118,
          0.41078,
          0.41078
        ],
        [
          0.42118,
          0.41078,
          0.41078
        ],
        [
          0.42118,
          0.41078,
          0.41078
        ],
        [
          0.42052,
          0.41142,
          0.41142
        ],
        [
          0.42052,
          0.41142,
          0.41142
        ],
        [
          0.42052,
          0.41142,
          0.41142
        ],
        [
          0.42052,
          0.41142,
          0.41142
        ],
        [
          0.42273,
          0.40993,
          0.40993
        ],
        [
          0.42273,
          0.40993,
          0.40993
        ],
        [
          0.42273,
          0.40993,
          0.40993
        ],
        [
          0.42273,
          0.40993,
          0.40993
        ],
        [
          0.4204,
          0.4102,
          0.4102
        ],
        [
          0.4204,
          0.4102,
          0.4102
        ],
        [
          0.4204,
          0.4102,
          0.4102
        ],
        [
          0.4204,
          0.4102,
          0.4102
        ],
        [
          0.4198,
          0.4095,
          0.4095
        ],
        [
          0.4198,
          0.4095,
          0.4095
        ],
        [
          0.4198,
          0.4095,
          0.4095
        ],
        [
          0.4198,
          0.4095,
          0.4095
        ]
      ],
      [
        [
          0.47073,
          0.47833,
          0.36903
        ],
        [
          0.47073,
          0.47833,
          0.36903
        ],
        [
          0.47073,
          0.47833,
          0.36903
        ],
        [
          0.47073,
          0.47833,
          0.36903
        ],
        [
          0.47456,
          0.47836,
          0.37176
        ],
        [
          0.47456,
          0.47836,
          0.37176
        ],
        [
          0.47456,
          0.47836,
          0.37176
        ],
        [
          0.47456,
          0.47836,
          0.37176
        ],
        [
          0.46431,
          0.48391,
          0.37011
        ],
        [
          0.46431,
          0.48391,
          0.37011
        ],
        [
          0.46431,
          0.48391,
          0.37011
        ],
        [
          0.46431,
          0.48391,
          0.37011
        ],
        [
          0.47415,
          0.48865,
          0.37925
        ],
        [
          0.47415,
          0.48865,
          0.37925
        ],
        [
          0.47415,
          0.48865,
          0.37925
        ],
        [
          0.47415,
          0.48865,
          0.37925
        ],
        [
          0.47248,
          0.48598,
          0.37348
        ],
        [
          0.47248,
