{"loss": 1252704.75, "tau": 3.5153615474700928, "pdiff_z1z2": 0.28607743978500366, "pdiff_z0z3": 0.28202489018440247, "pdiff_z0z1": 0.1116395965218544, "pdiff_z0z2": 0.2561470568180084, "kl_z0": 39.060630798339844, "kl_z1": 39.64549255371094, "kl_a_z0": 104.15038299560547, "kl_a_z1": 104.16571044921875, "kl_z1z2": 81.59783172607422, "kl_z0z3": 86.59226989746094, "x0y0": 601190.5, "x1y1": 609872.9375, "x0y3": 710190.4375, "x1y2": 665278.875, "elbo": 1252350.5, "epoch": 154, "_timestamp": 1702315155.768423, "_runtime": 363.61462116241455, "_step": 154}