{"loss": {"min": 33291828.0}, "tau": {"min": 0.6323681473731995}, "mean_of_cosine_distances": 0.48399999737739563, "norm_mean_of_cosine_distances": 3051018.25, "pdiff_z1z2": {"min": 0.14888496696949005}, "pdiff_z0z3": {"min": 0.15021474659442902}, "pdiff_z0z1": {"min": 0.13077473640441895}, "pdiff_z0z2": {"min": 0.05865134298801422}, "kl_z0": {"min": 32.418033599853516}, "kl_z1": {"min": 32.25762939453125}, "kl_a_z0": {"min": 198.64356994628906}, "kl_a_z1": {"min": 188.78143310546875}, "kl_z1z2": {"min": 35.03445816040039}, "kl_z0z3": {"min": 34.30841827392578}, "x0y0": {"min": 18104.005859375}, "x1y1": {"min": 17313.9609375}, "x0y3": {"min": 5321.57177734375}, "x1y2": {"min": 6557.50439453125}, "elbo": {"min": 30758.29296875}, "epoch": 899, "_timestamp": 1700160540.5152962, "_runtime": 2783.2720341682434, "_step": 899, "_wandb": {"runtime": 2787}}