{"loss": 9193373.0, "tau": 3.6221797466278076, "pdiff_z1z2": 0.17469292879104614, "pdiff_z0z3": 0.17496083676815033, "pdiff_z0z1": 0.1342264860868454, "pdiff_z0z2": 0.15428195893764496, "kl_z0": 310.62933349609375, "kl_z1": 308.9952087402344, "kl_a_z0": 75.64776611328125, "kl_a_z1": 68.26145935058594, "kl_z1z2": 67.51777648925781, "kl_z0z3": 67.59056854248047, "x0y0": 194416.671875, "x1y1": 195047.75, "x0y3": 176744.09375, "x1y2": 177829.03125, "elbo": 381157.125, "epoch": 141, "_timestamp": 1701786971.2906141, "_runtime": 376.76390409469604, "_step": 141}