{"loss": {"min": 558430.5625}, "tau": {"min": 0.5}, "pdiff_z1z2": {"min": 0.11022698134183884}, "pdiff_z0z3": {"min": 0.10615071654319763}, "pdiff_z0z1": {"min": 0.08484020084142685}, "pdiff_z0z2": {"min": 0.07547270506620407}, "kl_z0": {"min": 68.31366729736328}, "kl_z1": {"min": 68.56781005859375}, "kl_z1z2": {"min": 37.65762710571289}, "kl_z0z3": {"min": 37.795867919921875}, "x0y0": {"min": 8071.9443359375}, "x1y1": {"min": 7692.7412109375}, "x0y3": {"min": 956.5726318359375}, "x1y2": {"min": 1033.8995361328125}, "elbo": {"min": 12514.810546875}, "epoch": 1099, "_timestamp": 1700373859.715873, "_runtime": 3390.9008569717407, "_step": 1099, "_wandb": {"runtime": 3393}}