{"loss": {"min": 6312796.5}, "tau": {"min": 0.5}, "pdiff_z1z2": {"min": 0.11513613164424896}, "pdiff_z0z3": {"min": 0.11592837423086166}, "pdiff_z0z1": {"min": 0.08024368435144424}, "pdiff_z0z2": {"min": 0.0696897879242897}, "kl_z0": {"min": 68.73345184326172}, "kl_z1": {"min": 68.7599868774414}, "kl_z1z2": {"min": 37.45975112915039}, "kl_z0z3": {"min": 37.6895751953125}, "x0y0": {"min": 9796.212890625}, "x1y1": {"min": 9580.2666015625}, "x0y3": {"min": 1177.2677001953125}, "x1y2": {"min": 1123.35595703125}, "elbo": {"min": 15385.267578125}, "epoch": 1099, "_timestamp": 1700387407.512221, "_runtime": 3368.575300216675, "_step": 1099, "_wandb": {"runtime": 3371}}