{"loss": 22354.8125, "tau": 0.5, "pdiff_z1z2": 0.02336154133081436, "pdiff_z0z3": 0.02267109416425228, "pdiff_z0z1": 0.09537634253501892, "pdiff_z0z2": 0.08173435181379318, "kl_z0": 144.2274627685547, "kl_z1": 142.20516967773438, "kl_a_z0": 40.14369583129883, "kl_a_z1": 41.88927459716797, "kl_z1z2": 35.71402359008789, "kl_z0z3": 36.101566314697266, "x0y0": 394.40924072265625, "x1y1": 338.2486267089844, "x0y3": 4682.2177734375, "x1y2": 4830.7548828125, "elbo": 3129.923583984375, "epoch": 1199, "_timestamp": 1701808314.047256, "_runtime": 2485.044550895691, "_step": 1199, "_wandb": {"runtime": 2484}}