{"loss": 20338.142578125, "tau": 0.5, "pdiff_z1z2": 0.0235101580619812, "pdiff_z0z3": 0.022910721600055695, "pdiff_z0z1": 0.10837484896183014, "pdiff_z0z2": 0.09603924304246902, "kl_z0": 129.50233459472656, "kl_z1": 127.5558853149414, "kl_a_z0": 37.5248908996582, "kl_a_z1": 39.841896057128906, "kl_z1z2": 31.951274871826172, "kl_z0z3": 32.86630630493164, "x0y0": 246.86843872070312, "x1y1": 237.297119140625, "x0y3": 4543.13916015625, "x1y2": 5243.4501953125, "elbo": 2993.1884765625, "epoch": 1199, "_timestamp": 1701802833.8061032, "_runtime": 2987.519394159317, "_step": 1199, "_wandb": {"runtime": 2986}}