{"loss": {"min": 380120.125}, "tau": {"min": 0.5}, "pdiff_z1z2": {"min": 0.16780994832515717}, "pdiff_z0z3": {"min": 0.16909795999526978}, "pdiff_z0z1": {"min": 0.11377792805433273}, "pdiff_z0z2": {"min": 0.09907440096139908}, "kl_z0": {"min": 204.23553466796875}, "kl_z1": {"min": 203.9468536376953}, "kl_z1z2": {"min": 121.74427032470703}, "kl_z0z3": {"min": 122.3488540649414}, "x0y0": {"min": 7305.38623046875}, "x1y1": {"min": 7074.48291015625}, "x0y3": {"min": 702.0341796875}, "x1y2": {"min": 678.4334716796875}, "elbo": {"min": 11656.2177734375}, "epoch": 1099, "_timestamp": 1700412249.49187, "_runtime": 3479.393790960312, "_step": 1099, "_wandb": {"runtime": 3481}}