{"loss": 18193.15234375, "tau": 0.5, "pdiff_z1z2": 0.021186362951993942, "pdiff_z0z3": 0.020983435213565826, "pdiff_z0z1": 0.10332746803760529, "pdiff_z0z2": 0.09247683733701706, "kl_z0": 118.55561828613281, "kl_z1": 116.93415832519531, "kl_a_z0": 38.09196853637695, "kl_a_z1": 33.490699768066406, "kl_z1z2": 28.336301803588867, "kl_z0z3": 28.425813674926758, "x0y0": 291.1657409667969, "x1y1": 266.55865478515625, "x0y3": 4487.60595703125, "x1y2": 4996.755859375, "elbo": 2957.110595703125, "epoch": 1199, "_timestamp": 1701819777.217134, "_runtime": 2995.2047939300537, "_step": 1199, "_wandb": {"runtime": 2994}}