{"loss": {"min": 1840324.625}, "tau": {"min": 0.5}, "pdiff_z1z2": {"min": 0.1021028459072113}, "pdiff_z0z3": {"min": 0.10709400475025177}, "pdiff_z0z1": {"min": 0.07590261846780777}, "pdiff_z0z2": {"min": 0.06540286540985107}, "kl_z0": {"min": 31.777019500732422}, "kl_z1": {"min": 31.97109603881836}, "kl_z1z2": {"min": 18.110136032104492}, "kl_z0z3": {"min": 18.121166229248047}, "x0y0": {"min": 10863.279296875}, "x1y1": {"min": 10750.30859375}, "x0y3": {"min": 3796.77392578125}, "x1y2": {"min": 3325.9716796875}, "elbo": {"min": 18142.65234375}, "epoch": 1099, "_timestamp": 1700333410.631976, "_runtime": 3404.580046892166, "_step": 1099, "_wandb": {"runtime": 3406}}