{"loss": 3870220.6666666665, "tau": 2.4488940238952637, "pdiff_z1z2": 0.03607372318704923, "pdiff_z0z3": 0.03480379904309908, "pdiff_z0z1": 0.03692509730656942, "pdiff_z0z2": 0.044542934745550156, "kl_z0": 102.17885843912761, "kl_z1": 102.09851582845052, "kl_a_z0": 44.47150484720866, "kl_a_z1": 43.23165702819824, "kl_z1z2": 49.597469329833984, "kl_z0z3": 51.71376164754232, "x0y0": 19.34107780456543, "x1y1": 19.393073399861652, "x0y3": 7460.70654296875, "x1y2": 7914.4892578125, "elbo": 4044.1673990885415, "epoch": 311, "_timestamp": 1702510089.2567043, "_runtime": 943.9268753528595, "_step": 311}