{"loss": 150384.078125, "tau": 0.5, "pdiff_z1z2": 0.21569451689720154, "pdiff_z0z3": 0.21634255349636078, "pdiff_z0z1": 0.021397830918431282, "pdiff_z0z2": 0.2230372428894043, "kl_z0": 1.6822565793991089, "kl_z1": 1.699689507484436, "kl_a_z0": 9.136557579040527, "kl_a_z1": 9.136557579040527, "kl_z1z2": 35.09055709838867, "kl_z0z3": 35.30249786376953, "x0y0": 71249.359375, "x1y1": 71218.6875, "x0y3": 53267.09765625, "x1y2": 53119.21875, "elbo": 133476.046875, "epoch": 1199, "_timestamp": 1701276853.3948405, "_runtime": 2783.27965259552, "_step": 1199, "_wandb": {"runtime": 2782}}