{"loss": {"min": 222372.765625}, "tau": {"min": 0.5}, "pdiff_z1z2": {"min": 0.0919247567653656}, "pdiff_z0z3": {"min": 0.09198462963104248}, "pdiff_z0z1": {"min": 0.07991208881139755}, "pdiff_z0z2": {"min": 0.06783606857061386}, "kl_z0": {"min": 34.18266296386719}, "kl_z1": {"min": 34.46480941772461}, "kl_z1z2": {"min": 17.338178634643555}, "kl_z0z3": {"min": 17.265100479125977}, "x0y0": {"min": 8326.9912109375}, "x1y1": {"min": 8554.544921875}, "x0y3": {"min": 3803.02099609375}, "x1y2": {"min": 3692.651611328125}, "elbo": {"min": 14874.2470703125}, "epoch": 1099, "_timestamp": 1700323274.1884515, "_runtime": 3324.698244571686, "_step": 1099, "_wandb": {"runtime": 3327}}