{"loss": 2043.64892578125, "tau": 0.5, "pdiff_z1z2": 0.20161081850528717, "pdiff_z0z3": 0.18849003314971924, "pdiff_z0z1": 0.07001886516809464, "pdiff_z0z2": 0.19660934805870056, "kl_z0": 20.63298797607422, "kl_z1": 19.700498580932617, "kl_a_z0": 502.4283142089844, "kl_a_z1": 502.351806640625, "kl_z1z2": 84.1505126953125, "kl_z0z3": 96.14329528808594, "x0y0": 398.3324890136719, "x1y1": 326.5515441894531, "x0y3": 1610.319580078125, "x1y2": 1393.099853515625, "elbo": 1862.1480712890625, "epoch": 1199, "_timestamp": 1702340916.9356976, "_runtime": 2594.3340356349945, "_step": 1199, "_wandb": {"runtime": 2593}}