{"loss": 51476.12890625, "tau": 0.5, "pdiff_z1z2": 0.01767188496887684, "pdiff_z0z3": 0.01741061359643936, "pdiff_z0z1": 0.15083131194114685, "pdiff_z0z2": 0.1482464224100113, "kl_z0": 233.4837188720703, "kl_z1": 232.71653747558594, "kl_a_z0": 115.07577514648438, "kl_a_z1": 134.0010986328125, "kl_z1z2": 8.82933235168457, "kl_z0z3": 8.945391654968262, "x0y0": 517.1401977539062, "x1y1": 581.3563232421875, "x0y3": 7462.49951171875, "x1y2": 7577.150390625, "elbo": 4945.8671875, "epoch": 1199, "_timestamp": 1701131414.0001662, "_runtime": 2932.231441259384, "_step": 1199, "_wandb": {"runtime": 2931}}