{"loss": 10674.296875, "tau": 0.5023078918457031, "pdiff_z1z2": 0.02451835758984089, "pdiff_z0z3": 0.02330068126320839, "pdiff_z0z1": 0.18423649668693542, "pdiff_z0z2": 0.18218152225017548, "kl_z0": 331.86474609375, "kl_z1": 331.8271179199219, "kl_a_z0": 68.44992065429688, "kl_a_z1": 75.4432373046875, "kl_z1z2": 17.1832218170166, "kl_z0z3": 18.003908157348633, "x0y0": 343.55975341796875, "x1y1": 346.1388854980469, "x0y3": 1822.15234375, "x1y2": 2003.637939453125, "elbo": 1886.3109130859375, "epoch": 999, "_timestamp": 1700675744.4135647, "_runtime": 2491.246597766876, "_step": 999, "_wandb": {"runtime": 2490}}