{"loss": 57132.22265625, "tau": 0.5, "pdiff_z1z2": 0.02733500860631466, "pdiff_z0z3": 0.027853745967149734, "pdiff_z0z1": 0.1638840138912201, "pdiff_z0z2": 0.15809045732021332, "kl_z0": 111.78800964355469, "kl_z1": 112.00576782226562, "kl_a_z0": 82.01224517822266, "kl_a_z1": 91.4979019165039, "kl_z1z2": 9.473077774047852, "kl_z0z3": 9.365304946899414, "x0y0": 1454.9898681640625, "x1y1": 1384.4351806640625, "x0y3": 12438.9580078125, "x1y2": 14364.9443359375, "elbo": 9033.90625, "epoch": 1199, "_timestamp": 1701160248.26006, "_runtime": 2851.276568174362, "_step": 1199, "_wandb": {"runtime": 2850}}