{"loss": {"min": 434883.1875}, "tau": {"min": 0.6323681473731995}, "mean_of_cosine_distances": 0.004000000189989805, "norm_mean_of_cosine_distances": 395.4154968261719, "pdiff_z1z2": {"min": 0.13189084827899933}, "pdiff_z0z3": {"min": 0.1325245052576065}, "pdiff_z0z1": {"min": 0.10489613562822342}, "pdiff_z0z2": {"min": 0.07976768165826797}, "kl_z0": {"min": 67.5240249633789}, "kl_z1": {"min": 68.34883880615234}, "kl_a_z0": {"min": 229.11459350585938}, "kl_a_z1": {"min": 232.96446228027344}, "kl_z1z2": {"min": 41.511173248291016}, "kl_z0z3": {"min": 41.36997985839844}, "x0y0": {"min": 8807.93359375}, "x1y1": {"min": 8192.763671875}, "x0y3": {"min": 823.008544921875}, "x1y2": {"min": 669.3990478515625}, "elbo": {"min": 14254.283203125}, "epoch": 899, "_timestamp": 1700177227.3667536, "_runtime": 2760.0068395137787, "_step": 899, "_wandb": {"runtime": 2764}}