{"loss": 12126.7470703125, "tau": 0.5023078918457031, "pdiff_z1z2": 0.0337800495326519, "pdiff_z0z3": 0.034076280891895294, "pdiff_z0z1": 0.09477634727954865, "pdiff_z0z2": 0.07737980037927628, "kl_z0": 59.22034454345703, "kl_z1": 59.34071731567383, "kl_a_z0": 46.49790573120117, "kl_a_z1": 55.31433868408203, "kl_z1z2": 16.663480758666992, "kl_z0z3": 16.310392379760742, "x0y0": 273.73626708984375, "x1y1": 264.92730712890625, "x0y3": 5332.0927734375, "x1y2": 6010.18505859375, "elbo": 3357.99755859375, "epoch": 999, "_timestamp": 1700663515.4734943, "_runtime": 2725.619888305664, "_step": 999, "_wandb": {"runtime": 2724}}