{"loss": 4229.560546875, "tau": 0.5, "pdiff_z1z2": 0.046384792774915695, "pdiff_z0z3": 0.04660402610898018, "pdiff_z0z1": 0.07098309695720673, "pdiff_z0z2": 0.04926386848092079, "kl_z0": 66.54666137695312, "kl_z1": 66.79533386230469, "kl_a_z0": 53.16047668457031, "kl_a_z1": 55.344608306884766, "kl_z1z2": 22.858354568481445, "kl_z0z3": 22.73736000061035, "x0y0": 286.6051025390625, "x1y1": 260.4861145019531, "x0y3": 3921.491943359375, "x1y2": 3912.054931640625, "elbo": 2501.02783203125, "epoch": 1199, "_timestamp": 1701137256.1112914, "_runtime": 2863.7080624103546, "_step": 1199, "_wandb": {"runtime": 2863}}