{"loss": 52381.98828125, "tau": 0.5, "pdiff_z1z2": 0.013165169395506382, "pdiff_z0z3": 0.012777324765920639, "pdiff_z0z1": 0.1378668248653412, "pdiff_z0z2": 0.13613229990005493, "kl_z0": 284.6707763671875, "kl_z1": 283.13995361328125, "kl_a_z0": 64.36873626708984, "kl_a_z1": 132.1861572265625, "kl_z1z2": 9.044222831726074, "kl_z0z3": 8.98489761352539, "x0y0": 601.8804321289062, "x1y1": 514.5206298828125, "x0y3": 6375.58984375, "x1y2": 7762.630859375, "elbo": 4758.5458984375, "epoch": 1199, "_timestamp": 1701104622.8115652, "_runtime": 3041.982859134674, "_step": 1199, "_wandb": {"runtime": 3041}}