{"loss": {"min": 499175.125}, "tau": {"min": 0.5}, "pdiff_z1z2": {"min": 0.05812310799956322}, "pdiff_z0z3": {"min": 0.05829456448554993}, "pdiff_z0z1": {"min": 0.10737408697605133}, "pdiff_z0z2": {"min": 0.0736168697476387}, "kl_z0": {"min": 195.29840087890625}, "kl_z1": {"min": 195.26791381835938}, "kl_z1z2": {"min": 54.286277770996094}, "kl_z0z3": {"min": 54.318145751953125}, "x0y0": {"min": 317.6891174316406}, "x1y1": {"min": 299.1011657714844}, "x0y3": {"min": 2817.16259765625}, "x1y2": {"min": 2654.305908203125}, "elbo": {"min": 2220.7099609375}, "epoch": 1099, "_timestamp": 1700408759.1105473, "_runtime": 3555.1484591960907, "_step": 1099, "_wandb": {"runtime": 3557}}