{"loss": 3940.814208984375, "tau": 0.5, "pdiff_z1z2": 0.06263529509305954, "pdiff_z0z3": 0.06328950822353363, "pdiff_z0z1": 0.10056351870298386, "pdiff_z0z2": 0.0951254665851593, "kl_z0": 58.75519561767578, "kl_z1": 59.32421875, "kl_a_z0": 68.5807113647461, "kl_a_z1": 82.12100219726562, "kl_z1z2": 13.325535774230957, "kl_z0z3": 13.457527160644531, "x0y0": 492.8410339355469, "x1y1": 432.6991271972656, "x0y3": 4880.05615234375, "x1y2": 4890.71240234375, "elbo": 3277.93359375, "epoch": 1199, "_timestamp": 1701285607.2899582, "_runtime": 2790.6779103279114, "_step": 1199, "_wandb": {"runtime": 2789}}